clientSeconds,workingSetBytes,privateBytes,cpuSeconds,handles,threads,gpuBusyPercent,gpu3DPercent,gpuVideoDecodePercent,gpuVideoEncodePercent,gpuVideoProcessingPercent,gpuCopyPercent,gpuDedicatedBytes,gpuSharedBytes
4.21,1510440960,1582944256,4.9375,1392,84,,,,,,,,
4.379,1513951232,1585102848,5.0625,1392,84,,,,,,,,
4.488,1515687936,1586606080,5.265625,1392,84,,,,,,,,
4.613,1518686208,1552039936,5.390625,1392,84,,,,,,,,
4.72,1520484352,1553555456,5.578125,1392,84,,,,,,,,
4.829,1522544640,1555881984,5.65625,1392,84,,,,,,,,
4.938,1518424064,1551626240,5.8125,1392,84,,,,,,,,
5.047,1520467968,1553727488,5.9375,1392,84,,,,,,,,
5.158,1523994624,1557864448,6.046875,1392,84,,,,,,,,
5.267,1526898688,1560682496,6.15625,1392,84,,,,,,,,
5.376,1529454592,1563123712,6.21875,1392,84,,,,,,,,
5.495,1530925056,1565163520,6.359375,1392,84,,,,,,,,
5.607,1526267904,1560317952,6.515625,1392,84,,,,,,,,
5.716,1528102912,1562296320,6.640625,1392,84,,,,,,,,
5.827,1510277120,1543503872,6.765625,1392,84,,,,,,,,
5.934,1498779648,1538289664,6.9375,1392,84,,,,,,,,
6.041,1500594176,1538588672,7.015625,1392,83,,,,,,,,
6.151,1502814208,1540370432,7.125,1392,83,,,,,,,,
6.273,1504964608,1542205440,7.25,1392,83,,,,,,,,
6.399,1500561408,1536417792,7.390625,1390,82,,,,,,,,
6.518,1502986240,1538670592,7.5,1390,82,,,,,,,,
6.627,1505353728,1539796992,7.640625,1390,82,,,,,,,,
6.738,1507782656,1542230016,7.796875,1390,82,,,,,,,,
6.845,1510461440,1544192000,7.953125,1390,82,,,,,,,,
6.957,1505746944,1538936832,8.078125,1390,82,,,,,,,,
7.066,1507565568,1540026368,8.25,1390,82,,,,,,,,
7.193,1512976384,1545293824,8.34375,1390,82,,,,,,,,
7.319,1515724800,1547796480,8.484375,1390,82,,,,,,,,
7.442,1517809664,1549103104,8.640625,1390,82,,,,,,,,
7.567,1473654784,1496190976,8.796875,1390,82,,,,,,,,
7.691,1476870144,1499353088,8.875,1390,82,,,,,,,,
7.814,1472098304,1494347776,9.03125,1390,82,,,,,,,,
7.938,1477660672,1500708864,9.140625,1391,83,,,,,,,,
8.048,1479876608,1502941184,9.28125,1391,83,,,,,,,,
8.155,1481785344,1504915456,9.390625,1391,83,,,,,,,,
8.266,1483759616,1506893824,9.5,1391,83,,,,,,,,
8.391,1468383232,1493291008,9.703125,1391,83,,,,,,,,
8.498,1463607296,1488273408,9.796875,1391,83,,,,,,,,
8.624,1466138624,1491124224,9.96875,1391,83,,,,,,,,
8.746,1467850752,1492799488,10.046875,1391,83,,,,,,,,
8.872,1471160320,1496109056,10.203125,1391,83,,,,,,,,
8.993,1472913408,1497575424,10.359375,1391,83,,,,,,,,
9.119,1468948480,1494237184,10.59375,1391,83,,,,,,,,
9.238,1472458752,1496993792,10.71875,1391,83,,,,,,,,
9.348,1473753088,1498021888,10.890625,1391,83,,,,,,,,
9.473,1476046848,1500893184,11,1391,83,,,,,,,,
9.595,1477976064,1502457856,11.25,1391,83,,,,,,,,
9.706,1480810496,1505492992,11.390625,1391,83,,,,,,,,
9.829,1484824576,1507692544,11.578125,1391,83,,,,,,,,
9.939,1480105984,1502842880,11.671875,1391,83,,,,,,,,
10.062,1482129408,1504903168,11.84375,1391,83,,,,,,,,
10.186,1485418496,1508597760,12.015625,1391,83,,,,,,,,
10.311,1487601664,1510973440,12.21875,1391,83,,,,,,,,
10.436,1469116416,1492467712,12.3125,1391,83,,,,,,,,
10.545,1471184896,1495273472,12.46875,1391,83,,,,,,,,
10.656,1466941440,1492369408,12.578125,1391,83,,,,,,,,
10.763,1468878848,1494409216,12.65625,1391,83,,,,,,,,
10.873,1472114688,1497100288,12.796875,1391,83,,,,,,,,
10.984,1474400256,1499308032,12.875,1391,83,,,,,,,,
11.107,1478692864,1504038912,13.03125,1391,83,,,,,,,,
11.232,1475719168,1501327360,13.125,1391,83,,,,,,,,
11.357,1478098944,1502404608,13.3125,1391,83,,,,,,,,
11.464,1480192000,1504145408,13.421875,1391,83,,,,,,,,
11.575,1482346496,1506516992,13.546875,1391,83,,,,,,,,
11.686,1484615680,1508769792,13.609375,1391,83,,,,,,,,
11.793,1486155776,1510146048,13.765625,1391,83,,,,,,,,
11.905,1488691200,1512157184,13.859375,1391,83,,,,,,,,
12.015,1483489280,1506787328,13.9375,1391,83,,,,,,,,
12.126,1485283328,1508720640,14.125,1391,83,,,,,,,,
12.235,1487290368,1510756352,14.234375,1391,83,,,,,,,,
12.358,1468887040,1491886080,14.40625,1391,83,,,,,,,,
12.468,1471893504,1495105536,14.5,1391,83,,,,,,,,
12.576,1473794048,1497034752,14.671875,1391,83,,,,,,,,
12.691,1469366272,1493000192,14.75,1391,83,,,,,,,,
12.809,1471639552,1494679552,14.9375,1391,83,,,,,,,,
12.922,1473888256,1496969216,15.046875,1390,82,,,,,,,,
13.029,1476083712,1498791936,15.15625,1390,82,,,,,,,,
13.14,1478410240,1501229056,15.328125,1390,82,,,,,,,,
13.249,1481072640,1503834112,15.421875,1390,82,,,,,,,,
13.357,1476194304,1499185152,15.46875,1390,82,,,,,,,,
13.468,1478176768,1500655616,15.5,1390,82,,,,,,,,
13.576,1480294400,1502928896,15.640625,1390,82,,,,,,,,
13.702,1483018240,1505599488,15.75,1390,82,,,,,,,,
13.822,1485783040,1508761600,15.96875,1390,82,,,,,,,,
13.946,1488629760,1513140224,15.984375,1391,83,,,,,,,,
14.071,1483673600,1507876864,16.09375,1391,83,,,,,,,,
14.193,1485721600,1509855232,16.265625,1391,83,,,,,,,,
14.32,1487253504,1510948864,16.453125,1391,83,,,,,,,,
14.441,1470365696,1493233664,16.578125,1391,83,,,,,,,,
14.551,1472495616,1495162880,16.703125,1391,83,,,,,,,,
14.674,1475260416,1498226688,16.796875,1391,83,,,,,,,,
14.798,1470947328,1494081536,16.984375,1391,83,,,,,,,,
14.909,1473376256,1496408064,17.078125,1391,83,,,,,,,,
15.036,1475092480,1498263552,17.203125,1391,83,,,,,,,,
15.156,1478254592,1501732864,17.359375,1391,83,,,,,,,,
15.268,1479446528,1502785536,17.453125,1391,83,,,,,,,,
15.391,1481957376,1505144832,17.75,1391,83,,,,,,,,
15.5,1477144576,1500979200,17.859375,1391,83,,,,,,,,
15.62,1479155712,1502240768,18.046875,1391,83,,,,,,,,
15.744,1481478144,1504346112,18.109375,1391,83,,,,,,,,
15.87,1504751616,2048708608,18.328125,1416,89,,,,,,,,
15.996,2181058560,2234277888,18.4375,1419,89,,,,,,,,
16.113,2305347584,2362744832,18.78125,1427,90,,,,,,,,
16.239,2307108864,2364715008,18.90625,1427,90,,,,,,,,
16.364,2308853760,2365272064,19.03125,1427,90,,,,,,,,
16.488,2292809728,2347450368,19.15625,1427,90,,,,,,,,
16.605,2288635904,2343620608,19.265625,1427,90,,,,,,,,
16.722,2290434048,2344738816,19.3125,1427,90,,,,,,,,
16.856,1633300480,1660051456,19.53125,1421,90,,,,,,,,
16.967,1575055360,1600917504,19.703125,1415,87,,,,,,,,
17.075,1577189376,1603051520,19.796875,1415,87,,,,,,,,
17.188,1580326912,1606615040,19.875,1415,87,,,,,,,,
17.298,1575530496,1601282048,20.015625,1415,87,,,,,,,,
17.42,1577902080,1603649536,20.171875,1415,87,,,,,,,,
17.53,1580118016,1605955584,20.296875,1415,87,,,,,,,,
17.655,1583054848,1608708096,20.453125,1415,87,,,,,,,,
17.776,1585614848,1611837440,20.59375,1415,87,,,,,,,,
17.89,1583271936,1609900032,20.78125,1415,87,,,,,,,,
17.997,1585606656,1611616256,20.921875,1415,87,,,,,,,,
18.118,1587924992,1614688256,21.171875,1415,87,,,,,,,,
18.229,1589411840,1616326656,21.25,1415,87,,,,,,,,
18.353,1591447552,1617993728,21.53125,1415,87,,,,,,,,
18.479,1573081088,1598164992,21.65625,1415,87,,,,,,,,
18.604,1568722944,1594302464,21.828125,1415,87,,,,,,,,
18.73,1570840576,1596485632,21.953125,1415,87,,,,,,,,
18.841,1572827136,1597943808,22.140625,1415,87,,,,,,,,
18.962,1574830080,1599410176,22.234375,1414,86,,,,,,,,
19.089,1577459712,1601703936,22.375,1414,86,,,,,,,,
19.212,1579954176,1605246976,22.46875,1414,86,,,,,,,,
19.336,1575915520,1601466368,22.625,1414,86,,,,,,,,
19.46,1578086400,1603444736,22.71875,1414,86,,,,,,,,
19.58,1580249088,1605672960,22.875,1414,86,,,,,,,,
19.689,1582452736,1607962624,22.984375,1414,86,,,,,,,,
19.797,1583804416,1609318400,23.109375,1414,86,,,,,,,,
19.907,1587834880,1613258752,23.15625,1414,86,,,,,,,,
20.016,1583218688,1609420800,23.25,1414,86,,,,,,,,
20.127,1585172480,1611091968,23.390625,1414,86,,,,,,,,
20.235,1586855936,1612492800,23.46875,1414,86,,,,,,,,
20.346,1589223424,1615912960,23.609375,1414,86,,,,,,,,
20.455,1572032512,1596583936,23.765625,1414,86,,,,,,,,
20.563,1573838848,1599021056,23.890625,1414,86,,,,,,,,
20.672,1569140736,1595088896,24.046875,1414,86,,,,,,,,
20.783,1570910208,1596436480,24.25,1414,86,,,,,,,,
20.905,1861042176,2179575808,24.453125,1435,92,,,,,,,,
21.031,2298126336,2359341056,24.609375,1437,92,,,,,,,,
21.154,2317680640,2373472256,24.6875,1435,92,,,,,,,,
21.263,2319556608,2374991872,24.78125,1435,92,,,,,,,,
21.371,2321625088,2376712192,24.90625,1435,92,,,,,,,,
21.495,2323759104,2378514432,25.0625,1435,92,,,,,,,,
21.617,2325905408,2380664832,25.203125,1435,92,,,,,,,,
21.745,2328412160,2381955072,25.34375,1435,92,,,,,,,,
21.869,1584574464,1631293440,25.53125,1415,87,,,,,,,,
21.994,1586319360,1632808960,25.5625,1415,87,,,,,,,,
22.119,1587220480,1633980416,25.640625,1415,87,,,,,,,,
22.242,1588969472,1635835904,25.703125,1415,87,,,,,,,,
22.369,1590493184,1637036032,25.875,1415,87,,,,,,,,
22.493,1571966976,1616211968,26.046875,1415,87,,,,,,,,
22.617,1567805440,1611812864,26.234375,1415,87,,,,,,,,
22.739,1569902592,1614176256,26.3125,1415,87,,,,,,,,
22.852,1572982784,1617805312,26.484375,1415,87,,,,,,,,
22.977,1575301120,1619320832,26.609375,1415,87,,,,,,,,
23.102,1577852928,1622044672,26.75,1415,87,,,,,,,,
23.226,1572937728,1617838080,26.84375,1415,87,,,,,,,,
23.35,1575161856,1620004864,27.0625,1415,87,,,,,,,,
23.473,1577562112,1622970368,27.15625,1415,87,,,,,,,,
23.597,1579540480,1624248320,27.328125,1415,87,,,,,,,,
23.703,1581654016,1626374144,27.421875,1415,87,,,,,,,,
23.815,1583202304,1628078080,27.546875,1415,87,,,,,,,,
23.923,1579921408,1624731648,27.640625,1415,87,,,,,,,,
24.033,1581744128,1626636288,27.75,1415,87,,,,,,,,
24.14,1583878144,1628192768,27.890625,1415,87,,,,,,,,
24.25,1585897472,1629921280,28,1415,87,,,,,,,,
24.37,1587650560,1632452608,28.125,1415,87,,,,,,,,
24.482,1568530432,1612636160,28.21875,1415,87,,,,,,,,
24.604,1564491776,1609928704,28.4375,1415,87,,,,,,,,
24.727,1566937088,1611800576,28.515625,1415,87,,,,,,,,
24.852,1567571968,1600212992,28.703125,1415,87,,,,,,,,
24.976,1569873920,1602195456,28.78125,1415,87,,,,,,,,
25.102,1572577280,1605398528,28.9375,1415,87,,,,,,,,
25.224,1575051264,1607970816,29.078125,1415,87,,,,,,,,
25.347,1570725888,1604038656,29.328125,1415,87,,,,,,,,
25.454,1573232640,1606668288,29.421875,1415,87,,,,,,,,
25.567,1575227392,1608450048,29.640625,1415,87,,,,,,,,
25.69,1577402368,1610727424,29.8125,1415,87,,,,,,,,
25.812,1579909120,1612840960,29.953125,1415,87,,,,,,,,
25.921,2123034624,2184306688,30.15625,1433,92,,,,,,,,
26.033,2241417216,2328489984,30.296875,1449,108,,,,,,,,
26.157,2329010176,2385399808,30.484375,1433,92,,,,,,,,
26.265,2331414528,2386538496,30.625,1433,92,,,,,,,,
26.375,2332827648,2387652608,30.78125,1433,92,,,,,,,,
26.483,2312486912,2365403136,30.890625,1433,92,,,,,,,,
26.593,2308968448,2361999360,31.046875,1433,92,,,,,,,,
26.702,2311118848,2363944960,31.109375,1433,92,,,,,,,,
26.812,2313363456,2366791680,31.21875,1433,92,,,,,,,,
26.922,1577107456,1621336064,31.359375,1413,87,,,,,,,,
27.032,1580154880,1624788992,31.421875,1413,87,,,,,,,,
27.155,1581973504,1626734592,31.515625,1413,87,,,,,,,,
27.266,1577889792,1623031808,31.625,1413,87,,,,,,,,
27.391,1580470272,1625198592,31.796875,1413,87,,,,,,,,
27.513,1582841856,1627668480,31.921875,1413,87,,,,,,,,
27.624,1585491968,1630220288,32.03125,1413,87,,,,,,,,
27.745,1588301824,1633693696,32.140625,1413,87,,,,,,,,
27.855,1591365632,1636429824,32.328125,1413,87,,,,,,,,
27.965,1586737152,1631666176,32.4375,1413,87,,,,,,,,
28.09,1589608448,1635237888,32.59375,1413,87,,,,,,,,
28.211,1591549952,1641721856,32.703125,1413,87,,,,,,,,
28.339,1594122240,1644527616,32.859375,1413,87,,,,,,,,
28.461,1576230912,1621389312,33,1413,87,,,,,,,,
28.587,1578778624,1624215552,33.140625,1413,87,,,,,,,,
28.709,1574326272,1619697664,33.234375,1413,87,,,,,,,,
28.836,1576407040,1622085632,33.421875,1413,87,,,,,,,,
28.959,1579274240,1624891392,33.546875,1413,87,,,,,,,,
29.084,1582067712,1627799552,33.734375,1413,87,,,,,,,,
29.212,1584218112,1629831168,33.796875,1413,87,,,,,,,,
29.334,1579642880,1625767936,33.984375,1413,87,,,,,,,,
29.457,1581568000,1627209728,34.078125,1413,87,,,,,,,,
29.583,1583951872,1629372416,34.234375,1413,87,,,,,,,,
29.704,1586196480,1632215040,34.375,1413,87,,,,,,,,
29.817,1588027392,1634525184,34.515625,1413,87,,,,,,,,
29.942,1590464512,1617113088,34.59375,1413,87,,,,,,,,
30.051,1585913856,1613127680,34.6875,1413,87,,,,,,,,
30.176,1588813824,1616117760,34.765625,1413,87,,,,,,,,
30.304,1590992896,1618866176,34.921875,1413,87,,,,,,,,
30.425,1592901632,1621512192,35.109375,1413,87,,,,,,,,
30.552,1575264256,1600548864,35.234375,1413,87,,,,,,,,
30.675,1577394176,1602650112,35.34375,1413,87,,,,,,,,
30.8,1572749312,1598795776,35.484375,1413,87,,,,,,,,
30.925,2139353088,2197749760,35.671875,1432,91,,,,,,,,
31.048,2274140160,2332823552,35.890625,1439,94,,,,,,,,
31.161,2327072768,2385338368,36.046875,1439,94,,,,,,,,
31.268,2329350144,2387337216,36.125,1439,94,,,,,,,,
31.376,2324881408,2383052800,36.28125,1439,94,,,,,,,,
31.501,2327416832,2386010112,36.359375,1439,94,,,,,,,,
31.609,2329550848,2387664896,36.453125,1439,94,,,,,,,,
31.733,2331897856,2389393408,36.546875,1439,94,,,,,,,,
31.857,1599078400,1646911488,36.78125,1427,91,,,,,,,,
31.966,1594322944,1642471424,36.859375,1411,89,,,,,,,,
32.105,1596203008,1643827200,37.078125,1411,89,,,,,,,,
32.23,1596502016,1644658688,37.171875,1411,89,,,,,,,,
32.355,1598795776,1647325184,37.34375,1411,89,,,,,,,,
32.478,1574219776,1619894272,37.515625,1411,89,,,,,,,,
32.604,1577234432,1623212032,37.65625,1411,89,,,,,,,,
32.726,1573183488,1619742720,37.734375,1411,89,,,,,,,,
32.849,1576382464,1622392832,37.953125,1411,89,,,,,,,,
32.977,1578971136,1625526272,38.046875,1411,89,,,,,,,,
33.101,1582030848,1627934720,38.28125,1411,89,,,,,,,,
33.228,1584259072,1630343168,38.390625,1411,89,,,,,,,,
33.354,1586515968,1632927744,38.546875,1411,89,,,,,,,,
33.476,1582096384,1628413952,38.609375,1411,89,,,,,,,,
33.602,1584467968,1630789632,38.78125,1411,89,,,,,,,,
33.726,1586860032,1632960512,38.96875,1411,89,,,,,,,,
33.852,1591152640,1637294080,39.125,1411,89,,,,,,,,
33.974,1593483264,1640222720,39.1875,1411,89,,,,,,,,
34.1,1589637120,1636831232,39.390625,1411,89,,,,,,,,
34.222,1591787520,1639370752,39.46875,1411,89,,,,,,,,
34.347,1594269696,1642455040,39.578125,1411,89,,,,,,,,
34.469,1575653376,1621540864,39.65625,1411,89,,,,,,,,
34.578,1578160128,1624109056,39.875,1411,89,,,,,,,,
34.688,1580277760,1626173440,40,1411,89,,,,,,,,
34.806,1573826560,1607491584,40.109375,1411,89,,,,,,,,
34.933,1576910848,1610014720,40.296875,1411,89,,,,,,,,
35.055,1579515904,1612619776,40.484375,1411,89,,,,,,,,
35.179,1583902720,1617833984,40.546875,1411,89,,,,,,,,
35.304,1585512448,1619689472,40.6875,1411,89,,,,,,,,
35.427,1587658752,1621495808,40.71875,1411,89,,,,,,,,
35.555,1583267840,1616941056,40.875,1411,89,,,,,,,,
35.68,1585336320,1619017728,40.953125,1411,89,,,,,,,,
35.804,1587740672,1621151744,41.125,1411,89,,,,,,,,
35.926,2202132480,2282381312,41.234375,1431,94,,,,,,,,
36.052,2355748864,2459549696,41.34375,1429,92,,,,,,,,
36.176,2335744000,2388373504,41.453125,1429,92,,,,,,,,
36.299,2337435648,2390302720,41.515625,1429,92,,,,,,,,
36.409,2322960384,2375716864,41.5625,1429,92,,,,,,,,
36.536,2324983808,2378178560,41.65625,1429,92,,,,,,,,
36.659,2327322624,2379689984,41.84375,1429,92,,,,,,,,
36.782,2322792448,2376081408,42,1429,92,,,,,,,,
36.891,1572974592,1600692224,42.21875,1409,87,,,,,,,,
37.003,1575256064,1603231744,42.234375,1409,87,,,,,,,,
37.108,1578930176,1606451200,42.328125,1409,87,,,,,,,,
37.22,1580240896,1607933952,42.46875,1409,87,,,,,,,,
37.343,1576345600,1604513792,42.625,1409,87,,,,,,,,
37.469,1579253760,1607401472,42.734375,1409,87,,,,,,,,
37.591,1581993984,1610170368,42.921875,1409,87,,,,,,,,
37.697,1583960064,1612132352,43.015625,1409,87,,,,,,,,
37.808,1586745344,1614802944,43.125,1409,87,,,,,,,,
37.929,1591578624,1619996672,43.203125,1409,87,,,,,,,,
38.055,1587113984,1617661952,43.3125,1409,87,,,,,,,,
38.184,1589866496,1621114880,43.453125,1409,87,,,,,,,,
38.306,1592250368,1622126592,43.578125,1409,87,,,,,,,,
38.431,1569173504,1592508416,43.765625,1409,87,,,,,,,,
38.554,1571131392,1594982400,43.875,1409,87,,,,,,,,
38.678,1573244928,1597149184,44.078125,1409,87,,,,,,,,
38.805,1568866304,1593647104,44.296875,1409,87,,,,,,,,
38.929,1570955264,1595740160,44.40625,1409,87,,,,,,,,
39.053,1573134336,1597857792,44.53125,1409,87,,,,,,,,
39.177,1576976384,1601552384,44.703125,1409,87,,,,,,,,
39.305,1578782720,1603854336,44.859375,1409,87,,,,,,,,
39.429,1574719488,1599561728,45.0625,1409,87,,,,,,,,
39.552,1577299968,1602056192,45.203125,1409,87,,,,,,,,
39.677,1579814912,1604718592,45.359375,1409,87,,,,,,,,
39.804,1581527040,1606942720,45.46875,1409,87,,,,,,,,
39.923,1585610752,1610797056,45.59375,1409,87,,,,,,,,
40.035,1587912704,1613959168,45.75,1409,87,,,,,,,,
40.16,1583382528,1610895360,45.90625,1409,87,,,,,,,,
40.284,1585651712,1614286848,46.03125,1409,87,,,,,,,,
40.408,1587793920,1616728064,46.15625,1409,87,,,,,,,,
40.533,1568882688,1593135104,46.3125,1409,87,,,,,,,,
40.642,1571295232,1595392000,46.484375,1410,87,,,,,,,,
40.751,1573376000,1597452288,46.5625,1409,87,,,,,,,,
40.861,1572945920,1598554112,46.6875,1422,92,,,,,,,,
40.985,2209955840,2285838336,46.78125,1426,91,,,,,,,,
41.112,2326024192,2384367616,47.109375,1428,93,,,,,,,,
41.222,2320650240,2380111872,47.21875,1428,93,,,,,,,,
41.332,2322563072,2381680640,47.390625,1428,93,,,,,,,,
41.438,2324811776,2383908864,47.484375,1428,93,,,,,,,,
41.548,2326712320,2386526208,47.609375,1428,93,,,,,,,,
41.659,2329104384,2387910656,47.734375,1428,93,,,,,,,,
41.784,2331963392,2391228416,47.875,1428,93,,,,,,,,
41.893,1596542976,1644511232,48.03125,1408,88,,,,,,,,
42.004,1598656512,1647943680,48.125,1408,88,,,,,,,,
42.113,1600188416,1649496064,48.140625,1408,88,,,,,,,,
42.224,1601974272,1651400704,48.296875,1408,88,,,,,,,,
42.347,1603833856,1654919168,48.53125,1408,88,,,,,,,,
42.457,1578205184,1626329088,48.65625,1408,88,,,,,,,,
42.58,1580187648,1627725824,48.8125,1408,88,,,,,,,,
42.694,1582252032,1629777920,48.90625,1408,88,,,,,,,,
42.815,1583820800,1631268864,49.015625,1408,88,,,,,,,,
42.939,1586929664,1634807808,49.125,1408,88,,,,,,,,
43.064,1589121024,1636904960,49.296875,1408,88,,,,,,,,
43.188,1585385472,1633497088,49.375,1408,88,,,,,,,,
43.309,1586995200,1634799616,49.46875,1408,88,,,,,,,,
43.422,1589018624,1636798464,49.546875,1408,88,,,,,,,,
43.546,1591631872,1639186432,49.671875,1408,88,,,,,,,,
43.656,1593884672,1641693184,49.828125,1408,88,,,,,,,,
43.766,1596092416,1643876352,49.953125,1408,88,,,,,,,,
43.889,1593614336,1642102784,50.140625,1408,88,,,,,,,,
43.997,1595215872,1643532288,50.28125,1408,88,,,,,,,,
44.109,1597124608,1645322240,50.484375,1408,88,,,,,,,,
44.232,1598619648,1646694400,50.59375,1408,88,,,,,,,,
44.342,1600651264,1648799744,50.78125,1408,88,,,,,,,,
44.467,1581576192,1628667904,50.890625,1408,88,,,,,,,,
44.576,1583673344,1630310400,51.03125,1408,88,,,,,,,,
44.685,1579216896,1626107904,51.0625,1408,88,,,,,,,,
44.806,1581805568,1628872704,51.171875,1408,88,,,,,,,,
44.932,1581240320,1609527296,51.34375,1408,88,,,,,,,,
45.058,1583616000,1611915264,51.546875,1408,88,,,,,,,,
45.182,1587097600,1615630336,51.734375,1408,88,,,,,,,,
45.306,1589112832,1618038784,51.90625,1408,88,,,,,,,,
45.434,1584873472,1614348288,52.09375,1408,88,,,,,,,,
45.557,1587347456,1616166912,52.234375,1408,88,,,,,,,,
45.679,1589919744,1619001344,52.34375,1408,88,,,,,,,,
45.805,1592586240,1621323776,52.53125,1408,88,,,,,,,,
45.928,2171727872,2250670080,52.625,1426,93,,,,,,,,
46.051,2342830080,2397904896,52.75,1426,92,,,,,,,,
46.177,2312716288,2366939136,52.8125,1422,91,,,,,,,,
46.302,2314412032,2367758336,52.9375,1422,91,,,,,,,,
46.423,2298359808,2350604288,53.03125,1422,91,,,,,,,,
46.535,2299699200,2351616000,53.171875,1422,91,,,,,,,,
46.658,2294554624,2346811392,53.28125,1422,91,,,,,,,,
46.783,2296709120,2350329856,53.421875,1423,92,,,,,,,,
46.891,1566736384,1613398016,53.578125,1403,87,,,,,,,,
47.001,1568862208,1615675392,53.625,1403,87,,,,,,,,
47.11,1571090432,1618227200,53.8125,1403,87,,,,,,,,
47.22,1567301632,1614245888,53.921875,1403,87,,,,,,,,
47.326,1569325056,1616408576,54.125,1403,87,,,,,,,,
47.44,1571749888,1618784256,54.25,1403,87,,,,,,,,
47.562,1574039552,1621282816,54.4375,1403,87,,,,,,,,
47.671,1576468480,1623945216,54.5625,1403,87,,,,,,,,
47.794,1578987520,1626443776,54.671875,1403,87,,,,,,,,
47.902,1576431616,1624694784,54.78125,1403,87,,,,,,,,
48.013,1578500096,1626828800,54.890625,1403,87,,,,,,,,
48.136,1580498944,1630076928,55.078125,1403,87,,,,,,,,
48.26,1582731264,1631539200,55.15625,1403,87,,,,,,,,
48.38,1584836608,1636323328,55.421875,1403,87,,,,,,,,
48.487,1563951104,1609039872,55.5625,1403,87,,,,,,,,
48.602,1566150656,1610858496,55.71875,1403,87,,,,,,,,
48.724,1561329664,1606033408,55.78125,1403,87,,,,,,,,
48.848,1564135424,1609285632,55.953125,1403,87,,,,,,,,
48.973,1566863360,1612029952,56.078125,1403,87,,,,,,,,
49.082,1568763904,1613721600,56.28125,1403,87,,,,,,,,
49.192,1571614720,1617072128,56.40625,1403,87,,,,,,,,
49.318,1574023168,1619013632,56.625,1403,87,,,,,,,,
49.441,1569689600,1614618624,56.734375,1403,87,,,,,,,,
49.567,1572356096,1617686528,56.9375,1403,87,,,,,,,,
49.692,1574862848,1620197376,57.015625,1403,87,,,,,,,,
49.813,1577050112,1602056192,57.203125,1403,87,,,,,,,,
49.937,1581395968,1606381568,57.265625,1403,87,,,,,,,,
50.059,1576861696,1602797568,57.40625,1403,87,,,,,,,,
50.17,1578553344,1604251648,57.484375,1403,87,,,,,,,,
50.294,1580630016,1607249920,57.625,1403,87,,,,,,,,
50.405,1560682496,1585778688,57.765625,1403,87,,,,,,,,
50.515,1563787264,1588920320,57.875,1403,87,,,,,,,,
50.625,1565966336,1590964224,58.046875,1403,87,,,,,,,,
50.734,1561481216,1587302400,58.15625,1403,87,,,,,,,,
50.841,1564688384,1590370304,58.3125,1406,88,,,,,,,,
50.952,2182189056,2261331968,58.5,1424,92,,,,,,,,
51.075,2326167552,2388316160,58.625,1424,92,,,,,,,,
51.185,2328113152,2389516288,58.765625,1424,92,,,,,,,,
51.296,2323398656,2384416768,58.875,1424,92,,,,,,,,
51.42,2325176320,2386124800,59,1424,92,,,,,,,,
51.544,2327629824,2388287488,59.125,1424,92,,,,,,,,
51.654,2329333760,2389336064,59.265625,1424,92,,,,,,,,
51.761,2331123712,2390384640,59.328125,1424,92,,,,,,,,
51.873,1613484032,1665839104,59.390625,1405,86,,,,,,,,
51.998,1608007680,1660116992,59.453125,1405,86,,,,,,,,
52.121,1609318400,1661763584,59.53125,1405,86,,,,,,,,
52.23,1610297344,1662341120,59.625,1405,86,,,,,,,,
52.355,1611939840,1663926272,59.78125,1405,86,,,,,,,,
52.475,1583960064,1628848128,59.875,1405,86,,,,,,,,
52.603,1579827200,1624731648,60.046875,1405,86,,,,,,,,
52.722,1582018560,1626132480,60.140625,1405,86,,,,,,,,
52.834,1584095232,1628422144,60.328125,1405,86,,,,,,,,
52.96,1586520064,1632243712,60.390625,1406,87,,,,,,,,
53.082,1588510720,1634222080,60.546875,1406,87,,,,,,,,
53.207,1590996992,1636818944,60.625,1406,87,,,,,,,,
53.332,1586999296,1633792000,60.765625,1406,87,,,,,,,,
53.458,1589039104,1635196928,60.828125,1406,87,,,,,,,,
53.582,1590702080,1637183488,61.015625,1406,87,,,,,,,,
53.703,1593647104,1640013824,61.109375,1406,87,,,,,,,,
53.814,1595424768,1641500672,61.28125,1406,87,,,,,,,,
53.939,1598619648,1644978176,61.421875,1406,87,,,,,,,,
54.051,1594122240,1641365504,61.578125,1406,87,,,,,,,,
54.171,1595858944,1643888640,61.671875,1406,87,,,,,,,,
54.295,1598074880,1646092288,61.78125,1406,87,,,,,,,,
54.405,1599787008,1647411200,61.953125,1406,87,,,,,,,,
54.534,1581236224,1626824704,62.078125,1406,87,,,,,,,,
54.655,1583665152,1629118464,62.203125,1406,87,,,,,,,,
54.777,1578803200,1624260608,62.296875,1406,87,,,,,,,,
54.887,1579237376,1605459968,62.4375,1406,87,,,,,,,,
55.012,1581891584,1608605696,62.546875,1406,87,,,,,,,,
55.136,1584836608,1611857920,62.734375,1406,87,,,,,,,,
55.26,1587593216,1615101952,62.84375,1406,87,,,,,,,,
55.385,1590108160,1617600512,63.015625,1406,87,,,,,,,,
55.509,1585475584,1612668928,63.140625,1406,87,,,,,,,,
55.634,1587965952,1615687680,63.359375,1406,87,,,,,,,,
55.761,1590509568,1618108416,63.546875,1406,87,,,,,,,,
55.887,1611710464,2157207552,63.734375,1424,92,,,,,,,,
56.008,2245263360,2296201216,63.8125,1426,92,,,,,,,,
56.136,2334531584,2386661376,64.0625,1426,92,,,,,,,,
56.257,2336391168,2388586496,64.140625,1426,92,,,,,,,,
56.385,2338619392,2390712320,64.390625,1426,92,,,,,,,,
56.508,2322599936,2374283264,64.484375,1426,92,,,,,,,,
56.635,2318446592,2370113536,64.6875,1426,92,,,,,,,,
56.767,2320719872,2372907008,64.8125,1426,92,,,,,,,,
56.884,1582456832,1626488832,64.9375,1408,87,,,,,,,,
57.008,1586327552,1631440896,64.96875,1408,87,,,,,,,,
57.131,1588969472,1633734656,65.09375,1408,87,,,,,,,,
57.256,1585336320,1630429184,65.234375,1408,87,,,,,,,,
57.378,1587699712,1633476608,65.34375,1408,87,,,,,,,,
57.485,1589886976,1635368960,65.453125,1408,87,,,,,,,,
57.597,1592229888,1637801984,65.625,1408,87,,,,,,,,
57.72,1595211776,1640742912,65.734375,1408,87,,,,,,,,
57.831,1597779968,1643442176,65.953125,1408,87,,,,,,,,
57.958,1593528320,1639895040,66.03125,1408,87,,,,,,,,
58.08,1596096512,1643212800,66.171875,1408,87,,,,,,,,
58.204,1598664704,1648701440,66.296875,1408,87,,,,,,,,
58.311,1600032768,1648820224,66.421875,1408,87,,,,,,,,
58.422,1602109440,1651171328,66.53125,1408,87,,,,,,,,
58.546,1583321088,1627566080,66.625,1408,87,,,,,,,,
58.655,1578713088,1623281664,66.734375,1408,87,,,,,,,,
58.778,1580904448,1625346048,66.84375,1408,87,,,,,,,,
58.889,1583927296,1628680192,67,1406,84,,,,,,,,
58.998,1585917952,1630269440,67.078125,1406,84,,,,,,,,
59.121,1588572160,1632940032,67.34375,1406,84,,,,,,,,
59.233,1590886400,1636827136,67.46875,1406,84,,,,,,,,
59.357,1586466816,1631182848,67.59375,1406,84,,,,,,,,
59.468,1588150272,1633222656,67.65625,1406,84,,,,,,,,
59.578,1590046720,1635020800,67.765625,1406,84,,,,,,,,
59.699,1592311808,1636913152,67.84375,1406,84,,,,,,,,
59.81,1594191872,1638608896,67.96875,1406,84,,,,,,,,
59.92,1594773504,1628045312,68.046875,1406,84,,,,,,,,
60.026,1590059008,1624236032,68.15625,1406,84,,,,,,,,
60.138,1592446976,1628426240,68.34375,1406,84,,,,,,,,
60.259,1594675200,1629892608,68.46875,1406,84,,,,,,,,
60.385,1597349888,1632915456,68.59375,1406,84,,,,,,,,
60.509,1578213376,1610039296,68.75,1406,84,,,,,,,,
60.633,1580896256,1612984320,68.9375,1406,84,,,,,,,,
60.756,1577238528,1610248192,69.0625,1406,84,,,,,,,,
60.878,1595752448,2147856384,69.265625,1424,89,,,,,,,,
60.986,2237337600,2292326400,69.3125,1426,89,,,,,,,,
61.098,2322362368,2383872000,69.4375,1426,89,,,,,,,,
61.205,2323820544,2384859136,69.484375,1426,89,,,,,,,,
61.316,2325557248,2385911808,69.65625,1426,89,,,,,,,,
61.424,2327007232,2387046400,69.703125,1426,89,,,,,,,,
61.544,2329358336,2388307968,69.8125,1426,89,,,,,,,,
61.653,2331250688,2389884928,69.921875,1426,89,,,,,,,,
61.759,2333065216,2390736896,70.03125,1426,89,,,,,,,,
61.871,1591889920,1636163584,70.140625,1403,83,,,,,,,,
61.994,1593520128,1637572608,70.1875,1403,83,,,,,,,,
62.119,1594863616,1640169472,70.265625,1403,83,,,,,,,,
62.242,1596035072,1641361408,70.34375,1403,83,,,,,,,,
62.367,1598476288,1645568000,70.5,1403,83,,,,,,,,
62.491,1574260736,1621028864,70.59375,1403,83,,,,,,,,
62.617,1576329216,1622589440,70.765625,1403,83,,,,,,,,
62.739,1578553344,1624727552,70.90625,1403,83,,,,,,,,
62.864,1581232128,1627869184,71.046875,1403,83,,,,,,,,
62.985,1583280128,1629851648,71.140625,1403,83,,,,,,,,
63.099,1585889280,1632587776,71.28125,1403,83,,,,,,,,
63.222,1581649920,1628078080,71.375,1403,83,,,,,,,,
63.329,1583157248,1629704192,71.46875,1403,83,,,,,,,,
63.454,1585508352,1631858688,71.546875,1405,83,,,,,,,,
63.561,1587335168,1633947648,71.71875,1405,83,,,,,,,,
63.675,1589542912,1636225024,71.8125,1405,83,,,,,,,,
63.797,1592365056,1639239680,72,1405,83,,,,,,,,
63.907,1588965376,1637601280,72.109375,1406,84,,,,,,,,
64.031,1591312384,1639710720,72.296875,1406,84,,,,,,,,
64.14,1593090048,1640996864,72.390625,1406,84,,,,,,,,
64.264,1594834944,1643978752,72.46875,1406,84,,,,,,,,
64.369,1596526592,1645555712,72.640625,1406,84,,,,,,,,
64.497,1574436864,1619668992,72.78125,1406,84,,,,,,,,
64.62,1569951744,1616453632,72.953125,1406,84,,,,,,,,
64.744,1572392960,1618255872,73.109375,1406,84,,,,,,,,
64.867,1572204544,1597657088,73.265625,1406,84,,,,,,,,
64.989,1574604800,1599627264,73.375,1406,84,,,,,,,,
65.115,1577041920,1602363392,73.546875,1406,84,,,,,,,,
65.239,1580834816,1607213056,73.65625,1406,84,,,,,,,,
65.364,1576218624,1601994752,73.8125,1406,84,,,,,,,,
65.487,1578483712,1604034560,73.984375,1406,84,,,,,,,,
65.595,1580449792,1606021120,74.140625,1406,84,,,,,,,,
65.716,1582882816,1608425472,74.21875,1406,84,,,,,,,,
65.826,1585995776,1611464704,74.421875,1406,84,,,,,,,,
65.949,2194423808,2275467264,74.5625,1426,89,,,,,,,,
66.074,2364743680,2419097600,74.75,1424,89,,,,,,,,
66.197,2334986240,2389356544,74.796875,1424,89,,,,,,,,
66.319,2337030144,2391277568,74.953125,1424,89,,,,,,,,
66.443,2322640896,2376638464,75.140625,1424,89,,,,,,,,
66.569,2318581760,2373394432,75.359375,1424,89,,,,,,,,
66.692,2320207872,2374668288,75.46875,1424,89,,,,,,,,
66.817,2195152896,2251886592,75.640625,1424,89,,,,,,,,
66.97,1584439296,1609674752,75.765625,1404,84,,,,,,,,
67.092,1580630016,1607110656,75.859375,1404,84,,,,,,,,
67.203,1583239168,1609814016,75.90625,1404,84,,,,,,,,
67.313,1585745920,1612267520,76.078125,1404,84,,,,,,,,
67.438,1588699136,1615630336,76.1875,1404,84,,,,,,,,
67.546,1590788096,1617801216,76.34375,1404,84,,,,,,,,
67.654,1593237504,1620508672,76.5,1404,84,,,,,,,,
67.765,1588985856,1616695296,76.609375,1404,84,,,,,,,,
67.873,1594179584,1621803008,76.703125,1404,84,,,,,,,,
67.981,1595932672,1625653248,76.734375,1404,84,,,,,,,,
68.104,1597743104,1628483584,76.953125,1404,84,,,,,,,,
68.212,1599463424,1631133696,77.0625,1404,84,,,,,,,,
68.322,1601630208,1634013184,77.1875,1404,84,,,,,,,,
68.434,1593360384,1626374144,77.390625,1404,84,,,,,,,,
68.558,1594769408,1627697152,77.53125,1404,84,,,,,,,,
68.684,1596231680,1628893184,77.671875,1404,84,,,,,,,,
68.804,1597603840,1630121984,77.796875,1404,84,,,,,,,,
68.928,1599377408,1631170560,78.046875,1403,83,,,,,,,,
69.054,1600499712,1632743424,78.203125,1403,83,,,,,,,,
69.173,1596272640,1627987968,78.328125,1403,83,,,,,,,,
69.282,1597214720,1629040640,78.40625,1403,83,,,,,,,,
69.394,1598713856,1630195712,78.578125,1403,83,,,,,,,,
69.505,1599942656,1630863360,78.65625,1403,83,,,,,,,,
69.627,1601212416,1632436224,78.796875,1403,83,,,,,,,,
69.737,1602457600,1633648640,78.890625,1403,83,,,,,,,,
69.848,1598554112,1630523392,79,1404,84,,,,,,,,
69.974,1598951424,1630298112,79.109375,1404,84,,,,,,,,
70.099,1600229376,1631739904,79.3125,1404,84,,,,,,,,
70.221,1601732608,1633181696,79.46875,1404,84,,,,,,,,
70.333,1603137536,1634570240,79.609375,1404,84,,,,,,,,
70.457,1581699072,1607151616,79.75,1404,84,,,,,,,,
70.581,1578160128,1604431872,79.90625,1404,84,,,,,,,,
70.706,1580290048,1606373376,79.984375,1404,84,,,,,,,,
70.826,1582284800,1607954432,80.140625,1404,84,,,,,,,,
70.938,2185183232,2265161728,80.34375,1424,89,,,,,,,,
71.045,2345308160,2460229632,80.53125,1426,89,,,,,,,,
71.149,2324271104,2390986752,80.609375,1426,89,,,,,,,,
71.278,2325356544,2391560192,80.71875,1426,89,,,,,,,,
71.398,2327420928,2393268224,80.859375,1426,89,,,,,,,,
71.523,2329493504,2394894336,80.953125,1426,89,,,,,,,,
71.649,2331230208,2396385280,81.125,1426,89,,,,,,,,
71.772,2290503680,2355171328,81.28125,1426,89,,,,,,,,
71.896,1605505024,1663758336,81.375,1406,84,,,,,,,,
72.023,1606504448,1665429504,81.484375,1406,84,,,,,,,,
72.148,1607438336,1666015232,81.59375,1406,84,,,,,,,,
72.272,1608912896,1667096576,81.71875,1406,84,,,,,,,,
72.393,1602064384,1660518400,81.9375,1406,84,,,,,,,,
72.507,1602854912,1661042688,82.078125,1406,84,,,,,,,,
72.631,1604034560,1662095360,82.265625,1406,84,,,,,,,,
72.754,1605214208,1663672320,82.40625,1406,84,,,,,,,,
72.879,1606938624,1665249280,82.5625,1406,84,,,,,,,,
72.987,1607954432,1666297856,82.6875,1406,84,,,,,,,,
73.099,1602449408,1660522496,82.9375,1406,84,,,,,,,,
73.22,1605120000,1663651840,83.109375,1406,84,,,,,,,,
73.329,1606180864,1664176128,83.296875,1406,84,,,,,,,,
73.438,1607315456,1665228800,83.375,1406,84,,,,,,,,
73.55,1608175616,1666277376,83.5,1406,84,,,,,,,,
73.672,1609224192,1667325952,83.59375,1406,84,,,,,,,,
73.784,1603391488,1661546496,83.765625,1406,84,,,,,,,,
73.892,1604804608,1662599168,83.84375,1406,84,,,,,,,,
74.014,1605611520,1663127552,83.9375,1406,84,,,,,,,,
74.122,1606766592,1664266240,84.140625,1406,84,,,,,,,,
74.234,1607819264,1665335296,84.234375,1406,84,,,,,,,,
74.358,1608888320,1666449408,84.421875,1406,84,,,,,,,,
74.468,1602113536,1659670528,84.5625,1406,84,,,,,,,,
74.591,1603211264,1660194816,84.71875,1406,84,,,,,,,,
74.714,1604575232,1661771776,84.796875,1406,84,,,,,,,,
74.838,1602129920,1637736448,84.9375,1406,84,,,,,,,,
74.966,1603690496,1638256640,85.046875,1405,83,,,,,,,,
75.087,1604681728,1639829504,85.265625,1405,83,,,,,,,,
75.209,1600405504,1635074048,85.34375,1405,83,,,,,,,,
75.334,1601519616,1636126720,85.46875,1405,83,,,,,,,,
75.46,1602641920,1637175296,85.5625,1405,83,,,,,,,,
75.581,1603887104,1638227968,85.765625,1405,83,,,,,,,,
75.689,1604710400,1639276544,85.84375,1405,83,,,,,,,,
75.811,1605705728,1640329216,86.03125,1405,83,,,,,,,,
75.924,2201346048,2287144960,86.15625,1429,90,,,,,,,,
76.049,2375888896,2435465216,86.421875,1429,90,,,,,,,,
76.17,2344898560,2404364288,86.5,1429,90,,,,,,,,
76.286,2346291200,2405412864,86.59375,1429,90,,,,,,,,
76.405,2312511488,2365190144,86.6875,1429,90,,,,,,,,
76.516,2314579968,2367451136,86.8125,1429,90,,,,,,,,
76.636,2317303808,2369855488,87,1429,90,,,,,,,,
76.749,2319204352,2371895296,87.140625,1429,90,,,,,,,,
76.859,1590403072,1640128512,87.265625,1409,85,,,,,,,,
76.983,1586749440,1636917248,87.3125,1409,85,,,,,,,,
77.092,1589243904,1639469056,87.46875,1409,85,,,,,,,,
77.202,1591984128,1642303488,87.515625,1409,85,,,,,,,,
77.309,1593700352,1644855296,87.671875,1409,85,,,,,,,,
77.431,1595998208,1646551040,87.828125,1409,85,,,,,,,,
77.556,1598459904,1649422336,88.109375,1409,85,,,,,,,,
77.684,1601159168,1652006912,88.234375,1409,85,,,,,,,,
77.807,1597308928,1647898624,88.34375,1409,85,,,,,,,,
77.929,1601449984,1652273152,88.453125,1409,85,,,,,,,,
78.052,1603915776,1655439360,88.640625,1409,85,,,,,,,,
78.179,1606270976,1659318272,88.71875,1409,85,,,,,,,,
78.303,1608511488,1662529536,88.8125,1409,85,,,,,,,,
78.427,1576751104,1622659072,88.953125,1409,85,,,,,,,,
78.551,1579728896,1625501696,89.09375,1409,85,,,,,,,,
78.676,1582116864,1628168192,89.234375,1409,85,,,,,,,,
78.785,1584578560,1630658560,89.359375,1409,85,,,,,,,,
78.912,1587712000,1633525760,89.484375,1409,85,,,,,,,,
79.036,1590284288,1636929536,89.609375,1409,85,,,,,,,,
79.148,1586376704,1632350208,89.6875,1409,85,,,,,,,,
79.271,1588637696,1634557952,89.78125,1409,85,,,,,,,,
79.398,1591169024,1637593088,89.890625,1409,85,,,,,,,,
79.519,1594183680,1640415232,90,1409,85,,,,,,,,
79.625,1596370944,1642594304,90.109375,1409,85,,,,,,,,
79.738,1598529536,1644994560,90.234375,1409,85,,,,,,,,
79.859,1596203008,1642565632,90.40625,1409,85,,,,,,,,
79.969,1593700352,1627357184,90.5,1409,85,,,,,,,,
80.093,1595822080,1629888512,90.71875,1409,85,,,,,,,,
80.214,1597956096,1632313344,90.796875,1409,85,,,,,,,,
80.324,1599868928,1634402304,90.890625,1409,85,,,,,,,,
80.448,1599541248,1636466688,91.03125,1409,85,,,,,,,,
80.571,1593643008,1630691328,91.234375,1409,85,,,,,,,,
80.699,1594847232,1631744000,91.34375,1409,85,,,,,,,,
80.82,1595899904,1632792576,91.5,1409,85,,,,,,,,
80.942,2201337856,2280996864,91.671875,1428,89,,,,,,,,
81.053,2356252672,2421002240,92.1875,1424,89,,,,,,,,
81.174,2336989184,2399911936,92.296875,1424,89,,,,,,,,
81.3,2338222080,2401058816,92.421875,1424,89,,,,,,,,
81.422,2340311040,2402107392,92.5625,1424,89,,,,,,,,
81.544,2341576704,2403160064,92.703125,1424,89,,,,,,,,
81.654,2342649856,2404732928,92.90625,1424,89,,,,,,,,
81.764,2337751040,2398957568,93.03125,1424,89,,,,,,,,
81.884,1612554240,1667452928,93.203125,1404,84,,,,,,,,
81.994,1613471744,1668501504,93.234375,1404,84,,,,,,,,
82.122,1614753792,1670164480,93.390625,1404,84,,,,,,,,
82.248,1615802368,1670209536,93.5,1404,84,,,,,,,,
82.357,1610305536,1664962560,93.65625,1404,84,,,,,,,,
82.468,1609297920,1662984192,93.765625,1404,84,,,,,,,,
82.578,1610215424,1664036864,93.890625,1404,84,,,,,,,,
82.701,1611657216,1665609728,94,1404,84,,,,,,,,
82.811,1612582912,1666134016,94.109375,1404,84,,,,,,,,
82.935,1614176256,1667710976,94.203125,1404,84,,,,,,,,
83.059,1608773632,1662459904,94.40625,1404,84,,,,,,,,
83.183,1609969664,1663512576,94.5,1404,84,,,,,,,,
83.308,1611247616,1664561152,94.640625,1404,84,,,,,,,,
83.432,1612369920,1666134016,94.78125,1404,84,,,,,,,,
83.556,1613504512,1666662400,94.953125,1404,84,,,,,,,,
83.679,1614815232,1668235264,95.09375,1404,84,,,,,,,,
83.804,1609076736,1662459904,95.265625,1404,84,,,,,,,,
83.933,1611018240,1664561152,95.421875,1404,84,,,,,,,,
84.056,1611997184,1665085440,95.53125,1404,84,,,,,,,,
84.183,1613111296,1666224128,95.671875,1404,84,,,,,,,,
84.309,1614344192,1667305472,95.90625,1404,84,,,,,,,,
84.43,1609261056,1662054400,95.96875,1404,84,,,,,,,,
84.557,1610457088,1663107072,96.078125,1404,84,,,,,,,,
84.682,1611747328,1664679936,96.1875,1404,84,,,,,,,,
84.809,1610018816,1643253760,96.3125,1404,84,,,,,,,,
84.929,1611599872,1644830720,96.40625,1404,84,,,,,,,,
85.056,1612771328,1645883392,96.609375,1404,84,,,,,,,,
85.178,1606959104,1640108032,96.765625,1404,84,,,,,,,,
85.304,1608208384,1641160704,96.921875,1404,84,,,,,,,,
85.426,1609519104,1642209280,97.078125,1404,84,,,,,,,,
85.538,1610506240,1643257856,97.234375,1404,84,,,,,,,,
85.659,1611628544,1644310528,97.34375,1404,84,,,,,,,,
85.771,1612750848,1645883392,97.46875,1404,84,,,,,,,,
85.893,1669906432,2208374784,97.6875,1425,90,,,,,,,,
86.019,2299490304,2358816768,98.015625,1441,92,,,,,,,,
86.127,2355630080,2415456256,98.203125,1439,90,,,,,,,,
86.236,2357698560,2417045504,98.265625,1440,90,,,,,,,,
86.345,2352734208,2411270144,98.390625,1439,90,,,,,,,,
86.469,2354282496,2412322816,98.5,1439,90,,,,,,,,
86.595,2355417088,2413371392,98.609375,1439,90,,,,,,,,
86.702,2356269056,2414419968,98.6875,1439,90,,,,,,,,
86.835,1709637632,1757667328,98.90625,1433,90,,,,,,,,
86.952,1652097024,1698623488,99.015625,1419,85,,,,,,,,
87.062,1653420032,1700196352,99.046875,1419,85,,,,,,,,
87.17,1654398976,1700720640,99.1875,1419,85,,,,,,,,
87.279,1655316480,1701773312,99.28125,1419,85,,,,,,,,
87.399,1656627200,1702821888,99.40625,1419,85,,,,,,,,
87.509,1651011584,1697570816,99.484375,1419,85,,,,,,,,
87.623,1652117504,1698095104,99.625,1419,85,,,,,,,,
87.743,1653428224,1699672064,99.75,1419,85,,,,,,,,
87.871,1656643584,1701773312,99.953125,1419,85,,,,,,,,
87.991,1658015744,1702821888,100.015625,1419,85,,,,,,,,
88.115,1652772864,1697570816,100.1875,1419,85,,,,,,,,
88.241,1653907456,1698623488,100.28125,1419,85,,,,,,,,
88.37,1655087104,1699672064,100.453125,1419,85,,,,,,,,
88.494,1656299520,1701249024,100.578125,1419,85,,,,,,,,
88.619,1657511936,1702297600,100.796875,1419,85,,,,,,,,
88.744,1658560512,1703346176,100.90625,1419,85,,,,,,,,
88.867,1654562816,1699147776,101.09375,1419,85,,,,,,,,
88.992,1655742464,1700196352,101.171875,1419,85,,,,,,,,
89.117,1656856576,1701244928,101.453125,1419,85,,,,,,,,
89.241,1658077184,1702821888,101.546875,1419,85,,,,,,,,
89.362,1652662272,1697570816,101.71875,1419,85,,,,,,,,
89.489,1653776384,1698095104,101.859375,1419,85,,,,,,,,
89.613,1654693888,1699147776,102.0625,1419,85,,,,,,,,
89.74,1655681024,1700196352,102.171875,1419,85,,,,,,,,
89.866,1650679808,1679343616,102.328125,1419,85,,,,,,,,
89.989,1652445184,1680920576,102.40625,1419,85,,,,,,,,
90.101,1642041344,1670139904,102.53125,1419,85,,,,,,,,
90.225,1643450368,1671716864,102.65625,1419,85,,,,,,,,
90.351,1644638208,1672765440,102.796875,1419,85,,,,,,,,
90.474,1646084096,1674342400,103.03125,1419,85,,,,,,,,
90.602,1646583808,1674264576,103.265625,1419,85,,,,,,,,
90.724,1647763456,1675313152,103.375,1419,85,,,,,,,,
90.844,1643151360,1668784128,103.53125,1422,86,,,,,,,,
90.954,2243284992,2316996608,103.59375,1438,89,,,,,,,,
91.063,2400641024,2492764160,103.8125,1438,89,,,,,,,,
91.173,2382733312,2430693376,103.96875,1438,89,,,,,,,,
91.282,2376716288,2423869440,104.03125,1439,89,,,,,,,,
91.405,2377850880,2424922112,104.15625,1438,89,,,,,,,,
91.514,2378653696,2425970688,104.265625,1438,89,,,,,,,,
91.622,2379743232,2427019264,104.390625,1438,89,,,,,,,,
91.746,2380865536,2428071936,104.546875,1438,89,,,,,,,,
91.884,1632706560,1675350016,104.734375,1418,84,,,,,,,,
92.009,1645936640,1684934656,104.765625,1418,84,,,,,,,,
92.132,1647312896,1686511616,104.890625,1420,84,,,,,,,,
92.257,1647984640,1686507520,104.953125,1418,84,,,,,,,,
92.382,1649082368,1687556096,105.15625,1418,84,,,,,,,,
92.509,1650237440,1688608768,105.25,1418,84,,,,,,,,
92.634,1644752896,1683881984,105.4375,1418,84,,,,,,,,
92.758,1645977600,1684406272,105.578125,1418,84,,,,,,,,
92.882,1651089408,1686507520,105.71875,1418,84,,,,,,,,
93.004,1652072448,1687556096,105.84375,1420,84,,,,,,,,
93.115,1654517760,1690071040,106,1418,84,,,,,,,,
93.238,1656852480,1692344320,106.109375,1418,84,,,,,,,,
93.345,1651085312,1686568960,106.234375,1418,84,,,,,,,,
93.458,1652219904,1687621632,106.328125,1418,84,,,,,,,,
93.581,1653346304,1689194496,106.5,1418,84,,,,,,,,
93.69,1654353920,1689718784,106.640625,1418,84,,,,,,,,
93.818,1655410688,1691295744,106.90625,1418,84,,,,,,,,
93.94,1651208192,1686568960,107.03125,1418,84,,,,,,,,
94.049,1652191232,1687621632,107.21875,1418,84,,,,,,,,
94.172,1653501952,1689194496,107.28125,1418,84,,,,,,,,
94.282,1654550528,1690243072,107.375,1418,84,,,,,,,,
94.39,1655468032,1690771456,107.53125,1418,84,,,,,,,,
94.5,1655091200,1690587136,107.59375,1418,84,,,,,,,,
94.609,1615929344,1652088832,107.796875,1418,84,,,,,,,,
94.734,1617055744,1653141504,107.90625,1418,84,,,,,,,,
94.845,1617965056,1654190080,108.0625,1418,84,,,,,,,,
94.968,1621299200,1647509504,108.109375,1418,84,,,,,,,,
95.092,1622458368,1648562176,108.203125,1418,84,,,,,,,,
95.215,1612185600,1638334464,108.359375,1418,84,,,,,,,,
95.323,1613213696,1639387136,108.546875,1418,84,,,,,,,,
95.433,1614217216,1639911424,108.65625,1418,84,,,,,,,,
95.559,1615470592,1641488384,108.765625,1418,84,,,,,,,,
95.681,1616453632,1642536960,108.875,1418,84,,,,,,,,
95.805,1617395712,1641689088,109.03125,1418,84,,,,,,,,
95.931,2179878912,2250727424,109.125,1438,89,,,,,,,,
96.056,2332332032,2381209600,109.28125,1438,89,,,,,,,,
96.178,2356858880,2405089280,109.34375,1438,89,,,,,,,,
96.304,2358374400,2406666240,109.4375,1438,89,,,,,,,,
96.428,2353070080,2401419264,109.5,1438,89,,,,,,,,
96.552,2354274304,2402471936,109.65625,1438,89,,,,,,,,
96.679,2355322880,2403520512,109.84375,1438,89,,,,,,,,
96.801,2320015360,2368516096,110,1438,89,,,,,,,,
96.923,1652973568,1693556736,110.125,1418,84,,,,,,,,
97.037,1647816704,1688305664,110.21875,1420,84,,,,,,,,
97.155,1650483200,1690910720,110.328125,1418,84,,,,,,,,
97.265,1651404800,1691959296,110.453125,1418,84,,,,,,,,
97.389,1652518912,1693007872,110.640625,1418,84,,,,,,,,
97.513,1653690368,1694060544,110.734375,1418,84,,,,,,,,
97.622,1654673408,1695109120,110.875,1418,84,,,,,,,,
97.731,1649131520,1689858048,110.96875,1418,84,,,,,,,,
97.854,1650835456,1691435008,111.1875,1419,84,,,,,,,,
97.977,1652473856,1693007872,111.28125,1418,84,,,,,,,,
98.102,1653657600,1694588928,111.453125,1418,84,,,,,,,,
98.226,1654607872,1695637504,111.515625,1418,84,,,,,,,,
98.349,1646714880,1687703552,111.6875,1418,84,,,,,,,,
98.472,1647902720,1688764416,111.796875,1418,84,,,,,,,,
98.597,1649082368,1689812992,111.9375,1418,84,,,,,,,,
98.704,1649999872,1690861568,112.046875,1418,84,,,,,,,,
98.81,1651179520,1691914240,112.234375,1418,84,,,,,,,,
98.923,1659109376,1697435648,112.359375,1418,84,,,,,,,,
99.042,1660026880,1698488320,112.46875,1418,84,,,,,,,,
99.168,1662689280,1701085184,112.640625,1418,84,,,,,,,,
99.291,1663852544,1702658048,112.78125,1418,84,,,,,,,,
99.415,1665114112,1703710720,112.90625,1418,84,,,,,,,,
99.524,1666097152,1704759296,113,1418,84,,,,,,,,
99.636,1660657664,1698983936,113.171875,1418,84,,,,,,,,
99.759,1661906944,1700560896,113.265625,1418,84,,,,,,,,
99.885,1655259136,1681612800,113.375,1418,84,,,,,,,,
100.008,1651556352,1678159872,113.453125,1418,84,,,,,,,,
100.133,1652670464,1679208448,113.59375,1418,84,,,,,,,,
100.257,1647427584,1673957376,113.734375,1418,84,,,,,,,,
100.382,1648689152,1675534336,113.96875,1418,84,,,,,,,,
100.508,1647890432,1674616832,114.109375,1418,84,,,,,,,,
100.631,1648742400,1675141120,114.265625,1418,84,,,,,,,,
100.755,1649790976,1676193792,114.359375,1418,84,,,,,,,,
100.877,1652645888,2191175680,114.5625,1433,88,,,,,,,,
100.988,2301956096,2348740608,114.671875,1436,89,,,,,,,,
101.11,2390409216,2437857280,114.84375,1436,89,,,,,,,,
101.22,2393038848,2440097792,114.90625,1436,89,,,,,,,,
101.342,2393890816,2440622080,114.953125,1436,89,,,,,,,,
101.453,2388451328,2435375104,115.03125,1436,89,,,,,,,,
101.576,2389696512,2436427776,115.1875,1436,89,,,,,,,,
101.686,2390687744,2437476352,115.265625,1436,89,,,,,,,,
101.826,1692495872,1736552448,115.4375,1430,89,,,,,,,,
101.948,1632583680,1671626752,115.515625,1416,84,,,,,,,,
102.073,1627828224,1667010560,115.703125,1416,84,,,,,,,,
102.198,1629548544,1669099520,115.734375,1416,84,,,,,,,,
102.322,1631031296,1671151616,115.875,1416,84,,,,,,,,
102.446,1612648448,1649508352,116.03125,1416,84,,,,,,,,
102.574,1614835712,1651445760,116.1875,1416,84,,,,,,,,
102.699,1609949184,1646821376,116.234375,1416,84,,,,,,,,
102.824,1612144640,1648377856,116.453125,1416,84,,,,,,,,
102.932,1613455360,1650667520,116.53125,1416,84,,,,,,,,
103.057,1618595840,1653198848,116.734375,1416,84,,,,,,,,
103.183,1622118400,1656770560,116.984375,1416,84,,,,,,,,
103.304,1623556096,1657880576,117.140625,1416,84,,,,,,,,
103.429,1619611648,1654218752,117.328125,1416,84,,,,,,,,
103.551,1621852160,1656291328,117.4375,1416,84,,,,,,,,
103.677,1624367104,1658957824,117.53125,1416,84,,,,,,,,
103.799,1626042368,1660661760,117.734375,1416,84,,,,,,,,
103.908,1630617600,1665277952,117.84375,1416,84,,,,,,,,
104.019,1626263552,1662160896,117.984375,1416,84,,,,,,,,
104.142,1628061696,1665560576,118.203125,1416,84,,,,,,,,
104.252,1629847552,1667584000,118.296875,1416,84,,,,,,,,
104.39,1630437376,1670279168,118.5625,1416,84,,,,,,,,
104.498,1632014336,1671843840,118.65625,1416,84,,,,,,,,
104.609,1632927744,1672916992,118.828125,1416,84,,,,,,,,
104.716,1627267072,1667674112,118.875,1416,84,,,,,,,,
104.823,1628160000,1668202496,119.125,1416,84,,,,,,,,
104.934,1628176384,1657163776,119.234375,1416,84,,,,,,,,
105.042,1629216768,1658212352,119.328125,1416,84,,,,,,,,
105.155,1628065792,1657118720,119.5,1416,84,,,,,,,,
105.261,1628913664,1657643008,119.625,1416,84,,,,,,,,
105.371,1590120448,1619763200,119.8125,1416,84,,,,,,,,
105.479,1591152640,1620480000,119.875,1416,84,,,,,,,,
105.59,1592328192,1621528576,119.96875,1416,84,,,,,,,,
105.714,1593389056,1622577152,120.078125,1416,84,,,,,,,,
105.837,1595088896,1624383488,120.203125,1417,85,,,,,,,,
105.966,2231390208,2289459200,120.28125,1435,88,,,,,,,,
106.088,2374828032,2430337024,120.59375,1437,89,,,,,,,,
106.213,2376609792,2431422464,120.71875,1436,89,,,,,,,,
106.335,2378022912,2432569344,120.8125,1436,89,,,,,,,,
106.459,2377535488,2431971328,120.90625,1436,89,,,,,,,,
106.584,2372096000,2426716160,121.09375,1436,89,,,,,,,,
106.708,2373275648,2427764736,121.203125,1436,89,,,,,,,,
106.834,1652752384,1703043072,121.375,1424,86,,,,,,,,
106.958,1657581568,1705029632,121.453125,1416,84,,,,,,,,
107.083,1652310016,1699778560,121.484375,1416,84,,,,,,,,
107.208,1655107584,1702903808,121.578125,1416,84,,,,,,,,
107.333,1656188928,1703956480,121.734375,1416,84,,,,,,,,
107.458,1657368576,1705005056,121.8125,1416,84,,,,,,,,
107.586,1658761216,1706057728,121.96875,1416,84,,,,,,,,
107.709,1660100608,1707106304,122.03125,1416,84,,,,,,,,
107.835,1654894592,1702379520,122.15625,1416,84,,,,,,,,
107.958,1657151488,1705005056,122.28125,1416,84,,,,,,,,
108.081,1658507264,1706110976,122.421875,1416,84,,,,,,,,
108.191,1659736064,1707290624,122.5,1416,84,,,,,,,,
108.298,1660706816,1707814912,122.59375,1416,84,,,,,,,,
108.409,1653313536,1699868672,122.671875,1416,84,,,,,,,,
108.535,1654427648,1700917248,122.765625,1416,84,,,,,,,,
108.643,1655296000,1701969920,122.84375,1416,84,,,,,,,,
108.753,1656541184,1703018496,122.984375,1416,84,,,,,,,,
108.86,1659777024,1705644032,123.203125,1417,84,,,,,,,,
108.983,1654677504,1699868672,123.328125,1416,84,,,,,,,,
109.093,1655660544,1700917248,123.484375,1416,84,,,,,,,,
109.203,1656598528,1701969920,123.609375,1416,84,,,,,,,,
109.308,1657384960,1702494208,123.78125,1416,84,,,,,,,,
109.419,1658368000,1703546880,123.875,1416,84,,,,,,,,
109.543,1659351040,1704595456,124,1416,84,,,,,,,,
109.666,1654190080,1699344384,124.15625,1416,84,,,,,,,,
109.789,1649979392,1688989696,124.28125,1416,84,,,,,,,,
109.914,1652301824,1691090944,124.40625,1416,84,,,,,,,,
110.038,1649487872,1688715264,124.578125,1416,84,,,,,,,,
110.161,1650827264,1689763840,124.84375,1416,84,,,,,,,,
110.271,1645658112,1684512768,124.890625,1416,84,,,,,,,,
110.394,1645019136,1684013056,125.09375,1416,84,,,,,,,,
110.501,1646010368,1684541440,125.15625,1416,84,,,,,,,,
110.612,1647067136,1686114304,125.34375,1416,84,,,,,,,,
110.737,1648173056,1686245376,125.375,1416,84,,,,,,,,
110.847,1649721344,1688375296,125.5625,1421,85,,,,,,,,
110.968,2271080448,2346467328,125.640625,1436,89,,,,,,,,
111.079,2382450688,2431918080,125.796875,1436,89,,,,,,,,
111.203,2387210240,2436190208,125.875,1436,89,,,,,,,,
111.311,2388066304,2437238784,125.984375,1436,89,,,,,,,,
111.422,2382778368,2431983616,126.09375,1436,89,,,,,,,,
111.528,2383568896,2432507904,126.1875,1436,89,,,,,,,,
111.639,2384568320,2433560576,126.3125,1436,89,,,,,,,,
111.762,2386100224,2434609152,126.4375,1436,89,,,,,,,,
111.871,1660452864,1704902656,126.59375,1418,84,,,,,,,,
111.979,1655734272,1700175872,126.65625,1416,84,,,,,,,,
112.104,1657044992,1701224448,126.75,1418,84,,,,,,,,
112.23,1658093568,1702277120,126.84375,1416,84,,,,,,,,
112.353,1659469824,1703854080,126.953125,1416,84,,,,,,,,
112.476,1658904576,1703346176,127,1416,84,,,,,,,,
112.601,1653620736,1698095104,127.203125,1416,84,,,,,,,,
112.723,1654652928,1699143680,127.3125,1416,84,,,,,,,,
112.834,1655910400,1700196352,127.4375,1416,84,,,,,,,,
112.961,1661022208,1702297600,127.546875,1416,84,,,,,,,,
113.086,1662005248,1703346176,127.8125,1416,84,,,,,,,,
113.209,1656500224,1698095104,127.953125,1416,84,,,,,,,,
113.334,1657745408,1699143680,128.09375,1416,84,,,,,,,,
113.458,1658961920,1700720640,128.1875,1416,84,,,,,,,,
113.578,1659973632,1701244928,128.328125,1416,84,,,,,,,,
113.688,1660956672,1702297600,128.390625,1416,84,,,,,,,,
113.794,1661743104,1703346176,128.5,1416,84,,,,,,,,
113.905,1657286656,1698619392,128.640625,1416,84,,,,,,,,
114.029,1658413056,1699667968,128.796875,1416,84,,,,,,,,
114.139,1659400192,1700720640,128.953125,1416,84,,,,,,,,
114.264,1660448768,1701769216,129.109375,1416,84,,,,,,,,
114.369,1661366272,1702821888,129.28125,1416,84,,,,,,,,
114.482,1662545920,1703870464,129.4375,1416,84,,,,,,,,
114.604,1656983552,1698619392,129.578125,1416,84,,,,,,,,
114.729,1658351616,1699667968,129.703125,1416,84,,,,,,,,
114.85,1653272576,1679200256,129.921875,1416,84,,,,,,,,
114.977,1655762944,1680777216,130,1416,84,,,,,,,,
115.099,1647230976,1672896512,130.234375,1416,84,,,,,,,,
115.224,1648472064,1673945088,130.328125,1416,84,,,,,,,,
115.352,1649475584,1674469376,130.5,1416,84,,,,,,,,
115.476,1650552832,1676046336,130.578125,1416,84,,,,,,,,
115.602,1651838976,1677099008,130.734375,1416,84,,,,,,,,
115.728,1653088256,1678147584,130.828125,1416,84,,,,,,,,
115.85,1613901824,1639161856,130.953125,1421,85,,,,,,,,
115.976,2232647680,2306064384,131.140625,1436,89,,,,,,,,
116.099,2378731520,2424451072,131.53125,1436,89,,,,,,,,
116.222,2384596992,2431401984,131.671875,1436,89,,,,,,,,
116.349,2379100160,2426679296,131.90625,1436,89,,,,,,,,
116.469,2380394496,2427727872,132,1436,89,,,,,,,,
116.579,2381578240,2428256256,132.109375,1436,89,,,,,,,,
116.69,2382766080,2429829120,132.3125,1436,89,,,,,,,,
116.812,2346156032,2392657920,132.484375,1436,89,,,,,,,,
116.922,1663348736,1703489536,132.59375,1416,84,,,,,,,,
117.042,1660411904,1697710080,132.6875,1416,84,,,,,,,,
117.151,1661399040,1698762752,132.8125,1416,84,,,,,,,,
117.277,1662644224,1700339712,132.953125,1416,84,,,,,,,,
117.399,1663574016,1700864000,133.109375,1416,84,,,,,,,,
117.525,1664897024,1702436864,133.1875,1416,84,,,,,,,,
117.653,1666011136,1703485440,133.34375,1416,84,,,,,,,,
117.776,1660772352,1698762752,133.5,1416,84,,,,,,,,
117.902,1663066112,1700868096,133.625,1416,84,,,,,,,,
118.025,1664180224,1701916672,133.734375,1418,84,,,,,,,,
118.15,1665622016,1703489536,134.015625,1416,84,,,,,,,,
118.273,1660116992,1698238464,134.203125,1416,84,,,,,,,,
118.398,1661247488,1699291136,134.34375,1416,84,,,,,,,,
118.519,1662476288,1700339712,134.5,1416,84,,,,,,,,
118.627,1663655936,1701392384,134.65625,1416,84,,,,,,,,
118.752,1664839680,1702965248,134.78125,1416,84,,,,,,,,
118.862,1662279680,1698238464,134.96875,1417,84,,,,,,,,
118.972,1663070208,1699291136,135.03125,1416,84,,,,,,,,
119.081,1664049152,1699815424,135.1875,1416,84,,,,,,,,
119.189,1665167360,1700868096,135.265625,1416,84,,,,,,,,
119.311,1666224128,1701916672,135.421875,1416,84,,,,,,,,
119.423,1667342336,1702965248,135.546875,1416,84,,,,,,,,
119.546,1668333568,1704538112,135.65625,1416,84,,,,,,,,
119.654,1662623744,1698238464,135.890625,1416,84,,,,,,,,
119.767,1663799296,1699799040,136,1416,84,,,,,,,,
119.873,1665908736,1701900288,136.0625,1416,84,,,,,,,,
119.982,1656983552,1681977344,136.125,1416,84,,,,,,,,
120.091,1652924416,1677971456,136.28125,1416,84,,,,,,,,
120.2,1647484928,1672720384,136.4375,1416,84,,,,,,,,
120.323,1648803840,1673773056,136.578125,1416,84,,,,,,,,
120.448,1649590272,1674297344,136.734375,1416,84,,,,,,,,
120.572,1650905088,1675874304,136.96875,1416,84,,,,,,,,
120.698,1652084736,1676005376,137.078125,1416,84,,,,,,,,
120.821,1653133312,1677053952,137.203125,1416,84,,,,,,,,
120.946,2240983040,2313293824,137.34375,1436,89,,,,,,,,
121.073,2377228288,2422521856,137.78125,1435,88,,,,,,,,
121.198,2381701120,2428366848,137.8125,1436,89,,,,,,,,
121.321,2382761984,2429415424,137.984375,1436,89,,,,,,,,
121.447,2377322496,2423635968,138.078125,1436,89,,,,,,,,
121.57,2378649600,2425212928,138.28125,1436,89,,,,,,,,
121.695,2380038144,2426265600,138.421875,1436,89,,,,,,,,
121.843,1685000192,1713651712,138.625,1430,89,,,,,,,,
121.962,1646559232,1674944512,138.6875,1416,84,,,,,,,,
122.085,1647673344,1675997184,138.78125,1416,84,,,,,,,,
122.208,1648787456,1677045760,138.828125,1416,84,,,,,,,,
122.319,1649967104,1678098432,138.96875,1416,84,,,,,,,,
122.442,1651212288,1679671296,139.09375,1416,84,,,,,,,,
122.567,1652133888,1680719872,139.234375,1416,84,,,,,,,,
122.687,1646755840,1674944512,139.3125,1416,84,,,,,,,,
122.795,1647677440,1675997184,139.40625,1416,84,,,,,,,,
122.908,1648201728,1676521472,139.515625,1416,84,,,,,,,,
123.032,1651605504,1678098432,139.640625,1416,84,,,,,,,,
123.141,1653985280,1680609280,139.8125,1418,84,,,,,,,,
123.249,1656147968,1682882560,139.96875,1416,84,,,,,,,,
123.358,1650819072,1677631488,140.09375,1416,84,,,,,,,,
123.481,1651978240,1678684160,140.203125,1416,84,,,,,,,,
123.59,1652944896,1679208448,140.359375,1416,84,,,,,,,,
123.703,1654116352,1680785408,140.515625,1416,84,,,,,,,,
123.824,1655459840,1681833984,140.71875,1416,84,,,,,,,,
123.935,1651200000,1677631488,140.796875,1416,84,,,,,,,,
124.059,1652314112,1678684160,141,1416,84,,,,,,,,
124.168,1653231616,1679732736,141.15625,1416,84,,,,,,,,
124.278,1654411264,1680785408,141.296875,1416,84,,,,,,,,
124.403,1655525376,1681833984,141.484375,1416,84,,,,,,,,
124.523,1656586240,1682882560,141.625,1416,84,,,,,,,,
124.652,1651159040,1677631488,141.828125,1416,84,,,,,,,,
124.774,1650958336,1676333056,142,1416,84,,,,,,,,
124.899,1655816192,1678958592,142.171875,1416,84,,,,,,,,
125.026,1650229248,1672572928,142.265625,1418,84,,,,,,,,
125.149,1653309440,1675587584,142.453125,1416,84,,,,,,,,
125.277,1614626816,1637617664,142.5625,1416,84,,,,,,,,
125.402,1615740928,1638666240,142.734375,1416,84,,,,,,,,
125.526,1616867328,1639718912,142.859375,1416,84,,,,,,,,
125.65,1617850368,1640767488,143.015625,1416,84,,,,,,,,
125.773,1618948096,1641816064,143.1875,1416,84,,,,,,,,
125.893,1747488768,2196688896,143.34375,1434,89,,,,,,,,
126.006,2260668416,2339500032,143.515625,1450,105,,,,,,,,
126.128,2382598144,2428121088,143.75,1433,88,,,,,,,,
126.254,2383843328,2429693952,143.859375,1433,88,,,,,,,,
126.376,2378293248,2423943168,144.03125,1433,88,,,,,,,,
126.486,2379407360,2424995840,144.109375,1433,88,,,,,,,,
126.592,2380390400,2426044416,144.25,1433,88,,,,,,,,
126.703,2381512704,2427617280,144.328125,1433,88,,,,,,,,
126.842,1726160896,1769390080,144.46875,1428,89,,,,,,,,
126.949,1668796416,1708785664,144.484375,1414,84,,,,,,,,
127.061,1669648384,1709838336,144.625,1414,84,,,,,,,,
127.169,1672118272,1712439296,144.65625,1414,84,,,,,,,,
127.291,1673371648,1714016256,144.765625,1414,84,,,,,,,,
127.417,1674543104,1714540544,144.90625,1414,84,,,,,,,,
127.529,1675468800,1716113408,145.015625,1414,84,,,,,,,,
127.637,1670107136,1710862336,145.15625,1414,84,,,,,,,,
127.747,1671213056,1711390720,145.234375,1414,84,,,,,,,,
127.869,1676587008,1714012160,145.421875,1414,84,,,,,,,,
127.994,1677586432,1715097600,145.515625,1414,85,,,,,,,,
128.118,1678974976,1716637696,145.734375,1414,84,,,,,,,,
128.242,1673441280,1710862336,145.90625,1414,84,,,,,,,,
128.368,1670873088,1707495424,146.125,1414,84,,,,,,,,
128.491,1672093696,1709068288,146.296875,1414,84,,,,,,,,
128.617,1673035776,1709592576,146.5,1414,84,,,,,,,,
128.743,1674190848,1711169536,146.609375,1414,84,,,,,,,,
128.866,1669500928,1706442752,146.765625,1414,84,,,,,,,,
128.992,1670807552,1707495424,146.890625,1414,84,,,,,,,,
129.112,1671921664,1708544000,147.078125,1414,84,,,,,,,,
129.224,1674387456,1711140864,147.21875,1414,84,,,,,,,,
129.351,1675763712,1712193536,147.40625,1414,84,,,,,,,,
129.471,1676812288,1713242112,147.484375,1414,84,,,,,,,,
129.597,1671307264,1707466752,147.65625,1414,84,,,,,,,,
129.722,1672695808,1709568000,147.734375,1414,84,,,,,,,,
129.827,1673482240,1709568000,147.859375,1414,84,,,,,,,,
129.94,1663967232,1687277568,147.953125,1414,84,,,,,,,,
130.06,1660063744,1683849216,148.09375,1414,84,,,,,,,,
130.17,1654591488,1678073856,148.171875,1414,84,,,,,,,,
130.292,1655885824,1679650816,148.3125,1414,84,,,,,,,,
130.402,1656754176,1680175104,148.453125,1414,84,,,,,,,,
130.525,1655975936,1679781888,148.515625,1414,84,,,,,,,,
130.647,1656889344,1680310272,148.59375,1414,84,,,,,,,,
130.773,1658097664,1681883136,148.71875,1414,84,,,,,,,,
130.912,2151170048,2204905472,148.90625,1437,90,,,,,,,,
131.039,2338885632,2412843008,149.015625,1437,90,,,,,,,,
131.163,2389278720,2435747840,149.0625,1437,90,,,,,,,,
131.284,2383986688,2430496768,149.234375,1437,90,,,,,,,,
131.397,2384900096,2431021056,149.390625,1437,90,,,,,,,,
131.521,2385883136,2432073728,149.53125,1437,90,,,,,,,,
131.65,2387132416,2433122304,149.65625,1437,90,,,,,,,,
131.773,2388508672,2434695168,149.84375,1437,90,,,,,,,,
131.897,1662148608,1698160640,150.046875,1419,85,,,,,,,,
132.024,1663131648,1699213312,150.203125,1420,85,,,,,,,,
132.147,1664081920,1700265984,150.3125,1419,85,,,,,,,,
132.272,1665114112,1701314560,150.40625,1419,85,,,,,,,,
132.399,1664659456,1700806656,150.546875,1419,85,,,,,,,,
132.518,1665773568,1701855232,150.65625,1419,85,,,,,,,,
132.625,1660473344,1697128448,150.78125,1419,85,,,,,,,,
132.738,1661513728,1697656832,150.890625,1419,85,,,,,,,,
132.863,1669496832,1699471360,151.078125,1395,76,,,,,,,,
132.969,1667170304,1700511744,151.234375,1394,76,,,,,,,,
133.081,1668153344,1701560320,151.375,1394,76,,,,,,,,
133.202,1664393216,1697861632,151.5,1394,76,,,,,,,,
133.314,1665507328,1698914304,151.609375,1394,76,,,,,,,,
133.438,1666433024,1699962880,151.734375,1394,76,,,,,,,,
133.558,1667506176,1701015552,151.875,1394,76,,,,,,,,
133.669,1668530176,1702064128,151.953125,1394,76,,,,,,,,
133.791,1669701632,1703112704,152.125,1394,76,,,,,,,,
133.918,1665388544,1698914304,152.1875,1394,76,,,,,,,,
134.027,1666424832,1699438592,152.296875,1394,76,,,,,,,,
134.139,1667592192,1700986880,152.453125,1392,75,,,,,,,,
134.26,1668640768,1702035456,152.5625,1392,75,,,,,,,,
134.372,1667878912,1701011456,152.765625,1392,75,,,,,,,,
134.494,1668866048,1702584320,152.90625,1392,75,,,,,,,,
134.62,1630437376,1663561728,153.09375,1392,75,,,,,,,,
134.746,1626968064,1653059584,153.203125,1392,75,,,,,,,,
134.869,1631555584,1655685120,153.34375,1392,75,,,,,,,,
134.993,1625841664,1649827840,153.515625,1392,75,,,,,,,,
135.117,1622147072,1646129152,153.6875,1392,75,,,,,,,,
135.243,1623052288,1647181824,153.78125,1392,75,,,,,,,,
135.368,1624178688,1648230400,153.9375,1392,75,,,,,,,,
135.491,1625292800,1649283072,154.046875,1392,75,,,,,,,,
135.615,1626406912,1650331648,154.171875,1392,75,,,,,,,,
135.742,1627521024,1651314688,154.28125,1392,75,,,,,,,,
135.875,1629057024,2166521856,154.453125,1407,79,,,,,,,,
135.996,2264391680,2307866624,154.515625,1406,78,,,,,,,,
136.121,2380533760,2425851904,154.8125,1407,79,,,,,,,,
136.246,2381778944,2426900480,154.890625,1409,79,,,,,,,,
136.369,2374889472,2419933184,155.046875,1407,79,,,,,,,,
136.493,2376003584,2420985856,155.109375,1407,79,,,,,,,,
136.617,2377314304,2422558720,155.265625,1407,79,,,,,,,,
136.74,2378502144,2424135680,155.421875,1407,79,,,,,,,,
136.869,1665605632,1703673856,155.640625,1387,74,,,,,,,,
136.993,1667047424,1704726528,155.859375,1387,74,,,,,,,,
137.116,1668292608,1705775104,155.984375,1387,74,,,,,,,,
137.243,1670823936,1708371968,156.0625,1387,74,,,,,,,,
137.367,1671938048,1709424640,156.21875,1387,74,,,,,,,,
137.491,1673064448,1710997504,156.328125,1387,74,,,,,,,,
137.615,1667756032,1705222144,156.4375,1387,74,,,,,,,,
137.742,1668870144,1706274816,156.5625,1387,74,,,,,,,,
137.865,1671098368,1708371968,156.6875,1387,74,,,,,,,,
137.989,1672200192,1709948928,156.75,1387,74,,,,,,,,
138.118,1673232384,1710997504,156.953125,1387,74,,,,,,,,
138.243,1668087808,1705746432,157.03125,1387,74,,,,,,,,
138.369,1669058560,1706799104,157.203125,1387,74,,,,,,,,
138.494,1668640768,1706299392,157.296875,1387,74,,,,,,,,
138.619,1669689344,1707347968,157.46875,1387,74,,,,,,,,
138.745,1670868992,1708400640,157.53125,1387,74,,,,,,,,
138.87,1671786496,1709449216,157.6875,1387,74,,,,,,,,
138.993,1669124096,1703673856,157.84375,1388,74,,,,,,,,
139.12,1670250496,1705250816,158.140625,1387,74,,,,,,,,
139.245,1671487488,1706299392,158.265625,1387,74,,,,,,,,
139.369,1672601600,1707347968,158.421875,1387,74,,,,,,,,
139.495,1673715712,1708400640,158.5,1387,74,,,,,,,,
139.617,1674829824,1709449216,158.671875,1387,74,,,,,,,,
139.743,1669128192,1703673856,158.765625,1387,74,,,,,,,,
139.863,1661308928,1686474752,158.890625,1387,74,,,,,,,,
139.974,1657233408,1682522112,158.953125,1387,74,,,,,,,,
140.103,1658281984,1683574784,159.125,1387,74,,,,,,,,
140.227,1659396096,1684623360,159.25,1387,74,,,,,,,,
140.351,1654087680,1679372288,159.421875,1387,74,,,,,,,,
140.475,1653587968,1678868480,159.59375,1387,74,,,,,,,,
140.599,1654833152,1679917056,159.703125,1387,74,,,,,,,,
140.722,1656094720,1681494016,159.828125,1387,74,,,,,,,,
140.833,1656492032,1680736256,160.015625,1388,75,,,,,,,,
140.956,2251698176,2317148160,160.140625,1407,79,,,,,,,,
141.082,2382303232,2427101184,160.359375,1407,79,,,,,,,,
141.207,2386755584,2431365120,160.484375,1407,79,,,,,,,,
141.329,2387873792,2432417792,160.59375,1407,79,,,,,,,,
141.439,2388856832,2432942080,160.734375,1407,79,,,,,,,,
141.564,2383745024,2428215296,160.90625,1407,79,,,,,,,,
141.686,2384863232,2429267968,160.96875,1407,79,,,,,,,,
141.796,2347778048,2392621056,161.078125,1407,79,,,,,,,,
141.906,1662398464,1698967552,161.265625,1389,74,,,,,,,,
142.015,1657126912,1693192192,161.328125,1390,74,,,,,,,,
142.123,1658175488,1694244864,161.359375,1389,74,,,,,,,,
142.233,1659289600,1695293440,161.40625,1389,74,,,,,,,,
142.344,1660096512,1696342016,161.578125,1389,74,,,,,,,,
142.452,1659518976,1695318016,161.71875,1389,74,,,,,,,,
142.562,1660506112,1696370688,161.84375,1391,74,,,,,,,,
142.669,1661489152,1697419264,162,1391,74,,,,,,,,
142.779,1655918592,1691643904,162.0625,1391,74,,,,,,,,
142.889,1656442880,1692168192,162.203125,1391,74,,,,,,,,
143.011,1660379136,1694273536,162.359375,1391,74,,,,,,,,
143.137,1661558784,1695322112,162.5,1393,74,,,,,,,,
143.259,1662803968,1696374784,162.625,1391,74,,,,,,,,
143.385,1657495552,1691648000,162.78125,1391,74,,,,,,,,
143.509,1658703872,1692700672,162.875,1391,74,,,,,,,,
143.631,1659731968,1693749248,162.984375,1391,74,,,,,,,,
143.758,1660780544,1694273536,163.09375,1391,74,,,,,,,,
143.883,1663209472,1696899072,163.34375,1391,74,,,,,,,,
144.006,1657966592,1691648000,163.453125,1393,74,,,,,,,,
144.134,1659150336,1693224960,163.65625,1391,74,,,,,,,,
144.254,1660260352,1693749248,163.8125,1391,74,,,,,,,,
144.363,1661247488,1694797824,163.953125,1391,74,,,,,,,,
144.489,1662492672,1696374784,164.09375,1391,74,,,,,,,,
144.61,1663410176,1696899072,164.234375,1391,74,,,,,,,,
144.721,1657905152,1691648000,164.296875,1391,74,,,,,,,,
144.829,1655283712,1680359424,164.453125,1391,74,,,,,,,,
144.939,1660329984,1682456576,164.59375,1391,74,,,,,,,,
145.062,1658953728,1681473536,164.71875,1391,74,,,,,,,,
145.168,1659740160,1681997824,164.8125,1391,74,,,,,,,,
145.277,1654431744,1676746752,164.953125,1391,74,,,,,,,,
145.401,1655414784,1677799424,165.09375,1391,74,,,,,,,,
145.525,1656463360,1678848000,165.234375,1391,74,,,,,,,,
145.649,1657446400,1679896576,165.40625,1391,74,,,,,,,,
145.773,1656881152,1680949248,165.515625,1391,74,,,,,,,,
145.897,1744564224,2227228672,165.71875,1411,79,,,,,,,,
146.036,2320179200,2371432448,165.84375,1410,78,,,,,,,,
146.162,2379227136,2423422976,165.96875,1410,78,,,,,,,,
146.287,2380513280,2424471552,166.078125,1410,78,,,,,,,,
146.412,2375872512,2419220480,166.296875,1410,78,,,,,,,,
146.536,2377117696,2420273152,166.46875,1410,78,,,,,,,,
146.66,2377973760,2421321728,166.671875,1410,78,,,,,,,,
146.784,2354483200,2405249024,166.828125,1411,79,,,,,,,,
146.892,1648369664,1690243072,166.953125,1392,74,,,,,,,,
147.003,1642930176,1685516288,167.0625,1391,74,,,,,,,,
147.109,1644113920,1686040576,167.109375,1391,74,,,,,,,,
147.219,1645101056,1687617536,167.171875,1391,74,,,,,,,,
147.329,1645842432,1688141824,167.390625,1391,74,,,,,,,,
147.437,1646997504,1689190400,167.453125,1391,74,,,,,,,,
147.548,1647792128,1690243072,167.609375,1391,74,,,,,,,,
147.669,1648898048,1690767360,167.765625,1391,74,,,,,,,,
147.778,1643008000,1685516288,167.875,1391,74,,,,,,,,
147.886,1644843008,1686568960,168.03125,1391,74,,,,,,,,
147.996,1645846528,1687617536,168.140625,1391,74,,,,,,,,
148.119,1646837760,1688666112,168.296875,1391,74,,,,,,,,
148.241,1647951872,1689718784,168.4375,1391,74,,,,,,,,
148.356,1648803840,1690767360,168.578125,1391,74,,,,,,,,
148.481,1643188224,1685516288,168.6875,1391,74,,,,,,,,
148.59,1644085248,1686040576,168.890625,1391,74,,,,,,,,
148.7,1645199360,1687093248,169.046875,1391,74,,,,,,,,
148.807,1646116864,1688141824,169.1875,1391,74,,,,,,,,
148.933,1647837184,1689747456,169.328125,1391,75,,,,,,,,
149.057,1649082368,1690796032,169.484375,1391,75,,,,,,,,
149.181,1643380736,1685020672,169.75,1391,75,,,,,,,,
149.305,1644457984,1686597632,169.9375,1391,75,,,,,,,,
149.43,1645740032,1687646208,170.03125,1391,75,,,,,,,,
149.554,1646854144,1688694784,170.15625,1391,75,,,,,,,,
149.678,1648099328,1689747456,170.265625,1391,75,,,,,,,,
149.804,1641336832,1663135744,170.4375,1391,75,,,,,,,,
149.926,1635729408,1657360384,170.546875,1391,75,,,,,,,,
150.051,1636851712,1658413056,170.671875,1391,75,,,,,,,,
150.175,1637834752,1659461632,170.8125,1391,75,,,,,,,,
150.282,1639018496,1660510208,170.890625,1391,75,,,,,,,,
150.392,1639936000,1661562880,171.0625,1391,75,,,,,,,,
150.499,1640894464,1662611456,171.1875,1391,75,,,,,,,,
150.609,1635303424,1657360384,171.359375,1391,75,,,,,,,,
150.719,1636335616,1657884672,171.4375,1391,75,,,,,,,,
150.842,1638326272,1660026880,171.609375,1394,76,,,,,,,,
150.965,2262904832,2334953472,171.71875,1412,81,,,,,,,,
151.089,2372128768,2420183040,171.90625,1412,81,,,,,,,,
151.213,2366623744,2414407680,171.984375,1412,81,,,,,,,,
151.337,2368000000,2415984640,172.140625,1412,81,,,,,,,,
151.459,2368987136,2417037312,172.234375,1412,81,,,,,,,,
151.584,2370478080,2418610176,172.421875,1412,81,,,,,,,,
151.709,2371600384,2419658752,172.546875,1412,81,,,,,,,,
151.827,1687412736,1729978368,172.703125,1405,80,,,,,,,,
151.942,1637163008,1678884864,172.75,1391,75,,,,,,,,
152.048,1638215680,1679933440,172.84375,1391,75,,,,,,,,
152.159,1639395328,1680986112,172.921875,1391,75,,,,,,,,
152.269,1640443904,1682034688,173.0625,1391,75,,,,,,,,
152.376,1641230336,1683083264,173.234375,1391,75,,,,,,,,
152.488,1635749888,1678352384,173.328125,1391,75,,,,,,,,
152.612,1636986880,1678876672,173.5625,1391,75,,,,,,,,
152.722,1638100992,1679929344,173.65625,1391,75,,,,,,,,
152.846,1639763968,1683087360,173.8125,1392,76,,,,,,,,
152.955,1640747008,1684135936,173.90625,1392,76,,,,,,,,
153.061,1643315200,1686122496,174.109375,1392,76,,,,,,,,
153.173,1638785024,1682100224,174.234375,1392,76,,,,,,,,
153.283,1639751680,1682624512,174.34375,1392,76,,,,,,,,
153.391,1640800256,1683677184,174.453125,1392,76,,,,,,,,
153.501,1641558016,1684729856,174.578125,1392,76,,,,,,,,
153.612,1642680320,1685778432,174.71875,1392,76,,,,,,,,
153.722,1643622400,1686827008,174.84375,1392,76,,,,,,,,
153.831,1644654592,1687875584,174.984375,1392,76,,,,,,,,
153.939,1639206912,1682100224,175.078125,1392,76,,,,,,,,
154.049,1640124416,1683152896,175.21875,1392,76,,,,,,,,
154.172,1641238528,1684201472,175.328125,1392,76,,,,,,,,
154.293,1642426368,1685778432,175.453125,1392,76,,,,,,,,
154.407,1642508288,1685147648,175.640625,1392,76,,,,,,,,
154.525,1643819008,1686720512,175.75,1392,76,,,,,,,,
154.637,1637900288,1680945152,175.875,1392,76,,,,,,,,
154.746,1638912000,1681997824,175.984375,1392,76,,,,,,,,
154.875,1638494208,1668915200,176.078125,1392,76,,,,,,,,
154.992,1639608320,1669963776,176.171875,1392,76,,,,,,,,
155.116,1640853504,1671012352,176.421875,1392,76,,,,,,,,
155.241,1643667456,1674027008,176.546875,1392,76,,,,,,,,
155.363,1638162432,1668251648,176.734375,1392,76,,,,,,,,
155.473,1639079936,1669304320,176.796875,1392,76,,,,,,,,
155.581,1639931904,1670356992,177.015625,1392,76,,,,,,,,
155.691,1640726528,1671405568,177.09375,1392,76,,,,,,,,
155.799,1641709568,1671929856,177.28125,1392,76,,,,,,,,
155.919,2169810944,2225561600,177.4375,1409,80,,,,,,,,
156.032,2347261952,2428866560,177.65625,1409,80,,,,,,,,
156.141,2365878272,2414075904,177.71875,1409,80,,,,,,,,
156.249,2366935040,2415124480,177.78125,1409,80,,,,,,,,
156.372,2333732864,2381799424,177.90625,1409,80,,,,,,,,
156.484,2330333184,2378563584,177.984375,1409,80,,,,,,,,
156.59,2332008448,2380054528,178.1875,1409,80,,,,,,,,
156.7,2333884416,2381950976,178.25,1409,80,,,,,,,,
156.822,1627545600,1670287360,178.375,1399,78,,,,,,,,
156.946,1601142784,1642078208,178.4375,1389,75,,,,,,,,
157.068,1603821568,1644756992,178.578125,1389,75,,,,,,,,
157.195,1600483328,1641590784,178.6875,1389,75,,,,,,,,
157.322,1602707456,1643995136,178.890625,1389,75,,,,,,,,
157.446,1605410816,1646739456,178.953125,1389,75,,,,,,,,
157.574,1608261632,1649975296,179.09375,1389,75,,,,,,,,
157.693,1610797056,1652457472,179.1875,1389,75,,,,,,,,
157.819,1608577024,1650388992,179.34375,1389,75,,,,,,,,
157.943,1611792384,1652469760,179.421875,1388,74,,,,,,,,
158.068,1613754368,1656156160,179.546875,1388,74,,,,,,,,
158.193,1615855616,1658769408,179.640625,1388,74,,,,,,,,
158.315,1618219008,1661231104,179.765625,1388,74,,,,,,,,
158.424,1617141760,1663197184,179.90625,1388,74,,,,,,,,
158.531,1611620352,1657683968,180.015625,1388,74,,,,,,,,
158.64,1612783616,1658892288,180.125,1388,74,,,,,,,,
158.761,1614442496,1660461056,180.1875,1388,74,,,,,,,,
158.885,1616261120,1664274432,180.296875,1389,75,,,,,,,,
159.009,1617428480,1664929792,180.40625,1389,75,,,,,,,,
159.133,1612144640,1659809792,180.546875,1389,75,,,,,,,,
159.259,1614794752,1661882368,180.703125,1389,75,,,,,,,,
159.388,1616990208,1663995904,180.828125,1389,75,,,,,,,,
159.509,1618563072,1664897024,180.90625,1389,75,,,,,,,,
159.636,1619935232,1666576384,181.0625,1389,75,,,,,,,,
159.761,1621516288,1668186112,181.171875,1389,75,,,,,,,,
159.887,1610899456,1640300544,181.34375,1389,75,,,,,,,,
160.009,1612726272,1641672704,181.453125,1389,75,,,,,,,,
160.137,1614577664,1644531712,181.5625,1389,75,,,,,,,,
160.259,1616445440,1647034368,181.6875,1389,75,,,,,,,,
160.387,1618182144,1648230400,181.921875,1389,75,,,,,,,,
160.508,1617268736,1649680384,182.03125,1389,75,,,,,,,,
160.635,1611571200,1643909120,182.1875,1389,75,,,,,,,,
160.758,1612689408,1644961792,182.28125,1389,75,,,,,,,,
160.883,1624653824,2171580416,182.484375,1407,80,,,,,,,,
161.007,2244087808,2324983808,182.546875,1409,80,,,,,,,,
161.128,2357030912,2416865280,182.703125,1409,80,,,,,,,,
161.238,2358009856,2417393664,182.78125,1409,80,,,,,,,,
161.361,2359136256,2418442240,182.953125,1409,80,,,,,,,,
161.471,2360479744,2420019200,183.046875,1409,80,,,,,,,,
161.58,2361331712,2420543488,183.171875,1409,80,,,,,,,,
161.692,2362519552,2421592064,183.25,1409,80,,,,,,,,
161.815,2357567488,2416340992,183.453125,1409,80,,,,,,,,
161.937,1632620544,1685356544,183.53125,1391,75,,,,,,,,
162.046,1633644544,1686478848,183.5625,1391,75,,,,,,,,
162.157,1634762752,1687580672,183.6875,1391,75,,,,,,,,
162.265,1635926016,1688629248,183.75,1391,75,,,,,,,,
162.376,1629360128,1681821696,183.9375,1391,75,,,,,,,,
162.487,1630154752,1682874368,184.015625,1391,75,,,,,,,,
162.594,1631129600,1683398656,184.171875,1391,75,,,,,,,,
162.703,1632243712,1684451328,184.25,1391,75,,,,,,,,
162.813,1633292288,1685499904,184.421875,1391,75,,,,,,,,
162.937,1635016704,1687072768,184.515625,1391,75,,,,,,,,
163.046,1629450240,1681297408,184.671875,1391,75,,,,,,,,
163.152,1632047104,1683902464,184.84375,1391,75,,,,,,,,
163.262,1633030144,1684951040,184.953125,1391,75,,,,,,,,
163.387,1634275328,1686003712,185.140625,1391,75,,,,,,,,
163.509,1635635200,1687576576,185.28125,1391,75,,,,,,,,
163.632,1636843520,1688625152,185.421875,1391,75,,,,,,,,
163.757,1631154176,1682849792,185.578125,1391,75,,,,,,,,
163.881,1632821248,1684951040,185.6875,1391,75,,,,,,,,
164.002,1633992704,1685479424,185.84375,1391,75,,,,,,,,
164.11,1635110912,1686528000,186.078125,1391,75,,,,,,,,
164.22,1636163584,1687576576,186.234375,1391,75,,,,,,,,
164.334,1637085184,1688625152,186.40625,1391,75,,,,,,,,
164.453,1629847552,1681825792,186.53125,1391,75,,,,,,,,
164.572,1630883840,1682350080,186.6875,1391,75,,,,,,,,
164.689,1631801344,1683402752,186.734375,1391,75,,,,,,,,
164.797,1630801920,1662062592,186.859375,1391,75,,,,,,,,
164.913,1632587776,1663635456,187.0625,1391,75,,,,,,,,
165.036,1633701888,1664684032,187.296875,1391,75,,,,,,,,
165.158,1629446144,1660985344,187.40625,1391,75,,,,,,,,
165.289,1630646272,1662038016,187.515625,1391,75,,,,,,,,
165.405,1631649792,1662746624,187.65625,1391,75,,,,,,,,
165.517,1632763904,1663799296,187.71875,1391,75,,,,,,,,
165.641,1633878016,1664847872,187.796875,1391,75,,,,,,,,
165.751,1635004416,1665896448,188,1391,75,,,,,,,,
165.856,1629241344,1660112896,188.09375,1388,74,,,,,,,,
165.967,1630404608,1660637184,188.296875,1388,74,,,,,,,,
166.09,1631436800,1660633088,188.484375,1385,73,,,,,,,,
166.2,1632550912,1661685760,188.5625,1385,73,,,,,,,,
166.323,1633456128,1662734336,188.71875,1385,73,,,,,,,,
166.449,1632870400,1662062592,188.875,1385,73,,,,,,,,
166.572,1634054144,1663111168,189.046875,1385,73,,,,,,,,
166.698,1628483584,1657335808,189.140625,1385,73,,,,,,,,
166.823,1629650944,1658912768,189.296875,1385,73,,,,,,,,
166.948,1631145984,1660395520,189.46875,1377,71,,,,,,,,
167.067,1632268288,1661444096,189.640625,1377,71,,,,,,,,
167.195,1635131392,1664040960,189.859375,1377,71,,,,,,,,
167.319,1629532160,1658789888,190.03125,1377,71,,,,,,,,
167.443,1630613504,1659842560,190.171875,1377,71,,,,,,,,
167.577,1631625216,1660366848,190.265625,1377,71,,,,,,,,
167.692,1632706560,1661943808,190.359375,1377,71,,,,,,,,
167.818,1572614144,1601638400,190.484375,1377,71,,,,,,,,
167.949,1574137856,1603211264,190.546875,1377,71,,,,,,,,
168.064,1568378880,1597435904,190.640625,1377,71,,,,,,,,
168.187,1569603584,1598488576,190.71875,1377,71,,,,,,,,
168.294,1570484224,1599012864,190.828125,1377,71,,,,,,,,
168.408,1569927168,1599041536,190.921875,1377,71,,,,,,,,
168.532,1571168256,1599565824,191.046875,1377,71,,,,,,,,
168.657,1572478976,1601138688,191.15625,1377,71,,,,,,,,
168.778,1566928896,1595887616,191.3125,1377,71,,,,,,,,
168.889,1568530432,1595883520,191.46875,1376,70,,,,,,,,
168.999,1569583104,1596932096,191.5625,1376,70,,,,,,,,
169.111,1571606528,1599021056,191.71875,1376,70,,,,,,,,
169.222,1572589568,1600069632,191.8125,1376,70,,,,,,,,
169.349,1573507072,1601118208,192.03125,1376,70,,,,,,,,
169.475,1567870976,1595342848,192.125,1376,70,,,,,,,,
169.598,1568919552,1596395520,192.265625,1376,70,,,,,,,,
169.724,1570099200,1597444096,192.40625,1376,70,,,,,,,,
169.847,1571733504,1601126400,192.546875,1377,71,,,,,,,,
169.956,1572745216,1601126400,192.609375,1377,71,,,,,,,,
170.077,1573662720,1602174976,192.703125,1377,71,,,,,,,,
170.192,1568051200,1596923904,192.78125,1377,71,,,,,,,,
170.316,1569083392,1597976576,192.921875,1377,71,,,,,,,,
170.44,1568608256,1597468672,192.984375,1377,71,,,,,,,,
170.55,1569312768,1597997056,193.125,1377,71,,,,,,,,
170.658,1570299904,1599045632,193.203125,1377,71,,,,,,,,
170.768,1571479552,1600094208,193.3125,1377,71,,,,,,,,
170.893,1566306304,1595367424,193.53125,1377,71,,,,,,,,
171.014,1567416320,1595891712,193.609375,1377,71,,,,,,,,
171.124,1568694272,1596944384,193.765625,1377,71,,,,,,,,
171.245,1570021376,1598521344,193.84375,1377,71,,,,,,,,
171.357,1570816000,1599045632,193.984375,1377,71,,,,,,,,
171.482,1571938304,1600094208,194.0625,1377,71,,,,,,,,
171.591,1572921344,1601142784,194.171875,1377,71,,,,,,,,
171.713,1567162368,1595367424,194.28125,1377,71,,,,,,,,
171.839,1567936512,1596420096,194.40625,1377,71,,,,,,,,
171.963,1569730560,1598521344,194.484375,1377,71,,,,,,,,
172.091,1570836480,1599045632,194.625,1377,71,,,,,,,,
172.211,1571819520,1600094208,194.6875,1377,71,,,,,,,,
172.334,1572999168,1601142784,194.828125,1377,71,,,,,,,,
172.459,1565757440,1594343424,194.96875,1377,71,,,,,,,,
172.584,1566920704,1595396096,195.078125,1377,71,,,,,,,,
172.709,1568043008,1596448768,195.203125,1377,71,,,,,,,,
172.833,1569419264,1597497344,195.375,1377,71,,,,,,,,
172.958,1571090432,1599594496,195.5,1377,71,,,,,,,,
173.082,1565306880,1593819136,195.671875,1377,71,,,,,,,,
173.189,1566547968,1594343424,195.734375,1377,71,,,,,,,,
173.301,1567342592,1595396096,195.875,1377,71,,,,,,,,
173.434,1568591872,1596448768,195.953125,1377,71,,,,,,,,
173.546,1569443840,1597497344,196.0625,1377,71,,,,,,,,
173.655,1570230272,1598021632,196.15625,1377,71,,,,,,,,
173.765,1571319808,1599070208,196.28125,1377,71,,,,,,,,
173.873,1565241344,1593815040,196.359375,1377,71,,,,,,,,
173.984,1566208000,1594339328,196.421875,1377,71,,,,,,,,
174.091,1566994432,1594867712,196.59375,1377,71,,,,,,,,
174.211,1568112640,1596444672,196.703125,1377,71,,,,,,,,
174.327,1569435648,1596968960,196.8125,1377,71,,,,,,,,
174.435,1569361920,1596895232,197,1377,71,,,,,,,,
174.545,1570213888,1597943808,197.125,1377,71,,,,,,,,
174.653,1564594176,1592696832,197.21875,1377,71,,,,,,,,
174.764,1565057024,1593221120,197.359375,1377,71,,,,,,,,
174.887,1566793728,1595850752,197.515625,1377,71,,,,,,,,
174.995,1567879168,1596375040,197.609375,1377,71,,,,,,,,
175.122,1568993280,1597423616,197.921875,1377,71,,,,,,,,
175.245,1563652096,1592696832,198.03125,1377,71,,,,,,,,
175.371,1564811264,1593221120,198.21875,1377,71,,,,,,,,
175.494,1565741056,1594273792,198.34375,1377,71,,,,,,,,
175.619,1567047680,1595326464,198.484375,1377,71,,,,,,,,
175.742,1568161792,1596375040,198.546875,1377,71,,,,,,,,
175.864,1569673216,1597947904,198.65625,1379,71,,,,,,,,
175.992,1569673216,1597947904,198.734375,1379,71,,,,,,,,
176.115,1569656832,1597915136,198.875,1377,70,,,,,,,,
176.235,1557676032,1586155520,198.96875,1278,63,,,,,,,,
176.352,1558704128,1586679808,199.203125,1277,63,,,,,,,,
176.472,1560338432,1588256768,199.25,1277,63,,,,,,,,
176.597,1561767936,1589309440,199.4375,1277,63,,,,,,,,
176.707,1560358912,1590358016,199.5,1277,63,,,,,,,,
176.817,1561276416,1591406592,199.625,1277,63,,,,,,,,
176.941,1555591168,1586155520,199.6875,1277,63,,,,,,,,
177.067,1557131264,1586679808,199.84375,1277,63,,,,,,,,
177.188,1558249472,1588256768,199.921875,1277,63,,,,,,,,
177.299,1559236608,1589309440,200.046875,1277,63,,,,,,,,
177.407,1560170496,1589833728,200.234375,1277,63,,,,,,,,
177.516,1561366528,1590882304,200.375,1277,63,,,,,,,,
177.623,1562284032,1591930880,200.46875,1277,63,,,,,,,,
177.733,1553821696,1586155520,200.5625,1277,63,,,,,,,,
177.842,1554935808,1587208192,200.6875,1277,63,,,,,,,,
177.953,1556066304,1588260864,200.796875,1277,63,,,,,,,,
178.063,1556852736,1589309440,200.90625,1277,63,,,,,,,,
178.17,1557975040,1590358016,201.03125,1277,63,,,,,,,,
178.282,1558446080,1591066624,201.140625,1335,69,,,,,,,,
178.405,1558446080,1591066624,201.28125,1333,69,,,,,,,,
178.531,1564635136,1597284352,201.390625,1357,71,,,,,,,,
178.68,1566248960,1598464000,201.484375,1382,73,,,,,,,,
178.793,1561919488,1598046208,201.59375,1388,74,,,,,,,,
178.903,1563574272,1600147456,201.765625,1388,74,,,,,,,,
179.013,1564745728,1601196032,201.890625,1388,74,,,,,,,,
179.136,1566371840,1602244608,202.0625,1388,74,,,,,,,,
179.248,1560621056,1596993536,202.1875,1388,74,,,,,,,,
179.358,1561718784,1597517824,202.296875,1388,74,,,,,,,,
179.467,1562505216,1598046208,202.359375,1388,74,,,,,,,,
179.59,1563357184,1599094784,202.484375,1388,74,,,,,,,,
179.699,1560891392,1600147456,202.578125,1388,74,,,,,,,,
179.808,1561874432,1601196032,202.703125,1388,74,,,,,,,,
179.92,1563602944,1602768896,202.8125,1388,74,,,,,,,,
180.028,1557970944,1596993536,202.96875,1388,74,,,,,,,,
180.139,1559154688,1598046208,203.140625,1385,74,,,,,,,,
180.262,1560334336,1599094784,203.265625,1385,74,,,,,,,,
180.383,1561579520,1600147456,203.421875,1385,74,,,,,,,,
180.511,1562693632,1601196032,203.5,1385,74,,,,,,,,
180.633,1564078080,1602768896,203.65625,1385,74,,,,,,,,
180.758,1553780736,1596993536,203.8125,1385,74,,,,,,,,
180.883,1555415040,1599098880,204.0625,1385,74,,,,,,,,
181.005,1556402176,1599623168,204.171875,1385,74,,,,,,,,
181.128,1557467136,1601196032,204.40625,1385,74,,,,,,,,
181.254,1558564864,1602244608,204.546875,1385,74,,,,,,,,
181.378,1559547904,1602768896,204.734375,1385,74,,,,,,,,
181.5,1553911808,1597517824,204.84375,1385,74,,,,,,,,
181.611,1554829312,1598046208,205.015625,1385,74,,,,,,,,
181.734,1551835136,1599623168,205.125,1385,74,,,,,,,,
181.842,1553506304,1601196032,205.3125,1385,74,,,,,,,,
181.953,1554493440,1602244608,205.390625,1385,74,,,,,,,,
182.061,1548742656,1596993536,205.5625,1385,74,,,,,,,,
182.17,1549709312,1597517824,205.703125,1385,74,,,,,,,,
182.281,1550626816,1598570496,205.796875,1385,74,,,,,,,,
182.403,1551740928,1599623168,205.984375,1385,74,,,,,,,,
182.525,1552986112,1600671744,206.171875,1385,74,,,,,,,,
182.649,1553903616,1601720320,206.3125,1385,74,,,,,,,,
182.775,1552302080,1602768896,206.40625,1385,74,,,,,,,,
182.902,1547255808,1598046208,206.578125,1385,74,,,,,,,,
183.024,1548369920,1599094784,206.65625,1385,74,,,,,,,,
183.15,1550815232,1601609728,206.8125,1385,74,,,,,,,,
183.273,1553285120,1603883008,206.921875,1385,74,,,,,,,,
183.397,1554538496,1605455872,207.046875,1385,74,,,,,,,,
183.52,1548918784,1599680512,207.140625,1385,74,,,,,,,,
183.631,1550032896,1600733184,207.3125,1385,74,,,,,,,,
183.755,1549303808,1601781760,207.4375,1385,74,,,,,,,,
183.877,1551011840,1603358720,207.53125,1385,74,,,,,,,,
183.989,1552007168,1604407296,207.625,1385,74,,,,,,,,
184.113,1552760832,1605992448,207.78125,1385,74,,,,,,,,
184.239,1547694080,1600217088,207.921875,1385,74,,,,,,,,
184.36,1548746752,1601269760,208.09375,1385,74,,,,,,,,
184.469,1549860864,1602322432,208.171875,1385,74,,,,,,,,
184.578,1550843904,1603371008,208.296875,1385,74,,,,,,,,
184.701,1551564800,1604419584,208.421875,1385,74,,,,,,,,
184.826,1552760832,1606516736,208.546875,1385,74,,,,,,,,
184.936,1547489280,1599160320,208.671875,1384,73,,,,,,,,
185.059,1548546048,1600737280,208.84375,1384,73,,,,,,,,
185.175,1551679488,1603756032,209.015625,1384,73,,,,,,,,
185.306,1552924672,1604804608,209.15625,1384,73,,,,,,,,
185.43,1554169856,1605853184,209.296875,1384,73,,,,,,,,
185.549,1548533760,1600602112,209.453125,1384,73,,,,,,,,
185.663,1549496320,1601654784,209.578125,1384,73,,,,,,,,
185.789,1550659584,1602703360,209.765625,1384,73,,,,,,,,
185.912,1552314368,1605337088,209.90625,1385,74,,,,,,,,
186.036,1553235968,1606909952,210.015625,1385,74,,,,,,,,
186.158,1554350080,1607434240,210.125,1385,74,,,,,,,,
186.267,1548386304,1601658880,210.25,1385,74,,,,,,,,
186.387,1549438976,1602711552,210.40625,1385,74,,,,,,,,
186.498,1550422016,1603760128,210.5,1385,74,,,,,,,,
186.608,1551470592,1604812800,210.59375,1385,74,,,,,,,,
186.729,1548406784,1605861376,210.65625,1385,74,,,,,,,,
186.854,1550110720,1607434240,210.84375,1385,74,,,,,,,,
186.978,1544409088,1602187264,210.96875,1385,74,,,,,,,,
187.102,1547001856,1604317184,211.125,1385,74,,,,,,,,
187.222,1548091392,1605894144,211.203125,1385,74,,,,,,,,
187.332,1549099008,1606418432,211.296875,1385,74,,,,,,,,
187.457,1550155776,1607991296,211.375,1385,74,,,,,,,,
187.568,1551253504,1609039872,211.578125,1385,74,,,,,,,,
187.689,1545302016,1602740224,211.65625,1385,74,,,,,,,,
187.8,1546276864,1603792896,211.765625,1385,74,,,,,,,,
187.923,1547931648,1605894144,211.859375,1385,74,,,,,,,,
188.031,1548832768,1606418432,211.96875,1385,74,,,,,,,,
188.141,1549819904,1607467008,212.0625,1385,74,,,,,,,,
188.25,1551065088,1608515584,212.1875,1385,74,,,,,,,,
188.358,1542565888,1600581632,212.359375,1385,74,,,,,,,,
188.477,1543663616,1601105920,212.484375,1385,74,,,,,,,,
188.593,1544843264,1602158592,212.609375,1385,74,,,,,,,,
188.702,1545662464,1603211264,212.71875,1385,74,,,,,,,,
188.81,1546887168,1604259840,212.796875,1385,74,,,,,,,,
188.92,1548394496,1605832704,212.953125,1385,74,,,,,,,,
189.042,1542709248,1600581632,213.125,1385,74,,,,,,,,
189.157,1545420800,1603182592,213.1875,1385,74,,,,,,,,
189.276,1546543104,1604235264,213.28125,1385,74,,,,,,,,
189.402,1547329536,1604759552,213.375,1385,74,,,,,,,,
189.524,1548582912,1606332416,213.53125,1385,74,,,,,,,,
189.648,1549697024,1607380992,213.703125,1385,74,,,,,,,,
189.771,1541677056,1602129920,213.84375,1385,74,,,,,,,,
189.894,1543168000,1603182592,213.9375,1385,74,,,,,,,,
190.017,1544282112,1604231168,214.03125,1385,74,,,,,,,,
190.126,1545396224,1605283840,214.15625,1384,74,,,,,,,,
190.237,1546448896,1606332416,214.265625,1384,74,,,,,,,,
190.362,1547628544,1607905280,214.359375,1384,74,,,,,,,,
190.485,1539915776,1600159744,214.421875,1384,74,,,,,,,,
190.61,1541210112,1601212416,214.625,1384,74,,,,,,,,
190.734,1542344704,1602789376,214.71875,1384,74,,,,,,,,
190.859,1543839744,1602781184,214.875,1383,73,,,,,,,,
190.98,1544888320,1603829760,214.96875,1383,73,,,,,,,,
191.105,1547714560,1606594560,215.125,1383,73,,,,,,,,
191.228,1542094848,1602404352,215.171875,1384,74,,,,,,,,
191.35,1543012352,1602928640,215.3125,1384,74,,,,,,,,
191.474,1544245248,1604505600,215.40625,1384,74,,,,,,,,
191.6,1545375744,1605554176,215.671875,1384,74,,,,,,,,
191.722,1538613248,1606602752,215.765625,1384,74,,,,,,,,
191.848,1540317184,1608175616,215.953125,1384,74,,,,,,,,
191.97,1534156800,1601871872,216.015625,1384,74,,,,,,,,
192.082,1535074304,1602924544,216.21875,1384,74,,,,,,,,
192.204,1536188416,1603973120,216.390625,1384,74,,,,,,,,
192.325,1537331200,1605550080,216.546875,1384,74,,,,,,,,
192.449,1536802816,1605046272,216.609375,1384,74,,,,,,,,
192.574,1538183168,1606623232,216.765625,1384,74,,,,,,,,
192.699,1527623680,1600847872,216.953125,1384,74,,,,,,,,
192.822,1528844288,1601900544,217.125,1384,74,,,,,,,,
192.943,1530683392,1603477504,217.28125,1384,74,,,,,,,,
193.072,1531801600,1604526080,217.421875,1384,74,,,,,,,,
193.197,1534410752,1607651328,217.546875,1384,74,,,,,,,,
193.323,1528832000,1601875968,217.65625,1384,74,,,,,,,,
193.447,1529888768,1602928640,217.71875,1384,74,,,,,,,,
193.557,1531006976,1603977216,217.859375,1384,74,,,,,,,,
193.677,1532055552,1605029888,217.984375,1384,74,,,,,,,,
193.788,1532948480,1606078464,218.09375,1384,74,,,,,,,,
193.913,1534595072,1608175616,218.203125,1384,74,,,,,,,,
194.038,1528950784,1601875968,218.3125,1384,74,,,,,,,,
194.16,1529937920,1602928640,218.453125,1384,74,,,,,,,,
194.271,1530929152,1603977216,218.609375,1384,74,,,,,,,,
194.393,1530363904,1603481600,218.75,1384,74,,,,,,,,
194.501,1531416576,1604530176,218.84375,1384,74,,,,,,,,
194.612,1532465152,1605578752,218.984375,1384,74,,,,,,,,
194.735,1526910976,1600327680,219.046875,1384,74,,,,,,,,
194.857,1528274944,1601380352,219.21875,1384,74,,,,,,,,
194.979,1529528320,1602957312,219.34375,1384,74,,,,,,,,
195.104,1532186624,1605029888,219.5,1384,74,,,,,,,,
195.233,1533173760,1606078464,219.546875,1384,74,,,,,,,,
195.355,1534156800,1607127040,219.703125,1384,74,,,,,,,,
195.476,1528541184,1601875968,219.75,1384,74,,,,,,,,
195.604,1529458688,1602400256,219.96875,1384,74,,,,,,,,
195.726,1530253312,1603977216,220.078125,1384,74,,,,,,,,
195.851,1531961344,1605554176,220.234375,1384,74,,,,,,,,
195.979,1532952576,1606602752,220.28125,1384,74,,,,,,,,
196.091,1534001152,1607651328,220.453125,1384,74,,,,,,,,
196.213,1528283136,1600819200,220.5625,1383,73,,,,,,,,
196.338,1529401344,1601871872,220.6875,1383,73,,,,,,,,
196.462,1528606720,1601208320,220.796875,1383,73,,,,,,,,
196.585,1529593856,1602260992,220.953125,1383,73,,,,,,,,
196.709,1530904576,1603309568,221.03125,1383,73,,,,,,,,
196.834,1531957248,1604358144,221.25,1383,73,,,,,,,,
196.956,1526652928,1599107072,221.359375,1383,73,,,,,,,,
197.069,1527775232,1600159744,221.5,1383,73,,,,,,,,
197.191,1530376192,1602756608,221.59375,1383,73,,,,,,,,
197.316,1531686912,1604333568,221.78125,1383,73,,,,,,,,
197.425,1532805120,1605382144,221.921875,1383,73,,,,,,,,
197.547,1533657088,1605906432,222.078125,1383,73,,,,,,,,
197.656,1527906304,1600655360,222.21875,1383,73,,,,,,,,
197.769,1528811520,1601179648,222.375,1383,73,,,,,,,,
197.891,1530597376,1604341760,222.5,1384,74,,,,,,,,
198.014,1531580416,1604866048,222.640625,1384,74,,,,,,,,
198.122,1532641280,1605914624,222.8125,1384,74,,,,,,,,
198.233,1533689856,1606963200,222.921875,1384,74,,,,,,,,
198.34,1527746560,1601712128,223.03125,1384,74,,,,,,,,
198.453,1527037952,1600684032,223.15625,1384,74,,,,,,,,
198.562,1528152064,1601736704,223.28125,1384,74,,,,,,,,
198.672,1529204736,1602789376,223.484375,1384,74,,,,,,,,
198.782,1530253312,1603837952,223.609375,1384,74,,,,,,,,
198.905,1532092416,1605410816,223.828125,1384,74,,,,,,,,
199.014,1526202368,1600159744,223.9375,1384,74,,,,,,,,
199.124,1527312384,1600688128,224.125,1384,74,,,,,,,,
199.25,1528492032,1601736704,224.203125,1384,74,,,,,,,,
199.358,1529479168,1602793472,224.34375,1384,74,,,,,,,,
199.469,1530527744,1603842048,224.5,1384,74,,,,,,,,
199.577,1531510784,1604890624,224.671875,1384,74,,,,,,,,
199.7,1532628992,1605939200,224.78125,1384,74,,,,,,,,
199.81,1526800384,1600163840,224.921875,1384,74,,,,,,,,
199.917,1528242176,1601740800,224.953125,1384,74,,,,,,,,
200.04,1529290752,1602793472,225.15625,1384,74,,,,,,,,
200.164,1530150912,1603842048,225.3125,1384,74,,,,,,,,
200.289,1531592704,1605414912,225.484375,1384,74,,,,,,,,
200.414,1531019264,1604390912,225.703125,1384,74,,,,,,,,
200.538,1525383168,1598615552,225.921875,1384,74,,,,,,,,
200.662,1526497280,1599668224,226.03125,1384,74,,,,,,,,
200.786,1527742464,1601245184,226.140625,1384,74,,,,,,,,
200.911,1529380864,1602818048,226.28125,1384,74,,,,,,,,
201.037,1530499072,1603866624,226.390625,1384,74,,,,,,,,
201.172,1524752384,1598615552,226.53125,1384,74,,,,,,,,
201.286,1525915648,1599139840,226.65625,1384,74,,,,,,,,
201.411,1527029760,1600192512,226.84375,1384,74,,,,,,,,
201.533,1527947264,1601245184,226.953125,1384,74,,,,,,,,
201.64,1528930304,1602293760,227.078125,1384,74,,,,,,,,
201.751,1529847808,1603342336,227.15625,1384,74,,,,,,,,
201.861,1531224064,1604390912,227.296875,1384,74,,,,,,,,
201.97,1525587968,1599139840,227.390625,1384,74,,,,,,,,
202.075,1526505472,1599668224,227.53125,1384,74,,,,,,,,
202.185,1527431168,1601245184,227.578125,1384,74,,,,,,,,
202.297,1528537088,1601769472,227.703125,1384,74,,,,,,,,
202.407,1529520128,1602818048,227.828125,1384,74,,,,,,,,
202.53,1529159680,1602838528,227.9375,1384,74,,,,,,,,
202.642,1523421184,1597063168,228.109375,1384,74,,,,,,,,
202.75,1524699136,1598115840,228.21875,1384,74,,,,,,,,
202.872,1526321152,1598636032,228.40625,1383,73,,,,,,,,
202.986,1527500800,1599684608,228.53125,1383,73,,,,,,,,
203.109,1528619008,1600733184,228.671875,1383,73,,,,,,,,
203.231,1523052544,1595482112,228.796875,1383,73,,,,,,,,
203.342,1524035584,1596534784,228.9375,1383,73,,,,,,,,
203.469,1525149696,1597583360,229.078125,1383,73,,,,,,,,
203.59,1526460416,1598636032,229.25,1383,73,,,,,,,,
203.706,1527246848,1599684608,229.328125,1383,73,,,,,,,,
203.825,1528360960,1600733184,229.4375,1383,73,,,,,,,,
203.951,1523429376,1597063168,229.53125,1384,74,,,,,,,,
204.073,1524494336,1598115840,229.71875,1384,74,,,,,,,,
204.199,1525694464,1599164416,229.828125,1384,74,,,,,,,,
204.31,1526743040,1600217088,230.03125,1384,74,,,,,,,,
204.433,1527857152,1601265664,230.125,1384,74,,,,,,,,
204.556,1529102336,1602314240,230.28125,1384,74,,,,,,,,
204.681,1523515392,1597063168,230.359375,1384,74,,,,,,,,
204.802,1524535296,1598640128,230.546875,1384,74,,,,,,,,
204.927,1526218752,1599692800,230.78125,1384,74,,,,,,,,
205.052,1527341056,1601265664,230.984375,1384,74,,,,,,,,
205.177,1528586240,1601789952,231.15625,1384,74,,,,,,,,
205.3,1529704448,1602838528,231.25,1384,74,,,,,,,,
205.41,1523941376,1597063168,231.296875,1384,74,,,,,,,,
205.535,1524989952,1598115840,231.421875,1384,74,,,,,,,,
205.659,1525907456,1599164416,231.515625,1384,74,,,,,,,,
205.784,1527160832,1600741376,231.6875,1384,74,,,,,,,,
205.89,1528598528,1602314240,231.84375,1384,74,,,,,,,,
206.0,1522982912,1596538880,231.953125,1384,74,,,,,,,,
206.11,1524068352,1597591552,232.140625,1384,74,,,,,,,,
206.234,1524989952,1598115840,232.25,1384,74,,,,,,,,
206.357,1526865920,1599692800,232.40625,1384,74,,,,,,,,
206.465,1527783424,1600217088,232.53125,1384,74,,,,,,,,
206.575,1528438784,1601265664,232.703125,1384,74,,,,,,,,
206.689,1529683968,1602314240,232.765625,1384,74,,,,,,,,
206.808,1524137984,1597063168,232.90625,1384,74,,,,,,,,
206.918,1525628928,1598115840,233.03125,1384,74,,,,,,,,
207.041,1526743040,1599164416,233.125,1384,74,,,,,,,,
207.164,1527726080,1600217088,233.28125,1384,74,,,,,,,,
207.29,1528844288,1601265664,233.421875,1384,74,,,,,,,,
207.412,1529761792,1602314240,233.546875,1384,74,,,,,,,,
207.536,1524142080,1597063168,233.71875,1384,74,,,,,,,,
207.658,1525370880,1598115840,233.921875,1384,74,,,,,,,,
207.771,1526288384,1599164416,234.03125,1384,74,,,,,,,,
207.897,1528188928,1600741376,234.203125,1384,74,,,,,,,,
208.02,1529311232,1602314240,234.3125,1384,74,,,,,,,,
208.144,1523818496,1597063168,234.5,1384,74,,,,,,,,
208.253,1524654080,1597063168,234.609375,1384,74,,,,,,,,
208.377,1525637120,1598115840,234.71875,1384,74,,,,,,,,
208.489,1526554624,1599164416,234.796875,1384,74,,,,,,,,
208.613,1527930880,1600741376,234.921875,1384,74,,,,,,,,
208.736,1529372672,1601789952,235.03125,1384,74,,,,,,,,
208.845,1530761216,1603887104,235.1875,1384,74,,,,,,,,
208.957,1524383744,1597059072,235.28125,1382,74,,,,,,,,
209.066,1525374976,1598636032,235.4375,1382,74,,,,,,,,
209.188,1526480896,1599160320,235.546875,1382,74,,,,,,,,
209.3,1527529472,1600212992,235.6875,1382,74,,,,,,,,
209.423,1528516608,1601261568,235.765625,1382,74,,,,,,,,
209.532,1529548800,1602310144,235.875,1382,74,,,,,,,,
209.641,1523945472,1597063168,235.984375,1382,74,,,,,,,,
209.75,1524912128,1597587456,236.046875,1382,74,,,,,,,,
209.857,1526415360,1599164416,236.265625,1382,74,,,,,,,,
209.98,1527402496,1599692800,236.359375,1382,74,,,,,,,,
210.09,1528832000,1601265664,236.59375,1382,74,,,,,,,,
210.201,1530118144,1601789952,236.734375,1382,74,,,,,,,,
210.324,1524678656,1596538880,236.84375,1382,74,,,,,,,,
210.438,1525661696,1597591552,236.890625,1382,74,,,,,,,,
210.557,1526784000,1599168512,237.109375,1382,74,,,,,,,,
210.682,1528217600,1600217088,237.28125,1382,74,,,,,,,,
210.805,1529397248,1601265664,237.46875,1382,74,,,,,,,,
210.927,1531179008,1603362816,237.640625,1382,74,,,,,,,,
211.051,1525534720,1597591552,237.78125,1382,74,,,,,,,,
211.159,1526452224,1598115840,237.875,1382,74,,,,,,,,
211.27,1527308288,1599692800,237.953125,1382,74,,,,,,,,
211.394,1528422400,1600217088,238.046875,1382,74,,,,,,,,
211.516,1529405440,1601265664,238.109375,1382,74,,,,,,,,
211.628,1530388480,1602314240,238.296875,1382,74,,,,,,,,
211.737,1524383744,1597063168,238.375,1382,74,,,,,,,,
211.858,1525932032,1597587456,238.625,1382,74,,,,,,,,
211.968,1526923264,1599164416,238.703125,1382,74,,,,,,,,
212.091,1528033280,1599692800,238.875,1382,74,,,,,,,,
212.199,1529106432,1601265664,238.96875,1382,74,,,,,,,,
212.307,1530003456,1602314240,239.15625,1382,74,,,,,,,,
212.421,1531113472,1602838528,239.28125,1382,74,,,,,,,,
212.542,1525346304,1597063168,239.40625,1382,74,,,,,,,,
212.653,1526394880,1598115840,239.515625,1382,74,,,,,,,,
212.781,1527771136,1599692800,239.65625,1382,74,,,,,,,,
212.903,1529606144,1601265664,239.796875,1382,74,,,,,,,,
213.01,1530392576,1602314240,239.859375,1382,74,,,,,,,,
213.121,1526169600,1598525440,239.984375,1382,74,,,,,,,,
213.247,1528225792,1600274432,240.078125,1382,74,,,,,,,,
213.379,1529344000,1601327104,240.328125,1382,74,,,,,,,,
213.511,1530458112,1602379776,240.40625,1382,74,,,,,,,,
213.633,1531375616,1603428352,240.6875,1382,74,,,,,,,,
213.754,1532325888,1604476928,240.8125,1382,74,,,,,,,,
213.867,1533870080,1606574080,240.953125,1382,74,,,,,,,,
213.991,1528295424,1600270336,241.09375,1382,74,,,,,,,,
214.111,1529221120,1601323008,241.3125,1382,74,,,,,,,,
214.234,1530130432,1601847296,241.46875,1382,74,,,,,,,,
214.359,1531371520,1603424256,241.640625,1382,74,,,,,,,,
214.484,1532358656,1603948544,241.75,1382,74,,,,,,,,
214.605,1533538304,1605521408,242.015625,1382,74,,,,,,,,
214.714,1527681024,1599750144,242.109375,1382,74,,,,,,,,
214.824,1528688640,1600278528,242.203125,1382,74,,,,,,,,
214.936,1530195968,1601855488,242.390625,1382,74,,,,,,,,
215.044,1530982400,1602904064,242.484375,1382,74,,,,,,,,
215.169,1533943808,1605918720,242.59375,1382,74,,,,,,,,
215.292,1535057920,1606967296,242.78125,1382,74,,,,,,,,
215.419,1529131008,1601716224,242.984375,1382,74,,,,,,,,
215.528,1530085376,1601716224,243.0625,1382,74,,,,,,,,
215.638,1530937344,1602768896,243.1875,1382,74,,,,,,,,
215.746,1531854848,1603817472,243.296875,1382,74,,,,,,,,
215.859,1533235200,1604870144,243.40625,1382,74,,,,,,,,
215.968,1534152704,1605918720,243.4375,1382,74,,,,,,,,
216.076,1535135744,1606967296,243.609375,1382,74,,,,,,,,
216.186,1529135104,1601716224,243.65625,1382,74,,,,,,,,
216.295,1530155008,1601716224,243.796875,1382,74,,,,,,,,
216.406,1531138048,1602768896,243.875,1382,74,,,,,,,,
216.519,1532121088,1603817472,244,1382,74,,,,,,,,
216.64,1533235200,1604870144,244.109375,1382,74,,,,,,,,
216.762,1534349312,1605918720,244.28125,1382,74,,,,,,,,
216.887,1529450496,1601716224,244.484375,1382,74,,,,,,,,
216.996,1530286080,1602240512,244.5625,1382,74,,,,,,,,
217.119,1533083648,1604845568,244.6875,1382,74,,,,,,,,
217.243,1534328832,1605898240,244.875,1382,74,,,,,,,,
217.368,1535320064,1607471104,245.0625,1382,74,,,,,,,,
217.492,1536425984,1607995392,245.125,1382,74,,,,,,,,
217.616,1530691584,1603268608,245.359375,1382,74,,,,,,,,
217.74,1531645952,1603268608,245.5,1382,74,,,,,,,,
217.863,1533296640,1605369856,245.65625,1382,74,,,,,,,,
217.969,1534332928,1605898240,245.71875,1382,74,,,,,,,,
218.078,1535250432,1606946816,245.859375,1382,74,,,,,,,,
218.19,1536241664,1608519680,246,1382,74,,,,,,,,
218.315,1537503232,1610092544,246.15625,1382,74,,,,,,,,
218.439,1529163776,1601110016,246.34375,1382,74,,,,,,,,
218.563,1530408960,1602162688,246.53125,1382,74,,,,,,,,
218.692,1531785216,1603739648,246.71875,1382,74,,,,,,,,
218.81,1533030400,1604788224,246.84375,1382,74,,,,,,,,
218.92,1534349312,1605304320,247,1381,73,,,,,,,,
219.028,1528442880,1599528960,247.0625,1381,73,,,,,,,,
219.138,1529540608,1600053248,247.1875,1381,73,,,,,,,,
219.263,1532203008,1602654208,247.28125,1381,73,,,,,,,,
219.387,1533255680,1604231168,247.515625,1381,73,,,,,,,,
219.502,1534234624,1604755456,247.625,1381,73,,,,,,,,
219.636,1535352832,1605804032,247.8125,1381,73,,,,,,,,
219.759,1536421888,1607376896,247.921875,1381,73,,,,,,,,
219.882,1531187200,1603186688,248.140625,1382,74,,,,,,,,
220.008,1532485632,1604235264,248.21875,1382,74,,,,,,,,
220.131,1533403136,1605287936,248.34375,1382,74,,,,,,,,
220.256,1534648320,1606336512,248.46875,1382,74,,,,,,,,
220.382,1535762432,1607385088,248.625,1382,74,,,,,,,,
220.504,1528049664,1600163840,248.71875,1382,74,,,,,,,,
220.613,1529212928,1600688128,248.875,1382,74,,,,,,,,
220.722,1530261504,1601740800,248.96875,1382,74,,,,,,,,
220.83,1531244544,1602793472,249.140625,1382,74,,,,,,,,
220.942,1532882944,1604366336,249.296875,1382,74,,,,,,,,
221.067,1533800448,1605414912,249.5,1382,74,,,,,,,,
221.19,1529745408,1601880064,249.59375,1382,74,,,,,,,,
221.301,1530728448,1602404352,249.75,1382,74,,,,,,,,
221.423,1531846656,1603981312,249.828125,1382,74,,,,,,,,
221.531,1532760064,1604509696,249.921875,1382,74,,,,,,,,
221.641,1533747200,1605558272,250.078125,1382,74,,,,,,,,
221.763,1534648320,1606606848,250.15625,1382,74,,,,,,,,
221.873,1536172032,1607655424,250.28125,1382,74,,,,,,,,
221.995,1530208256,1601880064,250.390625,1382,74,,,,,,,,
222.12,1531322368,1602932736,250.5,1382,74,,,,,,,,
222.233,1532174336,1603981312,250.5625,1382,74,,,,,,,,
222.353,1531670528,1603481600,250.75,1382,74,,,,,,,,
222.478,1532915712,1604530176,250.859375,1382,74,,,,,,,,
222.602,1533964288,1605578752,251.09375,1382,74,,,,,,,,
222.724,1528528896,1600327680,251.1875,1382,74,,,,,,,,
222.848,1530023936,1600864256,251.40625,1382,74,,,,,,,,
222.959,1530912768,1602441216,251.53125,1382,74,,,,,,,,
223.084,1532252160,1602965504,251.6875,1382,74,,,,,,,,
223.207,1534914560,1605566464,251.84375,1382,74,,,,,,,,
223.317,1535897600,1606615040,252.0625,1382,74,,,,,,,,
223.442,1530388480,1601363968,252.1875,1382,74,,,,,,,,
223.569,1531506688,1602416640,252.375,1382,74,,,,,,,,
223.692,1532452864,1603469312,252.453125,1382,74,,,,,,,,
223.813,1533673472,1604517888,252.625,1382,74,,,,,,,,
223.927,1535180800,1606090752,252.6875,1382,74,,,,,,,,
224.051,1536163840,1606615040,252.8125,1382,74,,,,,,,,
224.172,1530331136,1600839680,252.984375,1382,74,,,,,,,,
224.286,1531576320,1602416640,253.1875,1382,74,,,,,,,,
224.409,1531273216,1601921024,253.359375,1382,74,,,,,,,,
224.532,1532387328,1602969600,253.453125,1382,74,,,,,,,,
224.641,1533304832,1604018176,253.609375,1382,74,,,,,,,,
224.751,1534550016,1605066752,253.734375,1382,74,,,,,,,,
224.86,1529028608,1598758912,253.859375,1381,73,,,,,,,,
224.97,1529942016,1599811584,253.96875,1381,73,,,,,,,,
225.081,1530929152,1600335872,254.265625,1381,73,,,,,,,,
225.19,1533460480,1602936832,254.34375,1381,73,,,,,,,,
225.318,1534705664,1604509696,254.46875,1381,73,,,,,,,,
225.44,1535819776,1605558272,254.625,1381,73,,,,,,,,
225.573,1530380288,1599782912,254.765625,1381,73,,,,,,,,
225.688,1531625472,1601359872,254.78125,1381,73,,,,,,,,
225.795,1532284928,1601888256,254.90625,1381,73,,,,,,,,
225.907,1534005248,1604517888,255.015625,1384,74,,,,,,,,
226.018,1534005248,1604517888,255.125,1384,74,,,,,,,,
226.14,1534005248,1604517888,255.21875,1384,74,,,,,,,,
226.28,1529217024,1599569920,255.390625,1287,66,,,,,,,,
226.39,1521889280,1592606720,255.5,1286,66,,,,,,,,
226.498,1523003392,1593659392,255.59375,1286,66,,,,,,,,
226.62,1524183040,1594707968,255.75,1286,66,,,,,,,,
226.73,1525362688,1595760640,255.8125,1286,66,,,,,,,,
226.853,1526484992,1597333504,255.9375,1286,66,,,,,,,,
226.979,1527459840,1597857792,256,1286,66,,,,,,,,
227.103,1521893376,1592606720,256.15625,1286,66,,,,,,,,
227.227,1524555776,1595207680,256.28125,1286,66,,,,,,,,
227.352,1525735424,1596256256,256.4375,1286,66,,,,,,,,
227.477,1526796288,1597833216,256.515625,1286,66,,,,,,,,
227.602,1528164352,1598881792,256.6875,1286,66,,,,,,,,
227.727,1529212928,1599930368,256.734375,1286,66,,,,,,,,
227.853,1523646464,1594155008,256.8125,1286,66,,,,,,,,
227.977,1524629504,1595207680,256.890625,1286,66,,,,,,,,
228.104,1525743616,1596260352,257.0625,1286,66,,,,,,,,
228.23,1526603776,1597308928,257.125,1285,66,,,,,,,,
228.352,1527009280,1597497344,257.3125,1349,72,,,,,,,,
228.476,1525460992,1595936768,257.375,1343,72,,,,,,,,
228.6,1532866560,1603219456,257.546875,1367,74,,,,,,,,
228.742,1533964288,1604403200,257.65625,1392,76,,,,,,,,
228.866,1530265600,1604509696,257.859375,1397,77,,,,,,,,
228.99,1531379712,1605558272,257.953125,1397,77,,,,,,,,
229.111,1532559360,1606610944,258.109375,1398,77,,,,,,,,
229.222,1533542400,1607659520,258.234375,1398,77,,,,,,,,
229.346,1534656512,1608708096,258.40625,1398,77,,,,,,,,
229.456,1529040896,1603457024,258.5,1398,77,,,,,,,,
229.576,1530155008,1604509696,258.625,1398,77,,,,,,,,
229.689,1531006976,1605033984,258.6875,1398,77,,,,,,,,
229.812,1532252160,1606610944,258.796875,1398,77,,,,,,,,
229.934,1533890560,1608183808,258.859375,1398,77,,,,,,,,
230.043,1534873600,1609232384,258.984375,1398,77,,,,,,,,
230.156,1529114624,1603457024,259.078125,1395,77,,,,,,,,
230.266,1530228736,1604509696,259.25,1395,77,,,,,,,,
230.389,1529860096,1604009984,259.40625,1395,77,,,,,,,,
230.513,1530908672,1605062656,259.484375,1395,77,,,,,,,,
230.638,1531957248,1606111232,259.609375,1395,77,,,,,,,,
230.761,1533272064,1607684096,259.734375,1395,77,,,,,,,,
230.884,1528102912,1602961408,259.9375,1395,77,,,,,,,,
231.008,1529077760,1603485696,260.046875,1395,77,,,,,,,,
231.135,1530331136,1604538368,260.21875,1395,77,,,,,,,,
231.258,1531641856,1606111232,260.359375,1395,77,,,,,,,,
231.392,1532702720,1606635520,260.59375,1395,77,,,,,,,,
231.507,1533685760,1607684096,260.71875,1395,77,,,,,,,,
231.628,1527984128,1601908736,260.859375,1395,77,,,,,,,,
231.741,1529143296,1603485696,261,1395,77,,,,,,,,
231.865,1530671104,1604538368,261.15625,1395,77,,,,,,,,
231.989,1531768832,1606111232,261.265625,1395,77,,,,,,,,
232.113,1532940288,1606635520,261.515625,1395,77,,,,,,,,
232.235,1533997056,1608208384,261.59375,1395,77,,,,,,,,
232.343,1528156160,1601908736,261.734375,1395,77,,,,,,,,
232.454,1527394304,1601413120,261.84375,1395,77,,,,,,,,
232.576,1528987648,1602990080,262,1397,77,,,,,,,,
232.685,1529966592,1603514368,262.046875,1397,77,,,,,,,,
232.794,1531146240,1604562944,262.1875,1397,77,,,,,,,,
232.905,1532657664,1606135808,262.3125,1397,77,,,,,,,,
233.013,1526759424,1600360448,262.390625,1397,77,,,,,,,,
233.138,1528152064,1601413120,262.5625,1397,77,,,,,,,,
233.248,1529266176,1602461696,262.65625,1397,77,,,,,,,,
233.371,1530380288,1603514368,262.890625,1397,77,,,,,,,,
233.494,1531428864,1604562944,263.015625,1397,77,,,,,,,,
233.62,1532616704,1606135808,263.203125,1397,77,,,,,,,,
233.743,1527123968,1600360448,263.28125,1397,77,,,,,,,,
233.865,1528819712,1601937408,263.390625,1397,77,,,,,,,,
233.989,1529999360,1602990080,263.46875,1397,77,,,,,,,,
234.113,1531113472,1604038656,263.65625,1397,77,,,,,,,,
234.24,1532424192,1605087232,263.75,1397,77,,,,,,,,
234.371,1533415424,1606660096,264,1397,77,,,,,,,,
234.487,1527640064,1600360448,264.0625,1397,77,,,,,,,,
234.611,1528950784,1601937408,264.234375,1397,77,,,,,,,,
234.732,1530261504,1602990080,264.390625,1397,77,,,,,,,,
234.843,1531506688,1604562944,264.515625,1397,77,,,,,,,,
234.955,1532686336,1605611520,264.59375,1397,77,,,,,,,,
235.079,1527197696,1600360448,264.6875,1397,77,,,,,,,,
235.188,1528041472,1601413120,264.84375,1397,77,,,,,,,,
235.311,1529290752,1602461696,264.953125,1397,77,,,,,,,,
235.422,1530134528,1602990080,265.0625,1397,77,,,,,,,,
235.544,1531248640,1604038656,265.1875,1397,77,,,,,,,,
235.654,1532612608,1605087232,265.28125,1397,77,,,,,,,,
235.759,1533276160,1605611520,265.390625,1397,77,,,,,,,,
235.873,1528995840,1600884736,265.5625,1397,77,,,,,,,,
235.995,1530535936,1601413120,265.71875,1397,77,,,,,,,,
236.108,1531629568,1602994176,265.859375,1397,77,,,,,,,,
236.216,1532571648,1603518464,265.9375,1397,77,,,,,,,,
236.326,1533693952,1605091328,266.046875,1397,77,,,,,,,,
236.436,1534758912,1606139904,266.1875,1397,77,,,,,,,,
236.545,1529098240,1600364544,266.359375,1397,77,,,,,,,,
236.653,1530195968,1601466368,266.484375,1397,77,,,,,,,,
236.762,1531166720,1602514944,266.5625,1397,77,,,,,,,,
236.871,1532817408,1604091904,266.671875,1397,77,,,,,,,,
236.98,1533669376,1604616192,266.765625,1397,77,,,,,,,,
237.09,1534586880,1605664768,266.921875,1397,77,,,,,,,,
237.203,1528688640,1599889408,266.984375,1397,77,,,,,,,,
237.322,1529671680,1600942080,267.109375,1397,77,,,,,,,,
237.444,1530589184,1601466368,267.1875,1397,77,,,,,,,,
237.573,1531637760,1602519040,267.359375,1397,77,,,,,,,,
237.692,1532694528,1604091904,267.421875,1397,77,,,,,,,,
237.815,1528651776,1605140480,267.640625,1397,77,,,,,,,,
237.926,1529974784,1606189056,267.75,1397,77,,,,,,,,
238.053,1524273152,1600413696,267.9375,1397,77,,,,,,,,
238.176,1525256192,1601466368,268.046875,1397,77,,,,,,,,
238.302,1526435840,1602514944,268.203125,1397,77,,,,,,,,
238.426,1527746560,1604091904,268.28125,1397,77,,,,,,,,
238.552,1528860672,1605140480,268.46875,1397,77,,,,,,,,
238.675,1529843712,1606189056,268.578125,1397,77,,,,,,,,
238.786,1522315264,1600937984,268.765625,1397,77,,,,,,,,
238.911,1524002816,1601990656,268.84375,1399,77,,,,,,,,
239.036,1525116928,1603043328,269,1399,77,,,,,,,,
239.159,1526169600,1604616192,269.15625,1399,77,,,,,,,,
239.283,1527275520,1605664768,269.328125,1399,77,,,,,,,,
239.393,1521659904,1600413696,269.46875,1399,77,,,,,,,,
239.516,1522626560,1600937984,269.546875,1399,77,,,,,,,,
239.625,1523675136,1601990656,269.6875,1399,77,,,,,,,,
239.734,1523376128,1602514944,269.796875,1399,77,,,,,,,,
239.843,1524293632,1603567616,269.90625,1399,77,,,,,,,,
239.953,1525800960,1605140480,269.96875,1399,77,,,,,,,,
240.063,1526784000,1606189056,270.125,1399,77,,,,,,,,
240.173,1521016832,1600413696,270.28125,1399,77,,,,,,,,
240.282,1522130944,1601466368,270.328125,1399,77,,,,,,,,
240.405,1523908608,1602977792,270.453125,1399,77,,,,,,,,
240.517,1524891648,1604030464,270.546875,1399,77,,,,,,,,
240.625,1525874688,1605079040,270.6875,1399,77,,,,,,,,
240.748,1517305856,1606651904,270.796875,1399,77,,,,,,,,
240.859,1512046592,1600348160,270.96875,1398,76,,,,,,,,
240.969,1513168896,1601396736,271.0625,1398,76,,,,,,,,
241.091,1514283008,1602449408,271.234375,1398,76,,,,,,,,
241.202,1515479040,1605079040,271.359375,1399,77,,,,,,,,
241.31,1516199936,1605603328,271.5,1399,77,,,,,,,,
241.42,1517191168,1606651904,271.609375,1399,77,,,,,,,,
241.544,1511559168,1600876544,271.703125,1399,77,,,,,,,,
241.653,1512607744,1601929216,271.78125,1399,77,,,,,,,,
241.762,1500356608,1602977792,271.84375,1399,77,,,,,,,,
241.872,1501749248,1604554752,271.96875,1399,77,,,,,,,,
241.981,1502539776,1605079040,272.0625,1399,77,,,,,,,,
242.091,1503498240,1605603328,272.203125,1399,77,,,,,,,,
242.216,1504608256,1606651904,272.28125,1399,77,,,,,,,,
242.323,1498845184,1600876544,272.40625,1399,77,,,,,,,,
242.435,1500348416,1602392064,272.5,1399,77,,,,,,,,
242.547,1501462528,1603440640,272.609375,1399,77,,,,,,,,
242.671,1502445568,1604493312,272.703125,1399,77,,,,,,,,
242.795,1491005440,1606066176,272.859375,1399,77,,,,,,,,
242.906,1485590528,1601339392,272.96875,1399,77,,,,,,,,
243.025,1486745600,1601863680,273.140625,1399,77,,,,,,,,
243.153,1490579456,1605599232,273.28125,1399,77,,,,,,,,
243.274,1491824640,1606651904,273.375,1399,77,,,,,,,,
243.41,1492938752,1607700480,273.53125,1399,77,,,,,,,,
243.522,1494061056,1608749056,273.65625,1399,77,,,,,,,,
243.644,1488310272,1604022272,273.8125,1399,77,,,,,,,,
243.756,1488437248,1604022272,273.921875,1399,77,,,,,,,,
243.876,1490112512,1606123520,274.0625,1399,77,,,,,,,,
243.986,1491255296,1607176192,274.1875,1399,77,,,,,,,,
244.096,1492180992,1608224768,274.359375,1399,77,,,,,,,,
244.224,1493159936,1608749056,274.453125,1399,77,,,,,,,,
244.348,1487671296,1604022272,274.65625,1399,77,,,,,,,,
244.472,1488773120,1604546560,274.75,1399,77,,,,,,,,
244.595,1490083840,1605599232,274.921875,1399,77,,,,,,,,
244.721,1491136512,1606651904,275.046875,1399,77,,,,,,,,
244.842,1492709376,1608224768,275.21875,1400,77,,,,,,,,
244.962,1493831680,1609797632,275.3125,1399,77,,,,,,,,
245.073,1487921152,1604022272,275.53125,1399,77,,,,,,,,
245.198,1491083264,1607041024,275.625,1399,77,,,,,,,,
245.321,1492234240,1608089600,275.75,1399,77,,,,,,,,
245.444,1493164032,1609142272,275.84375,1399,77,,,,,,,,
245.568,1494204416,1609666560,276,1399,77,,,,,,,,
245.693,1495187456,1610715136,276.125,1399,77,,,,,,,,
245.817,1496236032,1611763712,276.3125,1399,77,,,,,,,,
245.94,1491283968,1607041024,276.40625,1399,77,,,,,,,,
246.049,1492271104,1608089600,276.53125,1399,77,,,,,,,,
246.159,1493196800,1609142272,276.671875,1399,77,,,,,,,,
246.27,1494351872,1609134080,276.78125,1398,76,,,,,,,,
246.393,1495601152,1610182656,276.953125,1398,76,,,,,,,,
246.508,1489899520,1604407296,277.03125,1398,76,,,,,,,,
246.628,1491013632,1605459968,277.234375,1398,76,,,,,,,,
246.765,1492324352,1607036928,277.328125,1398,76,,,,,,,,
246.889,1493913600,1609666560,277.484375,1399,77,,,,,,,,
246.999,1494814720,1610715136,277.5625,1399,77,,,,,,,,
247.106,1497174016,1612795904,277.703125,1399,77,,,,,,,,
247.218,1491427328,1607544832,277.796875,1399,77,,,,,,,,
247.326,1492393984,1608069120,277.921875,1399,77,,,,,,,,
247.437,1493311488,1609121792,278.046875,1399,77,,,,,,,,
247.559,1494429696,1610174464,278.203125,1399,77,,,,,,,,
247.669,1495412736,1611223040,278.296875,1399,77,,,,,,,,
247.778,1496457216,1612271616,278.484375,1399,77,,,,,,,,
247.887,1491300352,1607544832,278.578125,1399,77,,,,,,,,
247.997,1492398080,1608069120,278.65625,1399,77,,,,,,,,
248.109,1493454848,1609646080,278.765625,1399,77,,,,,,,,
248.232,1494761472,1610174464,278.9375,1399,77,,,,,,,,
248.357,1493127168,1608540160,279.1875,1399,77,,,,,,,,
248.481,1494179840,1609588736,279.296875,1399,77,,,,,,,,
248.603,1488441344,1604861952,279.46875,1399,77,,,,,,,,
248.733,1485565952,1605386240,279.578125,1399,77,,,,,,,,
248.851,1487204352,1606963200,279.703125,1399,77,,,,,,,,
248.976,1488191488,1608015872,279.796875,1399,77,,,,,,,,
249.1,1489440768,1609064448,279.984375,1399,77,,,,,,,,
249.224,1492234240,1612185600,280.125,1399,77,,,,,,,,
249.347,1486479360,1606410240,280.296875,1399,77,,,,,,,,
249.455,1487597568,1607462912,280.359375,1399,77,,,,,,,,
249.565,1488580608,1608511488,280.546875,1399,77,,,,,,,,
249.692,1489698816,1609564160,280.640625,1399,77,,,,,,,,
249.816,1487872000,1610612736,280.78125,1399,77,,,,,,,,
249.936,1489526784,1612709888,280.828125,1399,77,,,,,,,,
250.049,1483907072,1606410240,280.90625,1399,77,,,,,,,,
250.172,1485021184,1607462912,281,1399,77,,,,,,,,
250.282,1486069760,1608511488,281.09375,1399,77,,,,,,,,
250.39,1486991360,1609564160,281.234375,1399,77,,,,,,,,
250.499,1486012416,1608650752,281.390625,1399,77,,,,,,,,
250.608,1486995456,1609699328,281.53125,1399,77,,,,,,,,
250.714,1481318400,1604448256,281.625,1399,77,,,,,,,,
250.824,1482416128,1604972544,281.75,1399,77,,,,,,,,
250.934,1483997184,1607077888,281.828125,1399,77,,,,,,,,
251.056,1485119488,1607602176,281.984375,1399,77,,,,,,,,
251.181,1487880192,1610362880,282.1875,1399,77,,,,,,,,
251.302,1489010688,1611935744,282.3125,1399,77,,,,,,,,
251.43,1483563008,1606160384,282.515625,1399,77,,,,,,,,
251.555,1484685312,1607213056,282.6875,1399,77,,,,,,,,
251.678,1485799424,1608261632,282.796875,1399,77,,,,,,,,
251.802,1486532608,1609314304,282.984375,1399,77,,,,,,,,
251.926,1488289792,1610354688,283.046875,1398,76,,,,,,,,
252.049,1482551296,1605103616,283.15625,1398,76,,,,,,,,
252.158,1483702272,1605627904,283.296875,1398,76,,,,,,,,
252.268,1484660736,1606680576,283.390625,1398,76,,,,,,,,
252.391,1484120064,1605648384,283.53125,1398,76,,,,,,,,
252.498,1485168640,1606701056,283.59375,1398,76,,,,,,,,
252.621,1486225408,1608273920,283.734375,1398,76,,,,,,,,
252.744,1487413248,1609322496,283.828125,1398,76,,,,,,,,
252.87,1482305536,1604071424,284.09375,1398,76,,,,,,,,
252.993,1483288576,1605124096,284.265625,1398,76,,,,,,,,
253.121,1484472320,1606176768,284.421875,1398,76,,,,,,,,
253.244,1487241216,1609297920,284.5625,1398,76,,,,,,,,
253.372,1488519168,1610346496,284.765625,1398,76,,,,,,,,
253.482,1482706944,1605095424,284.84375,1398,76,,,,,,,,
253.592,1483673600,1605619712,285.03125,1398,76,,,,,,,,
253.701,1484787712,1606672384,285.109375,1398,76,,,,,,,,
253.808,1485574144,1607196672,285.21875,1398,76,,,,,,,,
253.933,1487269888,1609297920,285.265625,1398,76,,,,,,,,
254.056,1488400384,1610346496,285.46875,1398,76,,,,,,,,
254.178,1482715136,1605095424,285.625,1398,76,,,,,,,,
254.308,1483886592,1605619712,285.75,1398,76,,,,,,,,
254.431,1483321344,1605124096,285.90625,1398,76,,,,,,,,
254.554,1484435456,1606176768,286.140625,1398,76,,,,,,,,
254.678,1485713408,1607749632,286.28125,1398,76,,,,,,,,
254.801,1487060992,1608798208,286.421875,1398,76,,,,,,,,
254.932,1481687040,1603547136,286.5,1398,76,,,,,,,,
255.05,1482805248,1604599808,286.640625,1398,76,,,,,,,,
255.16,1485402112,1607196672,286.765625,1398,76,,,,,,,,
255.269,1486385152,1608249344,286.90625,1398,76,,,,,,,,
255.378,1487372288,1609297920,287.046875,1398,76,,,,,,,,
255.502,1488551936,1610346496,287.15625,1398,76,,,,,,,,
255.614,1482919936,1604571136,287.40625,1398,76,,,,,,,,
255.735,1484034048,1605623808,287.5,1398,76,,,,,,,,
255.845,1485410304,1607200768,287.609375,1398,76,,,,,,,,
255.954,1486471168,1608257536,287.625,1398,76,,,,,,,,
256.078,1487716352,1609306112,287.765625,1398,76,,,,,,,,
256.186,1488502784,1610354688,287.84375,1398,76,,,,,,,,
256.294,1482952704,1605103616,287.984375,1398,76,,,,,,,,
256.403,1482272768,1603915776,288.09375,1398,76,,,,,,,,
256.528,1483390976,1604968448,288.21875,1398,76,,,,,,,,
256.652,1484570624,1606021120,288.4375,1398,76,,,,,,,,
256.775,1485815808,1607593984,288.5625,1398,76,,,,,,,,
256.902,1487671296,1610223616,288.6875,1399,77,,,,,,,,
257.024,1481904128,1604448256,288.796875,1399,77,,,,,,,,
257.148,1484570624,1607049216,288.9375,1399,77,,,,,,,,
257.274,1485815808,1608626176,289.09375,1399,77,,,,,,,,
257.397,1486938112,1610199040,289.25,1399,77,,,,,,,,
257.522,1488244736,1610723328,289.40625,1399,77,,,,,,,,
257.646,1482498048,1605996544,289.53125,1399,77,,,,,,,,
257.756,1482522624,1605996544,289.609375,1399,77,,,,,,,,
257.881,1484161024,1607573504,289.765625,1399,77,,,,,,,,
258.003,1485340672,1609150464,289.890625,1399,77,,,,,,,,
258.126,1486393344,1610199040,290.078125,1399,77,,,,,,,,
258.235,1487507456,1611247616,290.140625,1399,77,,,,,,,,
258.36,1481752576,1605996544,290.3125,1399,77,,,,,,,,
258.483,1481310208,1604968448,290.4375,1399,77,,,,,,,,
258.593,1482358784,1606021120,290.59375,1399,77,,,,,,,,
258.718,1478123520,1607073792,290.65625,1399,77,,,,,,,,
258.841,1479434240,1608646656,290.90625,1399,77,,,,,,,,
258.95,1480679424,1609695232,290.984375,1399,77,,,,,,,,
259.073,1474928640,1604444160,291.140625,1399,77,,,,,,,,
259.185,1475899392,1604968448,291.25,1399,77,,,,,,,,
259.306,1476882432,1606021120,291.359375,1399,77,,,,,,,,
259.432,1478131712,1607073792,291.46875,1399,77,,,,,,,,
259.557,1479049216,1608122368,291.625,1399,77,,,,,,,,
259.683,1480167424,1609170944,291.796875,1399,77,,,,,,,,
259.807,1471672320,1610219520,291.9375,1399,77,,,,,,,,
259.928,1466437632,1605496832,292.03125,1399,77,,,,,,,,
260.056,1467527168,1606545408,292.3125,1399,77,,,,,,,,
260.184,1468665856,1607598080,292.390625,1399,77,,,,,,,,
260.292,1469849600,1608646656,292.515625,1399,77,,,,,,,,
260.417,1469415424,1608146944,292.734375,1399,77,,,,,,,,
260.542,1463857152,1602895872,292.875,1399,77,,,,,,,,
260.662,1465028608,1603948544,293.125,1399,77,,,,,,,,
260.789,1456087040,1605001216,293.265625,1399,77,,,,,,,,
260.922,1457729536,1606574080,293.390625,1399,77,,,,,,,,
261.04,1458843648,1607622656,293.609375,1399,77,,,,,,,,
261.154,1459961856,1608671232,293.734375,1399,77,,,,,,,,
261.273,1454198784,1603420160,293.84375,1399,77,,,,,,,,
261.395,1455448064,1604472832,294.046875,1399,77,,,,,,,,
261.52,1456562176,1605525504,294.234375,1399,77,,,,,,,,
261.649,1457676288,1606574080,294.359375,1399,77,,,,,,,,
261.768,1451192320,1607622656,294.46875,1399,77,,,,,,,,
261.875,1445752832,1601839104,294.546875,1398,76,,,,,,,,
261.986,1446723584,1602363392,294.65625,1398,76,,,,,,,,
262.112,1447845888,1603940352,294.875,1398,76,,,,,,,,
262.236,1448951808,1604468736,294.984375,1398,76,,,,,,,,
262.359,1450266624,1605517312,295.140625,1398,76,,,,,,,,
262.466,1449639936,1605017600,295.3125,1398,76,,,,,,,,
262.577,1450496000,1606066176,295.515625,1398,76,,,,,,,,
262.702,1437806592,1600290816,295.609375,1398,76,,,,,,,,
262.812,1438920704,1601343488,295.734375,1398,76,,,,,,,,
262.936,1440645120,1603977216,295.875,1399,77,,,,,,,,
263.059,1441890304,1605550080,296.0625,1399,77,,,,,,,,
263.183,1442877440,1606598656,296.203125,1399,77,,,,,,,,
263.307,1437192192,1601347584,296.34375,1399,77,,,,,,,,
263.429,1438486528,1601871872,296.46875,1399,77,,,,,,,,
263.554,1439604736,1602924544,296.6875,1399,77,,,,,,,,
263.679,1440653312,1603977216,296.859375,1399,77,,,,,,,,
263.804,1441153024,1605025792,297.015625,1399,77,,,,,,,,
263.93,1442791424,1606598656,297.125,1399,77,,,,,,,,
264.059,1437220864,1601347584,297.265625,1399,77,,,,,,,,
264.179,1438121984,1602400256,297.40625,1399,77,,,,,,,,
264.306,1439322112,1603448832,297.53125,1399,77,,,,,,,,
264.43,1440370688,1604501504,297.703125,1399,77,,,,,,,,
264.556,1441161216,1605025792,297.828125,1399,77,,,,,,,,
264.688,1442668544,1606598656,297.9375,1399,77,,,,,,,,
264.802,1437036544,1600823296,298.125,1399,77,,,,,,,,
264.926,1438412800,1602400256,298.25,1399,77,,,,,,,,
265.051,1439531008,1603452928,298.390625,1399,77,,,,,,,,
265.174,1440518144,1604501504,298.484375,1399,77,,,,,,,,
265.285,1441501184,1605550080,298.59375,1399,77,,,,,,,,
265.406,1442492416,1607122944,298.765625,1399,77,,,,,,,,
265.519,1436786688,1600823296,298.90625,1399,77,,,,,,,,
265.641,1437773824,1601875968,299.03125,1399,77,,,,,,,,
265.75,1438691328,1602400256,299.109375,1399,77,,,,,,,,
265.86,1440198656,1603977216,299.25,1399,77,,,,,,,,
265.982,1441185792,1605025792,299.328125,1399,77,,,,,,,,
266.093,1442299904,1606074368,299.4375,1399,77,,,,,,,,
266.203,1443221504,1607647232,299.53125,1399,77,,,,,,,,
266.312,1437655040,1601347584,299.65625,1399,77,,,,,,,,
266.422,1438638080,1602400256,299.78125,1399,77,,,,,,,,
266.53,1439559680,1603448832,299.859375,1399,77,,,,,,,,
266.641,1440608256,1604501504,300.015625,1399,77,,,,,,,,
266.752,1441656832,1605550080,300.078125,1399,77,,,,,,,,
266.859,1443172352,1607647232,300.265625,1399,77,,,,,,,,
266.983,1437597696,1601347584,300.375,1399,77,,,,,,,,
267.092,1438580736,1602400256,300.484375,1399,77,,,,,,,,
267.203,1439698944,1603452928,300.59375,1399,77,,,,,,,,
267.312,1440616448,1604501504,300.734375,1399,77,,,,,,,,
267.437,1441603584,1605550080,300.828125,1399,77,,,,,,,,
267.559,1442525184,1607122944,300.96875,1399,77,,,,,,,,
267.67,1436819456,1600823296,301.09375,1399,77,,,,,,,,
267.78,1437937664,1601875968,301.171875,1399,77,,,,,,,,
267.886,1439444992,1603452928,301.296875,1399,77,,,,,,,,
267.998,1440432128,1604501504,301.40625,1399,77,,,,,,,,
268.122,1441349632,1605025792,301.59375,1399,77,,,,,,,,
268.248,1442725888,1606598656,301.71875,1399,77,,,,,,,,
268.358,1436663808,1601347584,301.890625,1399,77,,,,,,,,
268.481,1437683712,1601347584,302.015625,1399,77,,,,,,,,
268.604,1438736384,1602400256,302.203125,1399,77,,,,,,,,
268.725,1439981568,1603977216,302.296875,1399,77,,,,,,,,
268.851,1441689600,1605550080,302.546875,1399,77,,,,,,,,
268.975,1442803712,1606598656,302.640625,1397,77,,,,,,,,
269.101,1437171712,1600823296,302.8125,1397,77,,,,,,,,
269.224,1438482432,1602400256,302.96875,1397,77,,,,,,,,
269.353,1439731712,1603452928,303.140625,1397,77,,,,,,,,
269.475,1440845824,1604501504,303.234375,1397,77,,,,,,,,
269.601,1442025472,1606074368,303.515625,1397,77,,,,,,,,
269.726,1443274752,1607122944,303.59375,1397,77,,,,,,,,
269.853,1438236672,1602400256,303.71875,1397,77,,,,,,,,
269.976,1439481856,1603452928,303.8125,1397,77,,,,,,,,
270.1,1440387072,1604501504,303.90625,1397,77,,,,,,,,
270.224,1441583104,1605550080,304.03125,1397,77,,,,,,,,
270.351,1442897920,1606598656,304.140625,1397,77,,,,,,,,
270.476,1437331456,1601347584,304.1875,1397,77,,,,,,,,
270.602,1438380032,1602400256,304.3125,1397,77,,,,,,,,
270.727,1439629312,1603448832,304.4375,1397,77,,,,,,,,
270.853,1441202176,1605025792,304.59375,1397,77,,,,,,,,
270.978,1442385920,1606074368,304.65625,1397,77,,,,,,,,
271.102,1443373056,1607122944,304.828125,1397,77,,,,,,,,
271.224,1437544448,1601347584,304.890625,1397,77,,,,,,,,
271.335,1438527488,1602400256,305.03125,1397,77,,,,,,,,
271.459,1439641600,1603461120,305.203125,1397,77,,,,,,,,
271.583,1440563200,1604513792,305.390625,1397,77,,,,,,,,
271.705,1441816576,1606086656,305.484375,1397,77,,,,,,,,
271.828,1442803712,1607135232,305.671875,1397,77,,,,,,,,
271.952,1437556736,1601880064,305.8125,1397,77,,,,,,,,
272.059,1438408704,1602408448,305.9375,1397,77,,,,,,,,
272.17,1439457280,1603457024,306.0625,1397,77,,,,,,,,
272.278,1440636928,1604509696,306.15625,1397,77,,,,,,,,
272.402,1441624064,1605558272,306.3125,1397,77,,,,,,,,
272.526,1442738176,1606606848,306.421875,1397,77,,,,,,,,
272.65,1437057024,1601359872,306.625,1397,77,,,,,,,,
272.772,1438154752,1601884160,306.765625,1397,77,,,,,,,,
272.897,1439776768,1602404352,306.96875,1396,76,,,,,,,,
273.021,1440894976,1603457024,307.140625,1396,76,,,,,,,,
273.146,1443340288,1605967872,307.3125,1396,76,,,,,,,,
273.272,1445810176,1608761344,307.40625,1396,76,,,,,,,,
273.397,1440239616,1602985984,307.53125,1396,76,,,,,,,,
273.521,1441484800,1604038656,307.65625,1396,76,,,,,,,,
273.643,1442570240,1605615616,307.828125,1396,76,,,,,,,,
273.756,1443717120,1606664192,307.96875,1396,76,,,,,,,,
273.878,1445244928,1609293824,308.203125,1397,77,,,,,,,,
274.006,1439625216,1604042752,308.296875,1397,77,,,,,,,,
274.129,1440854016,1604567040,308.421875,1397,77,,,,,,,,
274.253,1442037760,1605619712,308.53125,1397,77,,,,,,,,
274.362,1443135488,1607196672,308.640625,1397,77,,,,,,,,
274.471,1443942400,1607720960,308.71875,1397,77,,,,,,,,
274.596,1445318656,1609293824,308.875,1397,77,,,,,,,,
274.721,1439461376,1604042752,309.03125,1397,77,,,,,,,,
274.844,1440886784,1604567040,309.140625,1397,77,,,,,,,,
274.968,1442131968,1606144000,309.25,1397,77,,,,,,,,
275.092,1443258368,1607720960,309.40625,1397,77,,,,,,,,
275.216,1446391808,1610211328,309.46875,1397,77,,,,,,,,
275.323,1447378944,1611259904,309.5625,1397,77,,,,,,,,
275.435,1441497088,1606008832,309.640625,1397,77,,,,,,,,
275.544,1442332672,1606008832,309.765625,1397,77,,,,,,,,
275.656,1443319808,1607061504,309.921875,1397,77,,,,,,,,
275.765,1444077568,1608110080,310.03125,1397,77,,,,,,,,
275.873,1445584896,1609687040,310.125,1397,77,,,,,,,,
275.984,1446567936,1610735616,310.203125,1397,77,,,,,,,,
276.091,1447555072,1611784192,310.328125,1397,77,,,,,,,,
276.2,1441787904,1606008832,310.453125,1397,77,,,,,,,,
276.325,1442836480,1607061504,310.671875,1397,77,,,,,,,,
276.446,1444020224,1608110080,310.765625,1397,77,,,,,,,,
276.572,1445265408,1609162752,310.90625,1397,77,,,,,,,,
276.696,1446121472,1610211328,311,1397,77,,,,,,,,
276.81,1447235584,1611259904,311.125,1397,77,,,,,,,,
276.931,1441996800,1606008832,311.25,1397,77,,,,,,,,
277.055,1443241984,1607061504,311.359375,1397,77,,,,,,,,
277.177,1445711872,1609670656,311.40625,1397,77,,,,,,,,
277.303,1446895616,1610719232,311.53125,1397,77,,,,,,,,
277.425,1448009728,1611767808,311.65625,1397,77,,,,,,,,
277.552,1448996864,1612816384,311.84375,1397,77,,,,,,,,
277.673,1443299328,1607041024,311.9375,1397,77,,,,,,,,
277.786,1444225024,1608617984,312.046875,1397,77,,,,,,,,
277.912,1445732352,1609670656,312.171875,1397,77,,,,,,,,
278.04,1446715392,1610719232,312.328125,1397,77,,,,,,,,
278.159,1447501824,1611243520,312.5,1397,77,,,,,,,,
278.286,1448882176,1612816384,312.625,1397,77,,,,,,,,
278.413,1440444416,1604882432,312.78125,1397,77,,,,,,,,
278.538,1441615872,1605406720,312.90625,1397,77,,,,,,,,
278.662,1442598912,1606459392,313.078125,1397,77,,,,,,,,
278.786,1443827712,1608036352,313.265625,1397,77,,,,,,,,
278.909,1445666816,1608552448,313.421875,1396,76,,,,,,,,
279.017,1446715392,1609601024,313.546875,1396,76,,,,,,,,
279.127,1440952320,1603825664,313.71875,1396,76,,,,,,,,
279.235,1443418112,1606426624,313.84375,1396,76,,,,,,,,
279.358,1444667392,1607479296,313.96875,1396,76,,,,,,,,
279.48,1445847040,1608527872,314.046875,1396,76,,,,,,,,
279.608,1446895616,1609576448,314.203125,1396,76,,,,,,,,
279.726,1448144896,1611149312,314.28125,1396,76,,,,,,,,
279.852,1442930688,1607483392,314.40625,1397,77,,,,,,,,
279.976,1444171776,1608536064,314.484375,1397,77,,,,,,,,
280.099,1445281792,1609060352,314.640625,1397,77,,,,,,,,
280.223,1446592512,1610633216,314.765625,1397,77,,,,,,,,
280.345,1447641088,1611681792,314.9375,1397,77,,,,,,,,
280.455,1439932416,1604468736,315.03125,1397,77,,,,,,,,
280.564,1440768000,1604468736,315.171875,1397,77,,,,,,,,
280.674,1441624064,1605521408,315.21875,1397,77,,,,,,,,
280.785,1442742272,1607098368,315.390625,1397,77,,,,,,,,
280.908,1444483072,1608671232,315.5,1397,77,,,,,,,,
281.036,1445494784,1609195520,315.609375,1397,77,,,,,,,,
281.157,1448124416,1611956224,315.734375,1397,77,,,,,,,,
281.266,1442361344,1606180864,315.859375,1397,77,,,,,,,,
281.374,1443344384,1607233536,316.015625,1397,77,,,,,,,,
281.498,1444261888,1608286208,316.0625,1397,77,,,,,,,,
281.622,1445584896,1609859072,316.3125,1397,77,,,,,,,,
281.734,1446559744,1610383360,316.390625,1397,77,,,,,,,,
281.856,1448222720,1613004800,316.671875,1397,77,,,,,,,,
281.976,1442631680,1606705152,316.75,1397,77,,,,,,,,
282.089,1443680256,1607757824,316.890625,1397,77,,,,,,,,
282.212,1444995072,1608810496,317,1397,77,,,,,,,,
282.336,1445978112,1609859072,317.109375,1397,77,,,,,,,,
282.463,1445801984,1609875456,317.1875,1397,77,,,,,,,,
282.59,1440256000,1604628480,317.328125,1397,77,,,,,,,,
282.71,1441026048,1604628480,317.421875,1397,77,,,,,,,,
282.836,1442340864,1606205440,317.671875,1397,77,,,,,,,,
282.96,1444175872,1607782400,317.921875,1397,77,,,,,,,,
283.086,1445163008,1608830976,318.078125,1397,77,,,,,,,,
283.21,1447628800,1611427840,318.21875,1397,77,,,,,,,,
283.337,1442070528,1606176768,318.40625,1397,77,,,,,,,,
283.461,1443373056,1607229440,318.53125,1397,77,,,,,,,,
283.584,1444421632,1608282112,318.703125,1397,77,,,,,,,,
283.71,1445736448,1609330688,318.765625,1397,77,,,,,,,,
283.832,1446842368,1610903552,318.859375,1397,77,,,,,,,,
283.956,1441562624,1606176768,318.890625,1397,77,,,,,,,,
284.069,1442725888,1606701056,319,1397,77,,,,,,,,
284.193,1443840000,1607753728,319.15625,1397,77,,,,,,,,
284.315,1445023744,1608806400,319.3125,1397,77,,,,,,,,
284.428,1444589568,1608306688,319.421875,1397,77,,,,,,,,
284.553,1445703680,1609355264,319.546875,1397,77,,,,,,,,
284.678,1446756352,1610403840,319.734375,1397,77,,,,,,,,
284.806,1441316864,1605152768,319.875,1397,77,,,,,,,,
284.93,1442959360,1606729728,319.984375,1397,77,,,,,,,,
285.055,1444077568,1607782400,320.125,1397,77,,,,,,,,
285.175,1446948864,1610903552,320.265625,1397,77,,,,,,,,
285.293,1447895040,1611952128,320.421875,1397,77,,,,,,,,
285.414,1442430976,1606176768,320.5625,1397,77,,,,,,,,
285.539,1443549184,1607229440,320.6875,1397,77,,,,,,,,
285.661,1444597760,1608278016,320.84375,1397,77,,,,,,,,
285.785,1445646336,1609330688,320.96875,1397,77,,,,,,,,
285.911,1447153664,1610903552,321.109375,1397,77,,,,,,,,
286.042,1441796096,1606176768,321.21875,1397,77,,,,,,,,
286.159,1442897920,1606701056,321.359375,1397,77,,,,,,,,
286.283,1443885056,1607753728,321.46875,1397,77,,,,,,,,
286.408,1443352576,1607094272,321.59375,1397,77,,,,,,,,
286.532,1444597760,1608142848,321.71875,1397,77,,,,,,,,
286.656,1445912576,1609715712,321.890625,1397,77,,,,,,,,
286.766,1440223232,1604464640,322,1397,77,,,,,,,,
286.892,1441783808,1605517312,322.203125,1397,77,,,,,,,,
287.018,1442549760,1606565888,322.390625,1397,77,,,,,,,,
287.141,1445236736,1609166848,322.625,1397,77,,,,,,,,
287.26,1446354944,1610215424,322.734375,1397,77,,,,,,,,
287.373,1447411712,1611788288,322.875,1397,77,,,,,,,,
287.498,1441509376,1606012928,323,1397,77,,,,,,,,
287.621,1442635776,1607065600,323.265625,1397,77,,,,,,,,
287.733,1443667968,1607589888,323.359375,1397,77,,,,,,,,
287.856,1445175296,1609166848,323.515625,1397,77,,,,,,,,
287.978,1446359040,1610215424,323.609375,1397,77,,,,,,,,
288.104,1447485440,1611788288,323.796875,1397,77,,,,,,,,
288.225,1441787904,1606012928,323.953125,1397,77,,,,,,,,
288.353,1442959360,1606537216,324.078125,1397,77,,,,,,,,
288.476,1442787328,1606561792,324.171875,1397,77,,,,,,,,
288.6,1443971072,1608138752,324.28125,1397,77,,,,,,,,
288.726,1445163008,1609187328,324.390625,1397,77,,,,,,,,
288.849,1446723584,1610235904,324.59375,1397,77,,,,,,,,
288.974,1441017856,1604984832,324.71875,1397,77,,,,,,,,
289.097,1442009088,1605513216,324.875,1397,77,,,,,,,,
289.219,1443086336,1607090176,324.96875,1397,77,,,,,,,,
289.33,1444048896,1607614464,325.140625,1397,77,,,,,,,,
289.441,1445163008,1608663040,325.25,1397,77,,,,,,,,
289.549,1446146048,1609711616,325.4375,1397,77,,,,,,,,
289.673,1440464896,1604460544,325.515625,1397,77,,,,,,,,
289.797,1441759232,1605513216,325.6875,1397,77,,,,,,,,
289.906,1443258368,1606033408,325.75,1396,76,,,,,,,,
290.03,1444573184,1607081984,325.84375,1396,76,,,,,,,,
290.139,1445556224,1608130560,326,1396,76,,,,,,,,
290.251,1446543360,1609179136,326.125,1396,76,,,,,,,,
290.359,1440911360,1603403776,326.28125,1396,76,,,,,,,,
290.469,1440411648,1602908160,326.359375,1396,76,,,,,,,,
290.588,1441529856,1603956736,326.515625,1396,76,,,,,,,,
290.701,1442639872,1605533696,326.609375,1396,76,,,,,,,,
290.813,1443958784,1606582272,326.765625,1396,76,,,,,,,,
290.92,1438744576,1602912256,326.984375,1397,77,,,,,,,,
291.031,1439846400,1603436544,327.109375,1397,77,,,,,,,,
291.14,1440829440,1604489216,327.265625,1397,77,,,,,,,,
291.25,1441792000,1606066176,327.390625,1397,77,,,,,,,,
291.36,1442734080,1606590464,327.546875,1397,77,,,,,,,,
291.483,1443913728,1607639040,327.609375,1397,77,,,,,,,,
291.593,1444962304,1608687616,327.796875,1397,77,,,,,,,,
291.719,1439166464,1603436544,327.875,1397,77,,,,,,,,
291.84,1440210944,1603964928,328.046875,1398,77,,,,,,,,
291.96,1441787904,1605541888,328.171875,1397,77,,,,,,,,
292.092,1443033088,1606590464,328.34375,1397,77,,,,,,,,
292.213,1443950592,1607639040,328.453125,1397,77,,,,,,,,
292.338,1445134336,1608687616,328.625,1397,77,,,,,,,,
292.463,1437757440,1601363968,328.703125,1397,77,,,,,,,,
292.589,1438810112,1602416640,328.875,1397,77,,,,,,,,
292.712,1438855168,1603993600,328.984375,1397,77,,,,,,,,
292.836,1440096256,1605042176,329.1875,1397,77,,,,,,,,
292.96,1441611776,1607139328,329.3125,1397,77,,,,,,,,
293.085,1435922432,1601363968,329.46875,1397,77,,,,,,,,
293.206,1437151232,1601888256,329.578125,1397,77,,,,,,,,
293.327,1438265344,1602940928,329.75,1397,77,,,,,,,,
293.44,1439191040,1603993600,329.828125,1397,77,,,,,,,,
293.564,1440460800,1605566464,329.953125,1397,77,,,,,,,,
293.672,1441484800,1606090752,330.078125,1397,77,,,,,,,,
293.783,1442291712,1607139328,330.15625,1397,77,,,,,,,,
293.893,1436991488,1602416640,330.328125,1397,77,,,,,,,,
294.004,1437839360,1602940928,330.453125,1397,77,,,,,,,,
294.125,1438953472,1603993600,330.671875,1397,77,,,,,,,,
