"elapsedSeconds","processId","instance","counter","value"
"1.649","11436","pid_11436_luid_0x00000000_0x0000e366_phys_0_eng_0_engtype_3d","utilization percentage","3.65360134522053"
"1.649","11436","pid_11436_luid_0x00000000_0x0000e366_phys_0_eng_10_engtype_legacyoverlay","utilization percentage","0"
"1.649","11436","pid_11436_luid_0x00000000_0x0000e366_phys_0_eng_11_engtype_","utilization percentage","0"
"1.649","11436","pid_11436_luid_0x00000000_0x0000e366_phys_0_eng_12_engtype_","utilization percentage","0"
"1.649","11436","pid_11436_luid_0x00000000_0x0000e366_phys_0_eng_1_engtype_videodecode","utilization percentage","1.29464176714433"
"1.649","11436","pid_11436_luid_0x00000000_0x0000e366_phys_0_eng_2_engtype_copy","utilization percentage","0"
"1.649","11436","pid_11436_luid_0x00000000_0x0000e366_phys_0_eng_3_engtype_videoprocessing","utilization percentage","0"
"1.649","11436","pid_11436_luid_0x00000000_0x0000e366_phys_0_eng_4_engtype_videodecode","utilization percentage","0"
"1.649","11436","pid_11436_luid_0x00000000_0x0000e366_phys_0_eng_5_engtype_","utilization percentage","0"
"1.649","11436","pid_11436_luid_0x00000000_0x0000e366_phys_0_eng_6_engtype_","utilization percentage","0"
"1.649","11436","pid_11436_luid_0x00000000_0x0000e366_phys_0_eng_7_engtype_","utilization percentage","0"
"1.649","11436","pid_11436_luid_0x00000000_0x0000e366_phys_0_eng_8_engtype_","utilization percentage","0"
"1.649","11436","pid_11436_luid_0x00000000_0x0000e366_phys_0_eng_9_engtype_","utilization percentage","0"
"1.649","11436","pid_11436_luid_0x00000000_0x0000e366_phys_0","dedicated usage","0"
"1.649","11436","pid_11436_luid_0x00000000_0x0000e366_phys_0","shared usage","81387520"
"1.738","8656","pid_8656_luid_0x00000000_0x0000e366_phys_0_eng_0_engtype_3d","utilization percentage","26.7801274672285"
"1.738","8656","pid_8656_luid_0x00000000_0x0000e366_phys_0_eng_10_engtype_legacyoverlay","utilization percentage","0"
"1.738","8656","pid_8656_luid_0x00000000_0x0000e366_phys_0_eng_11_engtype_","utilization percentage","0"
"1.738","8656","pid_8656_luid_0x00000000_0x0000e366_phys_0_eng_12_engtype_","utilization percentage","0"
"1.738","8656","pid_8656_luid_0x00000000_0x0000e366_phys_0_eng_1_engtype_videodecode","utilization percentage","4.09800172182194"
"1.738","8656","pid_8656_luid_0x00000000_0x0000e366_phys_0_eng_2_engtype_copy","utilization percentage","0"
"1.738","8656","pid_8656_luid_0x00000000_0x0000e366_phys_0_eng_3_engtype_videoprocessing","utilization percentage","0"
"1.738","8656","pid_8656_luid_0x00000000_0x0000e366_phys_0_eng_4_engtype_videodecode","utilization percentage","0"
"1.738","8656","pid_8656_luid_0x00000000_0x0000e366_phys_0_eng_5_engtype_","utilization percentage","0"
"1.738","8656","pid_8656_luid_0x00000000_0x0000e366_phys_0_eng_6_engtype_","utilization percentage","0"
"1.738","8656","pid_8656_luid_0x00000000_0x0000e366_phys_0_eng_7_engtype_","utilization percentage","0"
"1.738","8656","pid_8656_luid_0x00000000_0x0000e366_phys_0_eng_8_engtype_","utilization percentage","0"
"1.738","8656","pid_8656_luid_0x00000000_0x0000e366_phys_0_eng_9_engtype_","utilization percentage","0"
"1.738","8656","pid_8656_luid_0x00000000_0x0000e366_phys_0","dedicated usage","0"
"1.738","8656","pid_8656_luid_0x00000000_0x0000e366_phys_0","shared usage","396800000"
"1.766","11404","pid_11404_luid_0x00000000_0x0000e366_phys_0_eng_0_engtype_3d","utilization percentage","27.8378748024639"
"1.766","11404","pid_11404_luid_0x00000000_0x0000e366_phys_0_eng_10_engtype_legacyoverlay","utilization percentage","0"
"1.766","11404","pid_11404_luid_0x00000000_0x0000e366_phys_0_eng_11_engtype_","utilization percentage","0"
"1.766","11404","pid_11404_luid_0x00000000_0x0000e366_phys_0_eng_12_engtype_","utilization percentage","0"
"1.766","11404","pid_11404_luid_0x00000000_0x0000e366_phys_0_eng_1_engtype_videodecode","utilization percentage","5.18587200832446"
"1.766","11404","pid_11404_luid_0x00000000_0x0000e366_phys_0_eng_2_engtype_copy","utilization percentage","0"
"1.766","11404","pid_11404_luid_0x00000000_0x0000e366_phys_0_eng_3_engtype_videoprocessing","utilization percentage","0"
"1.766","11404","pid_11404_luid_0x00000000_0x0000e366_phys_0_eng_4_engtype_videodecode","utilization percentage","0"
"1.766","11404","pid_11404_luid_0x00000000_0x0000e366_phys_0_eng_5_engtype_","utilization percentage","0"
"1.766","11404","pid_11404_luid_0x00000000_0x0000e366_phys_0_eng_6_engtype_","utilization percentage","0"
"1.766","11404","pid_11404_luid_0x00000000_0x0000e366_phys_0_eng_7_engtype_","utilization percentage","0"
"1.766","11404","pid_11404_luid_0x00000000_0x0000e366_phys_0_eng_8_engtype_","utilization percentage","0"
"1.766","11404","pid_11404_luid_0x00000000_0x0000e366_phys_0_eng_9_engtype_","utilization percentage","0"
"1.766","11404","pid_11404_luid_0x00000000_0x0000e366_phys_0","dedicated usage","0"
"1.766","11404","pid_11404_luid_0x00000000_0x0000e366_phys_0","shared usage","400289792"
"2.797","11436","pid_11436_luid_0x00000000_0x0000e366_phys_0_eng_0_engtype_3d","utilization percentage","3.67543664337665"
"2.797","11436","pid_11436_luid_0x00000000_0x0000e366_phys_0_eng_10_engtype_legacyoverlay","utilization percentage","0"
"2.797","11436","pid_11436_luid_0x00000000_0x0000e366_phys_0_eng_11_engtype_","utilization percentage","0"
"2.797","11436","pid_11436_luid_0x00000000_0x0000e366_phys_0_eng_12_engtype_","utilization percentage","0"
"2.797","11436","pid_11436_luid_0x00000000_0x0000e366_phys_0_eng_1_engtype_videodecode","utilization percentage","1.09333940936566"
"2.797","11436","pid_11436_luid_0x00000000_0x0000e366_phys_0_eng_2_engtype_copy","utilization percentage","0"
"2.797","11436","pid_11436_luid_0x00000000_0x0000e366_phys_0_eng_3_engtype_videoprocessing","utilization percentage","0"
"2.797","11436","pid_11436_luid_0x00000000_0x0000e366_phys_0_eng_4_engtype_videodecode","utilization percentage","0"
"2.797","11436","pid_11436_luid_0x00000000_0x0000e366_phys_0_eng_5_engtype_","utilization percentage","0"
"2.797","11436","pid_11436_luid_0x00000000_0x0000e366_phys_0_eng_6_engtype_","utilization percentage","0"
"2.797","11436","pid_11436_luid_0x00000000_0x0000e366_phys_0_eng_7_engtype_","utilization percentage","0"
"2.797","11436","pid_11436_luid_0x00000000_0x0000e366_phys_0_eng_8_engtype_","utilization percentage","0"
"2.797","11436","pid_11436_luid_0x00000000_0x0000e366_phys_0_eng_9_engtype_","utilization percentage","0"
"2.797","11436","pid_11436_luid_0x00000000_0x0000e366_phys_0","dedicated usage","0"
"2.797","11436","pid_11436_luid_0x00000000_0x0000e366_phys_0","shared usage","81387520"
"2.821","8656","pid_8656_luid_0x00000000_0x0000e366_phys_0_eng_0_engtype_3d","utilization percentage","28.8709396519913"
"2.821","8656","pid_8656_luid_0x00000000_0x0000e366_phys_0_eng_10_engtype_legacyoverlay","utilization percentage","0"
"2.821","8656","pid_8656_luid_0x00000000_0x0000e366_phys_0_eng_11_engtype_","utilization percentage","0"
"2.821","8656","pid_8656_luid_0x00000000_0x0000e366_phys_0_eng_12_engtype_","utilization percentage","0"
"2.821","8656","pid_8656_luid_0x00000000_0x0000e366_phys_0_eng_1_engtype_videodecode","utilization percentage","4.32337066681077"
"2.821","8656","pid_8656_luid_0x00000000_0x0000e366_phys_0_eng_2_engtype_copy","utilization percentage","0"
"2.821","8656","pid_8656_luid_0x00000000_0x0000e366_phys_0_eng_3_engtype_videoprocessing","utilization percentage","0"
"2.821","8656","pid_8656_luid_0x00000000_0x0000e366_phys_0_eng_4_engtype_videodecode","utilization percentage","0"
"2.821","8656","pid_8656_luid_0x00000000_0x0000e366_phys_0_eng_5_engtype_","utilization percentage","0"
"2.821","8656","pid_8656_luid_0x00000000_0x0000e366_phys_0_eng_6_engtype_","utilization percentage","0"
"2.821","8656","pid_8656_luid_0x00000000_0x0000e366_phys_0_eng_7_engtype_","utilization percentage","0"
"2.821","8656","pid_8656_luid_0x00000000_0x0000e366_phys_0_eng_8_engtype_","utilization percentage","0"
"2.821","8656","pid_8656_luid_0x00000000_0x0000e366_phys_0_eng_9_engtype_","utilization percentage","0"
"2.821","8656","pid_8656_luid_0x00000000_0x0000e366_phys_0","dedicated usage","0"
"2.821","8656","pid_8656_luid_0x00000000_0x0000e366_phys_0","shared usage","402182144"
"2.842","11404","pid_11404_luid_0x00000000_0x0000e366_phys_0_eng_0_engtype_3d","utilization percentage","29.2317343824708"
"2.842","11404","pid_11404_luid_0x00000000_0x0000e366_phys_0_eng_10_engtype_legacyoverlay","utilization percentage","0"
"2.842","11404","pid_11404_luid_0x00000000_0x0000e366_phys_0_eng_11_engtype_","utilization percentage","0"
"2.842","11404","pid_11404_luid_0x00000000_0x0000e366_phys_0_eng_12_engtype_","utilization percentage","0"
"2.842","11404","pid_11404_luid_0x00000000_0x0000e366_phys_0_eng_1_engtype_videodecode","utilization percentage","4.91101202051544"
"2.842","11404","pid_11404_luid_0x00000000_0x0000e366_phys_0_eng_2_engtype_copy","utilization percentage","0"
"2.842","11404","pid_11404_luid_0x00000000_0x0000e366_phys_0_eng_3_engtype_videoprocessing","utilization percentage","0"
"2.842","11404","pid_11404_luid_0x00000000_0x0000e366_phys_0_eng_4_engtype_videodecode","utilization percentage","0"
"2.842","11404","pid_11404_luid_0x00000000_0x0000e366_phys_0_eng_5_engtype_","utilization percentage","0"
"2.842","11404","pid_11404_luid_0x00000000_0x0000e366_phys_0_eng_6_engtype_","utilization percentage","0"
"2.842","11404","pid_11404_luid_0x00000000_0x0000e366_phys_0_eng_7_engtype_","utilization percentage","0"
"2.842","11404","pid_11404_luid_0x00000000_0x0000e366_phys_0_eng_8_engtype_","utilization percentage","0"
"2.842","11404","pid_11404_luid_0x00000000_0x0000e366_phys_0_eng_9_engtype_","utilization percentage","0"
"2.842","11404","pid_11404_luid_0x00000000_0x0000e366_phys_0","dedicated usage","0"
"2.842","11404","pid_11404_luid_0x00000000_0x0000e366_phys_0","shared usage","400289792"
"3.882","11436","pid_11436_luid_0x00000000_0x0000e366_phys_0_eng_0_engtype_3d","utilization percentage","3.59640579513688"
"3.882","11436","pid_11436_luid_0x00000000_0x0000e366_phys_0_eng_10_engtype_legacyoverlay","utilization percentage","0"
"3.882","11436","pid_11436_luid_0x00000000_0x0000e366_phys_0_eng_11_engtype_","utilization percentage","0"
"3.882","11436","pid_11436_luid_0x00000000_0x0000e366_phys_0_eng_12_engtype_","utilization percentage","0"
"3.882","11436","pid_11436_luid_0x00000000_0x0000e366_phys_0_eng_1_engtype_videodecode","utilization percentage","1.13724643697654"
"3.882","11436","pid_11436_luid_0x00000000_0x0000e366_phys_0_eng_2_engtype_copy","utilization percentage","0"
"3.882","11436","pid_11436_luid_0x00000000_0x0000e366_phys_0_eng_3_engtype_videoprocessing","utilization percentage","0"
"3.882","11436","pid_11436_luid_0x00000000_0x0000e366_phys_0_eng_4_engtype_videodecode","utilization percentage","0"
"3.882","11436","pid_11436_luid_0x00000000_0x0000e366_phys_0_eng_5_engtype_","utilization percentage","0"
"3.882","11436","pid_11436_luid_0x00000000_0x0000e366_phys_0_eng_6_engtype_","utilization percentage","0"
"3.882","11436","pid_11436_luid_0x00000000_0x0000e366_phys_0_eng_7_engtype_","utilization percentage","0"
"3.882","11436","pid_11436_luid_0x00000000_0x0000e366_phys_0_eng_8_engtype_","utilization percentage","0"
"3.882","11436","pid_11436_luid_0x00000000_0x0000e366_phys_0_eng_9_engtype_","utilization percentage","0"
"3.882","11436","pid_11436_luid_0x00000000_0x0000e366_phys_0","dedicated usage","0"
"3.882","11436","pid_11436_luid_0x00000000_0x0000e366_phys_0","shared usage","81387520"
"3.895","8656","pid_8656_luid_0x00000000_0x0000e366_phys_0_eng_0_engtype_3d","utilization percentage","31.2078346549362"
"3.895","8656","pid_8656_luid_0x00000000_0x0000e366_phys_0_eng_10_engtype_legacyoverlay","utilization percentage","0"
"3.895","8656","pid_8656_luid_0x00000000_0x0000e366_phys_0_eng_11_engtype_","utilization percentage","0"
"3.895","8656","pid_8656_luid_0x00000000_0x0000e366_phys_0_eng_12_engtype_","utilization percentage","0"
"3.895","8656","pid_8656_luid_0x00000000_0x0000e366_phys_0_eng_1_engtype_videodecode","utilization percentage","4.59035221911043"
"3.895","8656","pid_8656_luid_0x00000000_0x0000e366_phys_0_eng_2_engtype_copy","utilization percentage","0"
"3.895","8656","pid_8656_luid_0x00000000_0x0000e366_phys_0_eng_3_engtype_videoprocessing","utilization percentage","0"
"3.895","8656","pid_8656_luid_0x00000000_0x0000e366_phys_0_eng_4_engtype_videodecode","utilization percentage","0"
"3.895","8656","pid_8656_luid_0x00000000_0x0000e366_phys_0_eng_5_engtype_","utilization percentage","0"
"3.895","8656","pid_8656_luid_0x00000000_0x0000e366_phys_0_eng_6_engtype_","utilization percentage","0"
"3.895","8656","pid_8656_luid_0x00000000_0x0000e366_phys_0_eng_7_engtype_","utilization percentage","0"
"3.895","8656","pid_8656_luid_0x00000000_0x0000e366_phys_0_eng_8_engtype_","utilization percentage","0"
"3.895","8656","pid_8656_luid_0x00000000_0x0000e366_phys_0_eng_9_engtype_","utilization percentage","0"
"3.895","8656","pid_8656_luid_0x00000000_0x0000e366_phys_0","dedicated usage","0"
"3.895","8656","pid_8656_luid_0x00000000_0x0000e366_phys_0","shared usage","396800000"
"3.919","11404","pid_11404_luid_0x00000000_0x0000e366_phys_0_eng_0_engtype_3d","utilization percentage","31.6001899247779"
"3.919","11404","pid_11404_luid_0x00000000_0x0000e366_phys_0_eng_10_engtype_legacyoverlay","utilization percentage","0"
"3.919","11404","pid_11404_luid_0x00000000_0x0000e366_phys_0_eng_11_engtype_","utilization percentage","0"
"3.919","11404","pid_11404_luid_0x00000000_0x0000e366_phys_0_eng_12_engtype_","utilization percentage","0"
"3.919","11404","pid_11404_luid_0x00000000_0x0000e366_phys_0_eng_1_engtype_videodecode","utilization percentage","4.833550602466"
"3.919","11404","pid_11404_luid_0x00000000_0x0000e366_phys_0_eng_2_engtype_copy","utilization percentage","0"
"3.919","11404","pid_11404_luid_0x00000000_0x0000e366_phys_0_eng_3_engtype_videoprocessing","utilization percentage","0"
"3.919","11404","pid_11404_luid_0x00000000_0x0000e366_phys_0_eng_4_engtype_videodecode","utilization percentage","0"
"3.919","11404","pid_11404_luid_0x00000000_0x0000e366_phys_0_eng_5_engtype_","utilization percentage","0"
"3.919","11404","pid_11404_luid_0x00000000_0x0000e366_phys_0_eng_6_engtype_","utilization percentage","0"
"3.919","11404","pid_11404_luid_0x00000000_0x0000e366_phys_0_eng_7_engtype_","utilization percentage","0"
"3.919","11404","pid_11404_luid_0x00000000_0x0000e366_phys_0_eng_8_engtype_","utilization percentage","0"
"3.919","11404","pid_11404_luid_0x00000000_0x0000e366_phys_0_eng_9_engtype_","utilization percentage","0"
"3.919","11404","pid_11404_luid_0x00000000_0x0000e366_phys_0","dedicated usage","0"
"3.919","11404","pid_11404_luid_0x00000000_0x0000e366_phys_0","shared usage","394903552"
"4.953","11436","pid_11436_luid_0x00000000_0x0000e366_phys_0_eng_0_engtype_3d","utilization percentage","3.57340782786119"
"4.953","11436","pid_11436_luid_0x00000000_0x0000e366_phys_0_eng_10_engtype_legacyoverlay","utilization percentage","0"
"4.953","11436","pid_11436_luid_0x00000000_0x0000e366_phys_0_eng_11_engtype_","utilization percentage","0"
"4.953","11436","pid_11436_luid_0x00000000_0x0000e366_phys_0_eng_12_engtype_","utilization percentage","0"
"4.953","11436","pid_11436_luid_0x00000000_0x0000e366_phys_0_eng_1_engtype_videodecode","utilization percentage","1.1527245461423"
"4.953","11436","pid_11436_luid_0x00000000_0x0000e366_phys_0_eng_2_engtype_copy","utilization percentage","0"
"4.953","11436","pid_11436_luid_0x00000000_0x0000e366_phys_0_eng_3_engtype_videoprocessing","utilization percentage","0"
"4.953","11436","pid_11436_luid_0x00000000_0x0000e366_phys_0_eng_4_engtype_videodecode","utilization percentage","0"
"4.953","11436","pid_11436_luid_0x00000000_0x0000e366_phys_0_eng_5_engtype_","utilization percentage","0"
"4.953","11436","pid_11436_luid_0x00000000_0x0000e366_phys_0_eng_6_engtype_","utilization percentage","0"
"4.953","11436","pid_11436_luid_0x00000000_0x0000e366_phys_0_eng_7_engtype_","utilization percentage","0"
"4.953","11436","pid_11436_luid_0x00000000_0x0000e366_phys_0_eng_8_engtype_","utilization percentage","0"
"4.953","11436","pid_11436_luid_0x00000000_0x0000e366_phys_0_eng_9_engtype_","utilization percentage","0"
"4.953","11436","pid_11436_luid_0x00000000_0x0000e366_phys_0","dedicated usage","0"
"4.953","11436","pid_11436_luid_0x00000000_0x0000e366_phys_0","shared usage","81387520"
"4.963","8656","pid_8656_luid_0x00000000_0x0000e366_phys_0_eng_0_engtype_3d","utilization percentage","30.9931531460231"
"4.963","8656","pid_8656_luid_0x00000000_0x0000e366_phys_0_eng_10_engtype_legacyoverlay","utilization percentage","0"
"4.963","8656","pid_8656_luid_0x00000000_0x0000e366_phys_0_eng_11_engtype_","utilization percentage","0"
"4.963","8656","pid_8656_luid_0x00000000_0x0000e366_phys_0_eng_12_engtype_","utilization percentage","0"
"4.963","8656","pid_8656_luid_0x00000000_0x0000e366_phys_0_eng_1_engtype_videodecode","utilization percentage","4.42806528823667"
"4.963","8656","pid_8656_luid_0x00000000_0x0000e366_phys_0_eng_2_engtype_copy","utilization percentage","0"
"4.963","8656","pid_8656_luid_0x00000000_0x0000e366_phys_0_eng_3_engtype_videoprocessing","utilization percentage","0"
"4.963","8656","pid_8656_luid_0x00000000_0x0000e366_phys_0_eng_4_engtype_videodecode","utilization percentage","0"
"4.963","8656","pid_8656_luid_0x00000000_0x0000e366_phys_0_eng_5_engtype_","utilization percentage","0"
"4.963","8656","pid_8656_luid_0x00000000_0x0000e366_phys_0_eng_6_engtype_","utilization percentage","0"
"4.963","8656","pid_8656_luid_0x00000000_0x0000e366_phys_0_eng_7_engtype_","utilization percentage","0"
"4.963","8656","pid_8656_luid_0x00000000_0x0000e366_phys_0_eng_8_engtype_","utilization percentage","0"
"4.963","8656","pid_8656_luid_0x00000000_0x0000e366_phys_0_eng_9_engtype_","utilization percentage","0"
"4.963","8656","pid_8656_luid_0x00000000_0x0000e366_phys_0","dedicated usage","0"
"4.963","8656","pid_8656_luid_0x00000000_0x0000e366_phys_0","shared usage","396800000"
"4.974","11404","pid_11404_luid_0x00000000_0x0000e366_phys_0_eng_0_engtype_3d","utilization percentage","31.1668117321415"
"4.974","11404","pid_11404_luid_0x00000000_0x0000e366_phys_0_eng_10_engtype_legacyoverlay","utilization percentage","0"
"4.974","11404","pid_11404_luid_0x00000000_0x0000e366_phys_0_eng_11_engtype_","utilization percentage","0"
"4.974","11404","pid_11404_luid_0x00000000_0x0000e366_phys_0_eng_12_engtype_","utilization percentage","0"
"4.974","11404","pid_11404_luid_0x00000000_0x0000e366_phys_0_eng_1_engtype_videodecode","utilization percentage","4.94183599319888"
"4.974","11404","pid_11404_luid_0x00000000_0x0000e366_phys_0_eng_2_engtype_copy","utilization percentage","0"
"4.974","11404","pid_11404_luid_0x00000000_0x0000e366_phys_0_eng_3_engtype_videoprocessing","utilization percentage","0"
"4.974","11404","pid_11404_luid_0x00000000_0x0000e366_phys_0_eng_4_engtype_videodecode","utilization percentage","0"
"4.974","11404","pid_11404_luid_0x00000000_0x0000e366_phys_0_eng_5_engtype_","utilization percentage","0"
"4.974","11404","pid_11404_luid_0x00000000_0x0000e366_phys_0_eng_6_engtype_","utilization percentage","0"
"4.974","11404","pid_11404_luid_0x00000000_0x0000e366_phys_0_eng_7_engtype_","utilization percentage","0"
"4.974","11404","pid_11404_luid_0x00000000_0x0000e366_phys_0_eng_8_engtype_","utilization percentage","0"
"4.974","11404","pid_11404_luid_0x00000000_0x0000e366_phys_0_eng_9_engtype_","utilization percentage","0"
"4.974","11404","pid_11404_luid_0x00000000_0x0000e366_phys_0","dedicated usage","0"
"4.974","11404","pid_11404_luid_0x00000000_0x0000e366_phys_0","shared usage","400289792"
"5.996","11436","pid_11436_luid_0x00000000_0x0000e366_phys_0_eng_0_engtype_3d","utilization percentage","3.33478909839479"
"5.996","11436","pid_11436_luid_0x00000000_0x0000e366_phys_0_eng_10_engtype_legacyoverlay","utilization percentage","0"
"5.996","11436","pid_11436_luid_0x00000000_0x0000e366_phys_0_eng_11_engtype_","utilization percentage","0"
"5.996","11436","pid_11436_luid_0x00000000_0x0000e366_phys_0_eng_12_engtype_","utilization percentage","0"
"5.996","11436","pid_11436_luid_0x00000000_0x0000e366_phys_0_eng_1_engtype_videodecode","utilization percentage","1.11452835945765"
"5.996","11436","pid_11436_luid_0x00000000_0x0000e366_phys_0_eng_2_engtype_copy","utilization percentage","0"
"5.996","11436","pid_11436_luid_0x00000000_0x0000e366_phys_0_eng_3_engtype_videoprocessing","utilization percentage","0"
"5.996","11436","pid_11436_luid_0x00000000_0x0000e366_phys_0_eng_4_engtype_videodecode","utilization percentage","0"
"5.996","11436","pid_11436_luid_0x00000000_0x0000e366_phys_0_eng_5_engtype_","utilization percentage","0"
"5.996","11436","pid_11436_luid_0x00000000_0x0000e366_phys_0_eng_6_engtype_","utilization percentage","0"
"5.996","11436","pid_11436_luid_0x00000000_0x0000e366_phys_0_eng_7_engtype_","utilization percentage","0"
"5.996","11436","pid_11436_luid_0x00000000_0x0000e366_phys_0_eng_8_engtype_","utilization percentage","0"
"5.996","11436","pid_11436_luid_0x00000000_0x0000e366_phys_0_eng_9_engtype_","utilization percentage","0"
"5.996","11436","pid_11436_luid_0x00000000_0x0000e366_phys_0","dedicated usage","0"
"5.996","11436","pid_11436_luid_0x00000000_0x0000e366_phys_0","shared usage","81387520"
"6.02","8656","pid_8656_luid_0x00000000_0x0000e366_phys_0_eng_0_engtype_3d","utilization percentage","24.9205556104971"
"6.02","8656","pid_8656_luid_0x00000000_0x0000e366_phys_0_eng_10_engtype_legacyoverlay","utilization percentage","0"
"6.02","8656","pid_8656_luid_0x00000000_0x0000e366_phys_0_eng_11_engtype_","utilization percentage","0"
"6.02","8656","pid_8656_luid_0x00000000_0x0000e366_phys_0_eng_12_engtype_","utilization percentage","0"
"6.02","8656","pid_8656_luid_0x00000000_0x0000e366_phys_0_eng_1_engtype_videodecode","utilization percentage","4.39540970705933"
"6.02","8656","pid_8656_luid_0x00000000_0x0000e366_phys_0_eng_2_engtype_copy","utilization percentage","0"
"6.02","8656","pid_8656_luid_0x00000000_0x0000e366_phys_0_eng_3_engtype_videoprocessing","utilization percentage","0"
"6.02","8656","pid_8656_luid_0x00000000_0x0000e366_phys_0_eng_4_engtype_videodecode","utilization percentage","0"
"6.02","8656","pid_8656_luid_0x00000000_0x0000e366_phys_0_eng_5_engtype_","utilization percentage","0"
"6.02","8656","pid_8656_luid_0x00000000_0x0000e366_phys_0_eng_6_engtype_","utilization percentage","0"
"6.02","8656","pid_8656_luid_0x00000000_0x0000e366_phys_0_eng_7_engtype_","utilization percentage","0"
"6.02","8656","pid_8656_luid_0x00000000_0x0000e366_phys_0_eng_8_engtype_","utilization percentage","0"
"6.02","8656","pid_8656_luid_0x00000000_0x0000e366_phys_0_eng_9_engtype_","utilization percentage","0"
"6.02","8656","pid_8656_luid_0x00000000_0x0000e366_phys_0","dedicated usage","0"
"6.02","8656","pid_8656_luid_0x00000000_0x0000e366_phys_0","shared usage","396800000"
"6.04","11404","pid_11404_luid_0x00000000_0x0000e366_phys_0_eng_0_engtype_3d","utilization percentage","26.048397841503"
"6.04","11404","pid_11404_luid_0x00000000_0x0000e366_phys_0_eng_10_engtype_legacyoverlay","utilization percentage","0"
"6.04","11404","pid_11404_luid_0x00000000_0x0000e366_phys_0_eng_11_engtype_","utilization percentage","0"
"6.04","11404","pid_11404_luid_0x00000000_0x0000e366_phys_0_eng_12_engtype_","utilization percentage","0"
"6.04","11404","pid_11404_luid_0x00000000_0x0000e366_phys_0_eng_1_engtype_videodecode","utilization percentage","4.99052441786104"
"6.04","11404","pid_11404_luid_0x00000000_0x0000e366_phys_0_eng_2_engtype_copy","utilization percentage","0"
"6.04","11404","pid_11404_luid_0x00000000_0x0000e366_phys_0_eng_3_engtype_videoprocessing","utilization percentage","0"
"6.04","11404","pid_11404_luid_0x00000000_0x0000e366_phys_0_eng_4_engtype_videodecode","utilization percentage","0"
"6.04","11404","pid_11404_luid_0x00000000_0x0000e366_phys_0_eng_5_engtype_","utilization percentage","0"
"6.04","11404","pid_11404_luid_0x00000000_0x0000e366_phys_0_eng_6_engtype_","utilization percentage","0"
"6.04","11404","pid_11404_luid_0x00000000_0x0000e366_phys_0_eng_7_engtype_","utilization percentage","0"
"6.04","11404","pid_11404_luid_0x00000000_0x0000e366_phys_0_eng_8_engtype_","utilization percentage","0"
"6.04","11404","pid_11404_luid_0x00000000_0x0000e366_phys_0_eng_9_engtype_","utilization percentage","0"
"6.04","11404","pid_11404_luid_0x00000000_0x0000e366_phys_0","dedicated usage","0"
"6.04","11404","pid_11404_luid_0x00000000_0x0000e366_phys_0","shared usage","394903552"
"7.067","11436","pid_11436_luid_0x00000000_0x0000e366_phys_0_eng_0_engtype_3d","utilization percentage","3.13141002640258"
"7.067","11436","pid_11436_luid_0x00000000_0x0000e366_phys_0_eng_10_engtype_legacyoverlay","utilization percentage","0"
"7.067","11436","pid_11436_luid_0x00000000_0x0000e366_phys_0_eng_11_engtype_","utilization percentage","0"
"7.067","11436","pid_11436_luid_0x00000000_0x0000e366_phys_0_eng_12_engtype_","utilization percentage","0"
"7.067","11436","pid_11436_luid_0x00000000_0x0000e366_phys_0_eng_1_engtype_videodecode","utilization percentage","1.4738575576267"
"7.067","11436","pid_11436_luid_0x00000000_0x0000e366_phys_0_eng_2_engtype_copy","utilization percentage","0"
"7.067","11436","pid_11436_luid_0x00000000_0x0000e366_phys_0_eng_3_engtype_videoprocessing","utilization percentage","0"
"7.067","11436","pid_11436_luid_0x00000000_0x0000e366_phys_0_eng_4_engtype_videodecode","utilization percentage","0"
"7.067","11436","pid_11436_luid_0x00000000_0x0000e366_phys_0_eng_5_engtype_","utilization percentage","0"
"7.067","11436","pid_11436_luid_0x00000000_0x0000e366_phys_0_eng_6_engtype_","utilization percentage","0"
"7.067","11436","pid_11436_luid_0x00000000_0x0000e366_phys_0_eng_7_engtype_","utilization percentage","0"
"7.067","11436","pid_11436_luid_0x00000000_0x0000e366_phys_0_eng_8_engtype_","utilization percentage","0"
"7.067","11436","pid_11436_luid_0x00000000_0x0000e366_phys_0_eng_9_engtype_","utilization percentage","0"
"7.067","11436","pid_11436_luid_0x00000000_0x0000e366_phys_0","dedicated usage","0"
"7.067","11436","pid_11436_luid_0x00000000_0x0000e366_phys_0","shared usage","81387520"
"7.091","8656","pid_8656_luid_0x00000000_0x0000e366_phys_0_eng_0_engtype_3d","utilization percentage","20.5407894461438"
"7.091","8656","pid_8656_luid_0x00000000_0x0000e366_phys_0_eng_10_engtype_legacyoverlay","utilization percentage","0"
"7.091","8656","pid_8656_luid_0x00000000_0x0000e366_phys_0_eng_11_engtype_","utilization percentage","0"
"7.091","8656","pid_8656_luid_0x00000000_0x0000e366_phys_0_eng_12_engtype_","utilization percentage","0"
"7.091","8656","pid_8656_luid_0x00000000_0x0000e366_phys_0_eng_1_engtype_videodecode","utilization percentage","4.54382103355789"
"7.091","8656","pid_8656_luid_0x00000000_0x0000e366_phys_0_eng_2_engtype_copy","utilization percentage","0"
"7.091","8656","pid_8656_luid_0x00000000_0x0000e366_phys_0_eng_3_engtype_videoprocessing","utilization percentage","0"
"7.091","8656","pid_8656_luid_0x00000000_0x0000e366_phys_0_eng_4_engtype_videodecode","utilization percentage","0"
"7.091","8656","pid_8656_luid_0x00000000_0x0000e366_phys_0_eng_5_engtype_","utilization percentage","0"
"7.091","8656","pid_8656_luid_0x00000000_0x0000e366_phys_0_eng_6_engtype_","utilization percentage","0"
"7.091","8656","pid_8656_luid_0x00000000_0x0000e366_phys_0_eng_7_engtype_","utilization percentage","0"
"7.091","8656","pid_8656_luid_0x00000000_0x0000e366_phys_0_eng_8_engtype_","utilization percentage","0"
"7.091","8656","pid_8656_luid_0x00000000_0x0000e366_phys_0_eng_9_engtype_","utilization percentage","0"
"7.091","8656","pid_8656_luid_0x00000000_0x0000e366_phys_0","dedicated usage","0"
"7.091","8656","pid_8656_luid_0x00000000_0x0000e366_phys_0","shared usage","396800000"
"7.118","11404","pid_11404_luid_0x00000000_0x0000e366_phys_0_eng_0_engtype_3d","utilization percentage","21.7268779321666"
"7.118","11404","pid_11404_luid_0x00000000_0x0000e366_phys_0_eng_10_engtype_legacyoverlay","utilization percentage","0"
"7.118","11404","pid_11404_luid_0x00000000_0x0000e366_phys_0_eng_11_engtype_","utilization percentage","0"
"7.118","11404","pid_11404_luid_0x00000000_0x0000e366_phys_0_eng_12_engtype_","utilization percentage","0"
"7.118","11404","pid_11404_luid_0x00000000_0x0000e366_phys_0_eng_1_engtype_videodecode","utilization percentage","5.24720463046852"
"7.118","11404","pid_11404_luid_0x00000000_0x0000e366_phys_0_eng_2_engtype_copy","utilization percentage","0"
"7.118","11404","pid_11404_luid_0x00000000_0x0000e366_phys_0_eng_3_engtype_videoprocessing","utilization percentage","0"
"7.118","11404","pid_11404_luid_0x00000000_0x0000e366_phys_0_eng_4_engtype_videodecode","utilization percentage","0"
"7.118","11404","pid_11404_luid_0x00000000_0x0000e366_phys_0_eng_5_engtype_","utilization percentage","0"
"7.118","11404","pid_11404_luid_0x00000000_0x0000e366_phys_0_eng_6_engtype_","utilization percentage","0"
"7.118","11404","pid_11404_luid_0x00000000_0x0000e366_phys_0_eng_7_engtype_","utilization percentage","0"
"7.118","11404","pid_11404_luid_0x00000000_0x0000e366_phys_0_eng_8_engtype_","utilization percentage","0"
"7.118","11404","pid_11404_luid_0x00000000_0x0000e366_phys_0_eng_9_engtype_","utilization percentage","0"
"7.118","11404","pid_11404_luid_0x00000000_0x0000e366_phys_0","dedicated usage","0"
"7.118","11404","pid_11404_luid_0x00000000_0x0000e366_phys_0","shared usage","394903552"
"8.151","11436","pid_11436_luid_0x00000000_0x0000e366_phys_0_eng_0_engtype_3d","utilization percentage","3.23698438671346"
"8.151","11436","pid_11436_luid_0x00000000_0x0000e366_phys_0_eng_10_engtype_legacyoverlay","utilization percentage","0"
"8.151","11436","pid_11436_luid_0x00000000_0x0000e366_phys_0_eng_11_engtype_","utilization percentage","0"
"8.151","11436","pid_11436_luid_0x00000000_0x0000e366_phys_0_eng_12_engtype_","utilization percentage","0"
"8.151","11436","pid_11436_luid_0x00000000_0x0000e366_phys_0_eng_1_engtype_videodecode","utilization percentage","1.56836133395584"
"8.151","11436","pid_11436_luid_0x00000000_0x0000e366_phys_0_eng_2_engtype_copy","utilization percentage","0"
"8.151","11436","pid_11436_luid_0x00000000_0x0000e366_phys_0_eng_3_engtype_videoprocessing","utilization percentage","0"
"8.151","11436","pid_11436_luid_0x00000000_0x0000e366_phys_0_eng_4_engtype_videodecode","utilization percentage","0"
"8.151","11436","pid_11436_luid_0x00000000_0x0000e366_phys_0_eng_5_engtype_","utilization percentage","0"
"8.151","11436","pid_11436_luid_0x00000000_0x0000e366_phys_0_eng_6_engtype_","utilization percentage","0"
"8.151","11436","pid_11436_luid_0x00000000_0x0000e366_phys_0_eng_7_engtype_","utilization percentage","0"
"8.151","11436","pid_11436_luid_0x00000000_0x0000e366_phys_0_eng_8_engtype_","utilization percentage","0"
"8.151","11436","pid_11436_luid_0x00000000_0x0000e366_phys_0_eng_9_engtype_","utilization percentage","0"
"8.151","11436","pid_11436_luid_0x00000000_0x0000e366_phys_0","dedicated usage","0"
"8.151","11436","pid_11436_luid_0x00000000_0x0000e366_phys_0","shared usage","81387520"
"8.168","8656","pid_8656_luid_0x00000000_0x0000e366_phys_0_eng_0_engtype_3d","utilization percentage","22.3760186340252"
"8.168","8656","pid_8656_luid_0x00000000_0x0000e366_phys_0_eng_10_engtype_legacyoverlay","utilization percentage","0"
"8.168","8656","pid_8656_luid_0x00000000_0x0000e366_phys_0_eng_11_engtype_","utilization percentage","0"
"8.168","8656","pid_8656_luid_0x00000000_0x0000e366_phys_0_eng_12_engtype_","utilization percentage","0"
"8.168","8656","pid_8656_luid_0x00000000_0x0000e366_phys_0_eng_1_engtype_videodecode","utilization percentage","4.5492972474605"
"8.168","8656","pid_8656_luid_0x00000000_0x0000e366_phys_0_eng_2_engtype_copy","utilization percentage","0"
"8.168","8656","pid_8656_luid_0x00000000_0x0000e366_phys_0_eng_3_engtype_videoprocessing","utilization percentage","0"
"8.168","8656","pid_8656_luid_0x00000000_0x0000e366_phys_0_eng_4_engtype_videodecode","utilization percentage","0"
"8.168","8656","pid_8656_luid_0x00000000_0x0000e366_phys_0_eng_5_engtype_","utilization percentage","0"
"8.168","8656","pid_8656_luid_0x00000000_0x0000e366_phys_0_eng_6_engtype_","utilization percentage","0"
"8.168","8656","pid_8656_luid_0x00000000_0x0000e366_phys_0_eng_7_engtype_","utilization percentage","0"
"8.168","8656","pid_8656_luid_0x00000000_0x0000e366_phys_0_eng_8_engtype_","utilization percentage","0"
"8.168","8656","pid_8656_luid_0x00000000_0x0000e366_phys_0_eng_9_engtype_","utilization percentage","0"
"8.168","8656","pid_8656_luid_0x00000000_0x0000e366_phys_0","dedicated usage","0"
"8.168","8656","pid_8656_luid_0x00000000_0x0000e366_phys_0","shared usage","396800000"
"8.197","11404","pid_11404_luid_0x00000000_0x0000e366_phys_0_eng_0_engtype_3d","utilization percentage","23.0842574005152"
"8.197","11404","pid_11404_luid_0x00000000_0x0000e366_phys_0_eng_10_engtype_legacyoverlay","utilization percentage","0"
"8.197","11404","pid_11404_luid_0x00000000_0x0000e366_phys_0_eng_11_engtype_","utilization percentage","0"
"8.197","11404","pid_11404_luid_0x00000000_0x0000e366_phys_0_eng_12_engtype_","utilization percentage","0"
"8.197","11404","pid_11404_luid_0x00000000_0x0000e366_phys_0_eng_1_engtype_videodecode","utilization percentage","5.03645763528152"
"8.197","11404","pid_11404_luid_0x00000000_0x0000e366_phys_0_eng_2_engtype_copy","utilization percentage","0"
"8.197","11404","pid_11404_luid_0x00000000_0x0000e366_phys_0_eng_3_engtype_videoprocessing","utilization percentage","0"
"8.197","11404","pid_11404_luid_0x00000000_0x0000e366_phys_0_eng_4_engtype_videodecode","utilization percentage","0"
"8.197","11404","pid_11404_luid_0x00000000_0x0000e366_phys_0_eng_5_engtype_","utilization percentage","0"
"8.197","11404","pid_11404_luid_0x00000000_0x0000e366_phys_0_eng_6_engtype_","utilization percentage","0"
"8.197","11404","pid_11404_luid_0x00000000_0x0000e366_phys_0_eng_7_engtype_","utilization percentage","0"
"8.197","11404","pid_11404_luid_0x00000000_0x0000e366_phys_0_eng_8_engtype_","utilization percentage","0"
"8.197","11404","pid_11404_luid_0x00000000_0x0000e366_phys_0_eng_9_engtype_","utilization percentage","0"
"8.197","11404","pid_11404_luid_0x00000000_0x0000e366_phys_0","dedicated usage","0"
"8.197","11404","pid_11404_luid_0x00000000_0x0000e366_phys_0","shared usage","394911744"
"9.228","11436","pid_11436_luid_0x00000000_0x0000e366_phys_0_eng_0_engtype_3d","utilization percentage","3.20320266315603"
"9.228","11436","pid_11436_luid_0x00000000_0x0000e366_phys_0_eng_10_engtype_legacyoverlay","utilization percentage","0"
"9.228","11436","pid_11436_luid_0x00000000_0x0000e366_phys_0_eng_11_engtype_","utilization percentage","0"
"9.228","11436","pid_11436_luid_0x00000000_0x0000e366_phys_0_eng_12_engtype_","utilization percentage","0"
"9.228","11436","pid_11436_luid_0x00000000_0x0000e366_phys_0_eng_1_engtype_videodecode","utilization percentage","1.36155786590699"
"9.228","11436","pid_11436_luid_0x00000000_0x0000e366_phys_0_eng_2_engtype_copy","utilization percentage","0"
"9.228","11436","pid_11436_luid_0x00000000_0x0000e366_phys_0_eng_3_engtype_videoprocessing","utilization percentage","0"
"9.228","11436","pid_11436_luid_0x00000000_0x0000e366_phys_0_eng_4_engtype_videodecode","utilization percentage","0"
"9.228","11436","pid_11436_luid_0x00000000_0x0000e366_phys_0_eng_5_engtype_","utilization percentage","0"
"9.228","11436","pid_11436_luid_0x00000000_0x0000e366_phys_0_eng_6_engtype_","utilization percentage","0"
"9.228","11436","pid_11436_luid_0x00000000_0x0000e366_phys_0_eng_7_engtype_","utilization percentage","0"
"9.228","11436","pid_11436_luid_0x00000000_0x0000e366_phys_0_eng_8_engtype_","utilization percentage","0"
"9.228","11436","pid_11436_luid_0x00000000_0x0000e366_phys_0_eng_9_engtype_","utilization percentage","0"
"9.228","11436","pid_11436_luid_0x00000000_0x0000e366_phys_0","dedicated usage","0"
"9.228","11436","pid_11436_luid_0x00000000_0x0000e366_phys_0","shared usage","81387520"
"9.239","8656","pid_8656_luid_0x00000000_0x0000e366_phys_0_eng_0_engtype_3d","utilization percentage","24.2713560874496"
"9.239","8656","pid_8656_luid_0x00000000_0x0000e366_phys_0_eng_10_engtype_legacyoverlay","utilization percentage","0"
"9.239","8656","pid_8656_luid_0x00000000_0x0000e366_phys_0_eng_11_engtype_","utilization percentage","0"
"9.239","8656","pid_8656_luid_0x00000000_0x0000e366_phys_0_eng_12_engtype_","utilization percentage","0"
"9.239","8656","pid_8656_luid_0x00000000_0x0000e366_phys_0_eng_1_engtype_videodecode","utilization percentage","4.24217247243002"
"9.239","8656","pid_8656_luid_0x00000000_0x0000e366_phys_0_eng_2_engtype_copy","utilization percentage","0"
"9.239","8656","pid_8656_luid_0x00000000_0x0000e366_phys_0_eng_3_engtype_videoprocessing","utilization percentage","0"
"9.239","8656","pid_8656_luid_0x00000000_0x0000e366_phys_0_eng_4_engtype_videodecode","utilization percentage","0"
"9.239","8656","pid_8656_luid_0x00000000_0x0000e366_phys_0_eng_5_engtype_","utilization percentage","0"
"9.239","8656","pid_8656_luid_0x00000000_0x0000e366_phys_0_eng_6_engtype_","utilization percentage","0"
"9.239","8656","pid_8656_luid_0x00000000_0x0000e366_phys_0_eng_7_engtype_","utilization percentage","0"
"9.239","8656","pid_8656_luid_0x00000000_0x0000e366_phys_0_eng_8_engtype_","utilization percentage","0"
"9.239","8656","pid_8656_luid_0x00000000_0x0000e366_phys_0_eng_9_engtype_","utilization percentage","0"
"9.239","8656","pid_8656_luid_0x00000000_0x0000e366_phys_0","dedicated usage","0"
"9.239","8656","pid_8656_luid_0x00000000_0x0000e366_phys_0","shared usage","396800000"
"9.249","11404","pid_11404_luid_0x00000000_0x0000e366_phys_0_eng_0_engtype_3d","utilization percentage","25.4058651680523"
"9.249","11404","pid_11404_luid_0x00000000_0x0000e366_phys_0_eng_10_engtype_legacyoverlay","utilization percentage","0"
"9.249","11404","pid_11404_luid_0x00000000_0x0000e366_phys_0_eng_11_engtype_","utilization percentage","0"
"9.249","11404","pid_11404_luid_0x00000000_0x0000e366_phys_0_eng_12_engtype_","utilization percentage","0"
"9.249","11404","pid_11404_luid_0x00000000_0x0000e366_phys_0_eng_1_engtype_videodecode","utilization percentage","5.24054902105966"
"9.249","11404","pid_11404_luid_0x00000000_0x0000e366_phys_0_eng_2_engtype_copy","utilization percentage","0"
"9.249","11404","pid_11404_luid_0x00000000_0x0000e366_phys_0_eng_3_engtype_videoprocessing","utilization percentage","0"
"9.249","11404","pid_11404_luid_0x00000000_0x0000e366_phys_0_eng_4_engtype_videodecode","utilization percentage","0"
"9.249","11404","pid_11404_luid_0x00000000_0x0000e366_phys_0_eng_5_engtype_","utilization percentage","0"
"9.249","11404","pid_11404_luid_0x00000000_0x0000e366_phys_0_eng_6_engtype_","utilization percentage","0"
"9.249","11404","pid_11404_luid_0x00000000_0x0000e366_phys_0_eng_7_engtype_","utilization percentage","0"
"9.249","11404","pid_11404_luid_0x00000000_0x0000e366_phys_0_eng_8_engtype_","utilization percentage","0"
"9.249","11404","pid_11404_luid_0x00000000_0x0000e366_phys_0_eng_9_engtype_","utilization percentage","0"
"9.249","11404","pid_11404_luid_0x00000000_0x0000e366_phys_0","dedicated usage","0"
"9.249","11404","pid_11404_luid_0x00000000_0x0000e366_phys_0","shared usage","397598720"
"10.266","11436","pid_11436_luid_0x00000000_0x0000e366_phys_0_eng_0_engtype_3d","utilization percentage","3.52290684324772"
"10.266","11436","pid_11436_luid_0x00000000_0x0000e366_phys_0_eng_10_engtype_legacyoverlay","utilization percentage","0"
"10.266","11436","pid_11436_luid_0x00000000_0x0000e366_phys_0_eng_11_engtype_","utilization percentage","0"
"10.266","11436","pid_11436_luid_0x00000000_0x0000e366_phys_0_eng_12_engtype_","utilization percentage","0"
"10.266","11436","pid_11436_luid_0x00000000_0x0000e366_phys_0_eng_1_engtype_videodecode","utilization percentage","1.33006793571542"
"10.266","11436","pid_11436_luid_0x00000000_0x0000e366_phys_0_eng_2_engtype_copy","utilization percentage","0"
"10.266","11436","pid_11436_luid_0x00000000_0x0000e366_phys_0_eng_3_engtype_videoprocessing","utilization percentage","0"
"10.266","11436","pid_11436_luid_0x00000000_0x0000e366_phys_0_eng_4_engtype_videodecode","utilization percentage","0"
"10.266","11436","pid_11436_luid_0x00000000_0x0000e366_phys_0_eng_5_engtype_","utilization percentage","0"
"10.266","11436","pid_11436_luid_0x00000000_0x0000e366_phys_0_eng_6_engtype_","utilization percentage","0"
"10.266","11436","pid_11436_luid_0x00000000_0x0000e366_phys_0_eng_7_engtype_","utilization percentage","0"
"10.266","11436","pid_11436_luid_0x00000000_0x0000e366_phys_0_eng_8_engtype_","utilization percentage","0"
"10.266","11436","pid_11436_luid_0x00000000_0x0000e366_phys_0_eng_9_engtype_","utilization percentage","0"
"10.266","11436","pid_11436_luid_0x00000000_0x0000e366_phys_0","dedicated usage","0"
"10.266","11436","pid_11436_luid_0x00000000_0x0000e366_phys_0","shared usage","81387520"
"10.279","8656","pid_8656_luid_0x00000000_0x0000e366_phys_0_eng_0_engtype_3d","utilization percentage","27.1404401180558"
"10.279","8656","pid_8656_luid_0x00000000_0x0000e366_phys_0_eng_10_engtype_legacyoverlay","utilization percentage","0"
"10.279","8656","pid_8656_luid_0x00000000_0x0000e366_phys_0_eng_11_engtype_","utilization percentage","0"
"10.279","8656","pid_8656_luid_0x00000000_0x0000e366_phys_0_eng_12_engtype_","utilization percentage","0"
"10.279","8656","pid_8656_luid_0x00000000_0x0000e366_phys_0_eng_1_engtype_videodecode","utilization percentage","4.48975803107077"
"10.279","8656","pid_8656_luid_0x00000000_0x0000e366_phys_0_eng_2_engtype_copy","utilization percentage","0"
"10.279","8656","pid_8656_luid_0x00000000_0x0000e366_phys_0_eng_3_engtype_videoprocessing","utilization percentage","0"
"10.279","8656","pid_8656_luid_0x00000000_0x0000e366_phys_0_eng_4_engtype_videodecode","utilization percentage","0"
"10.279","8656","pid_8656_luid_0x00000000_0x0000e366_phys_0_eng_5_engtype_","utilization percentage","0"
"10.279","8656","pid_8656_luid_0x00000000_0x0000e366_phys_0_eng_6_engtype_","utilization percentage","0"
"10.279","8656","pid_8656_luid_0x00000000_0x0000e366_phys_0_eng_7_engtype_","utilization percentage","0"
"10.279","8656","pid_8656_luid_0x00000000_0x0000e366_phys_0_eng_8_engtype_","utilization percentage","0"
"10.279","8656","pid_8656_luid_0x00000000_0x0000e366_phys_0_eng_9_engtype_","utilization percentage","0"
"10.279","8656","pid_8656_luid_0x00000000_0x0000e366_phys_0","dedicated usage","0"
"10.279","8656","pid_8656_luid_0x00000000_0x0000e366_phys_0","shared usage","396800000"
"10.305","11404","pid_11404_luid_0x00000000_0x0000e366_phys_0_eng_0_engtype_3d","utilization percentage","28.0315589625642"
"10.305","11404","pid_11404_luid_0x00000000_0x0000e366_phys_0_eng_10_engtype_legacyoverlay","utilization percentage","0"
"10.305","11404","pid_11404_luid_0x00000000_0x0000e366_phys_0_eng_11_engtype_","utilization percentage","0"
"10.305","11404","pid_11404_luid_0x00000000_0x0000e366_phys_0_eng_12_engtype_","utilization percentage","0"
"10.305","11404","pid_11404_luid_0x00000000_0x0000e366_phys_0_eng_1_engtype_videodecode","utilization percentage","5.43040862052646"
"10.305","11404","pid_11404_luid_0x00000000_0x0000e366_phys_0_eng_2_engtype_copy","utilization percentage","0"
"10.305","11404","pid_11404_luid_0x00000000_0x0000e366_phys_0_eng_3_engtype_videoprocessing","utilization percentage","0"
"10.305","11404","pid_11404_luid_0x00000000_0x0000e366_phys_0_eng_4_engtype_videodecode","utilization percentage","0"
"10.305","11404","pid_11404_luid_0x00000000_0x0000e366_phys_0_eng_5_engtype_","utilization percentage","0"
"10.305","11404","pid_11404_luid_0x00000000_0x0000e366_phys_0_eng_6_engtype_","utilization percentage","0"
"10.305","11404","pid_11404_luid_0x00000000_0x0000e366_phys_0_eng_7_engtype_","utilization percentage","0"
"10.305","11404","pid_11404_luid_0x00000000_0x0000e366_phys_0_eng_8_engtype_","utilization percentage","0"
"10.305","11404","pid_11404_luid_0x00000000_0x0000e366_phys_0_eng_9_engtype_","utilization percentage","0"
"10.305","11404","pid_11404_luid_0x00000000_0x0000e366_phys_0","dedicated usage","0"
"10.305","11404","pid_11404_luid_0x00000000_0x0000e366_phys_0","shared usage","400289792"
"11.338","11436","pid_11436_luid_0x00000000_0x0000e366_phys_0_eng_0_engtype_3d","utilization percentage","3.4955597378578"
"11.338","11436","pid_11436_luid_0x00000000_0x0000e366_phys_0_eng_10_engtype_legacyoverlay","utilization percentage","0"
"11.338","11436","pid_11436_luid_0x00000000_0x0000e366_phys_0_eng_11_engtype_","utilization percentage","0"
"11.338","11436","pid_11436_luid_0x00000000_0x0000e366_phys_0_eng_12_engtype_","utilization percentage","0"
"11.338","11436","pid_11436_luid_0x00000000_0x0000e366_phys_0_eng_1_engtype_videodecode","utilization percentage","0.964695413334421"
"11.338","11436","pid_11436_luid_0x00000000_0x0000e366_phys_0_eng_2_engtype_copy","utilization percentage","0"
"11.338","11436","pid_11436_luid_0x00000000_0x0000e366_phys_0_eng_3_engtype_videoprocessing","utilization percentage","0"
"11.338","11436","pid_11436_luid_0x00000000_0x0000e366_phys_0_eng_4_engtype_videodecode","utilization percentage","0"
"11.338","11436","pid_11436_luid_0x00000000_0x0000e366_phys_0_eng_5_engtype_","utilization percentage","0"
"11.338","11436","pid_11436_luid_0x00000000_0x0000e366_phys_0_eng_6_engtype_","utilization percentage","0"
"11.338","11436","pid_11436_luid_0x00000000_0x0000e366_phys_0_eng_7_engtype_","utilization percentage","0"
"11.338","11436","pid_11436_luid_0x00000000_0x0000e366_phys_0_eng_8_engtype_","utilization percentage","0"
"11.338","11436","pid_11436_luid_0x00000000_0x0000e366_phys_0_eng_9_engtype_","utilization percentage","0"
"11.338","11436","pid_11436_luid_0x00000000_0x0000e366_phys_0","dedicated usage","0"
"11.338","11436","pid_11436_luid_0x00000000_0x0000e366_phys_0","shared usage","81387520"
"11.363","8656","pid_8656_luid_0x00000000_0x0000e366_phys_0_eng_0_engtype_3d","utilization percentage","30.068774828783"
"11.363","8656","pid_8656_luid_0x00000000_0x0000e366_phys_0_eng_10_engtype_legacyoverlay","utilization percentage","0"
"11.363","8656","pid_8656_luid_0x00000000_0x0000e366_phys_0_eng_11_engtype_","utilization percentage","0"
"11.363","8656","pid_8656_luid_0x00000000_0x0000e366_phys_0_eng_12_engtype_","utilization percentage","0"
"11.363","8656","pid_8656_luid_0x00000000_0x0000e366_phys_0_eng_1_engtype_videodecode","utilization percentage","4.44748132037647"
"11.363","8656","pid_8656_luid_0x00000000_0x0000e366_phys_0_eng_2_engtype_copy","utilization percentage","0"
"11.363","8656","pid_8656_luid_0x00000000_0x0000e366_phys_0_eng_3_engtype_videoprocessing","utilization percentage","0"
"11.363","8656","pid_8656_luid_0x00000000_0x0000e366_phys_0_eng_4_engtype_videodecode","utilization percentage","0"
"11.363","8656","pid_8656_luid_0x00000000_0x0000e366_phys_0_eng_5_engtype_","utilization percentage","0"
"11.363","8656","pid_8656_luid_0x00000000_0x0000e366_phys_0_eng_6_engtype_","utilization percentage","0"
"11.363","8656","pid_8656_luid_0x00000000_0x0000e366_phys_0_eng_7_engtype_","utilization percentage","0"
"11.363","8656","pid_8656_luid_0x00000000_0x0000e366_phys_0_eng_8_engtype_","utilization percentage","0"
"11.363","8656","pid_8656_luid_0x00000000_0x0000e366_phys_0_eng_9_engtype_","utilization percentage","0"
"11.363","8656","pid_8656_luid_0x00000000_0x0000e366_phys_0","dedicated usage","0"
"11.363","8656","pid_8656_luid_0x00000000_0x0000e366_phys_0","shared usage","396800000"
"11.384","11404","pid_11404_luid_0x00000000_0x0000e366_phys_0_eng_0_engtype_3d","utilization percentage","30.7948539603271"
"11.384","11404","pid_11404_luid_0x00000000_0x0000e366_phys_0_eng_10_engtype_legacyoverlay","utilization percentage","0"
"11.384","11404","pid_11404_luid_0x00000000_0x0000e366_phys_0_eng_11_engtype_","utilization percentage","0"
"11.384","11404","pid_11404_luid_0x00000000_0x0000e366_phys_0_eng_12_engtype_","utilization percentage","0"
"11.384","11404","pid_11404_luid_0x00000000_0x0000e366_phys_0_eng_1_engtype_videodecode","utilization percentage","4.76952025568608"
"11.384","11404","pid_11404_luid_0x00000000_0x0000e366_phys_0_eng_2_engtype_copy","utilization percentage","0"
"11.384","11404","pid_11404_luid_0x00000000_0x0000e366_phys_0_eng_3_engtype_videoprocessing","utilization percentage","0"
"11.384","11404","pid_11404_luid_0x00000000_0x0000e366_phys_0_eng_4_engtype_videodecode","utilization percentage","0"
"11.384","11404","pid_11404_luid_0x00000000_0x0000e366_phys_0_eng_5_engtype_","utilization percentage","0"
"11.384","11404","pid_11404_luid_0x00000000_0x0000e366_phys_0_eng_6_engtype_","utilization percentage","0"
"11.384","11404","pid_11404_luid_0x00000000_0x0000e366_phys_0_eng_7_engtype_","utilization percentage","0"
"11.384","11404","pid_11404_luid_0x00000000_0x0000e366_phys_0_eng_8_engtype_","utilization percentage","0"
"11.384","11404","pid_11404_luid_0x00000000_0x0000e366_phys_0_eng_9_engtype_","utilization percentage","0"
"11.384","11404","pid_11404_luid_0x00000000_0x0000e366_phys_0","dedicated usage","0"
"11.384","11404","pid_11404_luid_0x00000000_0x0000e366_phys_0","shared usage","397602816"
"12.42","11436","pid_11436_luid_0x00000000_0x0000e366_phys_0_eng_0_engtype_3d","utilization percentage","3.57991780824441"
"12.42","11436","pid_11436_luid_0x00000000_0x0000e366_phys_0_eng_10_engtype_legacyoverlay","utilization percentage","0"
"12.42","11436","pid_11436_luid_0x00000000_0x0000e366_phys_0_eng_11_engtype_","utilization percentage","0"
"12.42","11436","pid_11436_luid_0x00000000_0x0000e366_phys_0_eng_12_engtype_","utilization percentage","0"
"12.42","11436","pid_11436_luid_0x00000000_0x0000e366_phys_0_eng_1_engtype_videodecode","utilization percentage","0.972599371821469"
"12.42","11436","pid_11436_luid_0x00000000_0x0000e366_phys_0_eng_2_engtype_copy","utilization percentage","0"
"12.42","11436","pid_11436_luid_0x00000000_0x0000e366_phys_0_eng_3_engtype_videoprocessing","utilization percentage","0"
"12.42","11436","pid_11436_luid_0x00000000_0x0000e366_phys_0_eng_4_engtype_videodecode","utilization percentage","0"
"12.42","11436","pid_11436_luid_0x00000000_0x0000e366_phys_0_eng_5_engtype_","utilization percentage","0"
"12.42","11436","pid_11436_luid_0x00000000_0x0000e366_phys_0_eng_6_engtype_","utilization percentage","0"
"12.42","11436","pid_11436_luid_0x00000000_0x0000e366_phys_0_eng_7_engtype_","utilization percentage","0"
"12.42","11436","pid_11436_luid_0x00000000_0x0000e366_phys_0_eng_8_engtype_","utilization percentage","0"
"12.42","11436","pid_11436_luid_0x00000000_0x0000e366_phys_0_eng_9_engtype_","utilization percentage","0"
"12.42","11436","pid_11436_luid_0x00000000_0x0000e366_phys_0","dedicated usage","0"
"12.42","11436","pid_11436_luid_0x00000000_0x0000e366_phys_0","shared usage","81387520"
"12.43","8656","pid_8656_luid_0x00000000_0x0000e366_phys_0_eng_0_engtype_3d","utilization percentage","30.7069632789041"
"12.43","8656","pid_8656_luid_0x00000000_0x0000e366_phys_0_eng_10_engtype_legacyoverlay","utilization percentage","0"
"12.43","8656","pid_8656_luid_0x00000000_0x0000e366_phys_0_eng_11_engtype_","utilization percentage","0"
"12.43","8656","pid_8656_luid_0x00000000_0x0000e366_phys_0_eng_12_engtype_","utilization percentage","0"
"12.43","8656","pid_8656_luid_0x00000000_0x0000e366_phys_0_eng_1_engtype_videodecode","utilization percentage","4.45011358226588"
"12.43","8656","pid_8656_luid_0x00000000_0x0000e366_phys_0_eng_2_engtype_copy","utilization percentage","0"
"12.43","8656","pid_8656_luid_0x00000000_0x0000e366_phys_0_eng_3_engtype_videoprocessing","utilization percentage","0"
"12.43","8656","pid_8656_luid_0x00000000_0x0000e366_phys_0_eng_4_engtype_videodecode","utilization percentage","0"
"12.43","8656","pid_8656_luid_0x00000000_0x0000e366_phys_0_eng_5_engtype_","utilization percentage","0"
"12.43","8656","pid_8656_luid_0x00000000_0x0000e366_phys_0_eng_6_engtype_","utilization percentage","0"
"12.43","8656","pid_8656_luid_0x00000000_0x0000e366_phys_0_eng_7_engtype_","utilization percentage","0"
"12.43","8656","pid_8656_luid_0x00000000_0x0000e366_phys_0_eng_8_engtype_","utilization percentage","0"
"12.43","8656","pid_8656_luid_0x00000000_0x0000e366_phys_0_eng_9_engtype_","utilization percentage","0"
"12.43","8656","pid_8656_luid_0x00000000_0x0000e366_phys_0","dedicated usage","0"
"12.43","8656","pid_8656_luid_0x00000000_0x0000e366_phys_0","shared usage","402182144"
"12.447","11404","pid_11404_luid_0x00000000_0x0000e366_phys_0_eng_0_engtype_3d","utilization percentage","31.280095617207"
"12.447","11404","pid_11404_luid_0x00000000_0x0000e366_phys_0_eng_10_engtype_legacyoverlay","utilization percentage","0"
"12.447","11404","pid_11404_luid_0x00000000_0x0000e366_phys_0_eng_11_engtype_","utilization percentage","0"
"12.447","11404","pid_11404_luid_0x00000000_0x0000e366_phys_0_eng_12_engtype_","utilization percentage","0"
"12.447","11404","pid_11404_luid_0x00000000_0x0000e366_phys_0_eng_1_engtype_videodecode","utilization percentage","4.71228741884186"
"12.447","11404","pid_11404_luid_0x00000000_0x0000e366_phys_0_eng_2_engtype_copy","utilization percentage","0"
"12.447","11404","pid_11404_luid_0x00000000_0x0000e366_phys_0_eng_3_engtype_videoprocessing","utilization percentage","0"
"12.447","11404","pid_11404_luid_0x00000000_0x0000e366_phys_0_eng_4_engtype_videodecode","utilization percentage","0"
"12.447","11404","pid_11404_luid_0x00000000_0x0000e366_phys_0_eng_5_engtype_","utilization percentage","0"
"12.447","11404","pid_11404_luid_0x00000000_0x0000e366_phys_0_eng_6_engtype_","utilization percentage","0"
"12.447","11404","pid_11404_luid_0x00000000_0x0000e366_phys_0_eng_7_engtype_","utilization percentage","0"
"12.447","11404","pid_11404_luid_0x00000000_0x0000e366_phys_0_eng_8_engtype_","utilization percentage","0"
"12.447","11404","pid_11404_luid_0x00000000_0x0000e366_phys_0_eng_9_engtype_","utilization percentage","0"
"12.447","11404","pid_11404_luid_0x00000000_0x0000e366_phys_0","dedicated usage","0"
"12.447","11404","pid_11404_luid_0x00000000_0x0000e366_phys_0","shared usage","400289792"
"13.488","11436","pid_11436_luid_0x00000000_0x0000e366_phys_0_eng_0_engtype_3d","utilization percentage","3.51084240531024"
"13.488","11436","pid_11436_luid_0x00000000_0x0000e366_phys_0_eng_10_engtype_legacyoverlay","utilization percentage","0"
"13.488","11436","pid_11436_luid_0x00000000_0x0000e366_phys_0_eng_11_engtype_","utilization percentage","0"
"13.488","11436","pid_11436_luid_0x00000000_0x0000e366_phys_0_eng_12_engtype_","utilization percentage","0"
"13.488","11436","pid_11436_luid_0x00000000_0x0000e366_phys_0_eng_1_engtype_videodecode","utilization percentage","0.930918605978871"
"13.488","11436","pid_11436_luid_0x00000000_0x0000e366_phys_0_eng_2_engtype_copy","utilization percentage","0"
"13.488","11436","pid_11436_luid_0x00000000_0x0000e366_phys_0_eng_3_engtype_videoprocessing","utilization percentage","0"
"13.488","11436","pid_11436_luid_0x00000000_0x0000e366_phys_0_eng_4_engtype_videodecode","utilization percentage","0"
"13.488","11436","pid_11436_luid_0x00000000_0x0000e366_phys_0_eng_5_engtype_","utilization percentage","0"
"13.488","11436","pid_11436_luid_0x00000000_0x0000e366_phys_0_eng_6_engtype_","utilization percentage","0"
"13.488","11436","pid_11436_luid_0x00000000_0x0000e366_phys_0_eng_7_engtype_","utilization percentage","0"
"13.488","11436","pid_11436_luid_0x00000000_0x0000e366_phys_0_eng_8_engtype_","utilization percentage","0"
"13.488","11436","pid_11436_luid_0x00000000_0x0000e366_phys_0_eng_9_engtype_","utilization percentage","0"
"13.488","11436","pid_11436_luid_0x00000000_0x0000e366_phys_0","dedicated usage","0"
"13.488","11436","pid_11436_luid_0x00000000_0x0000e366_phys_0","shared usage","81387520"
"13.499","8656","pid_8656_luid_0x00000000_0x0000e366_phys_0_eng_0_engtype_3d","utilization percentage","31.0104116414792"
"13.499","8656","pid_8656_luid_0x00000000_0x0000e366_phys_0_eng_10_engtype_legacyoverlay","utilization percentage","0"
"13.499","8656","pid_8656_luid_0x00000000_0x0000e366_phys_0_eng_11_engtype_","utilization percentage","0"
"13.499","8656","pid_8656_luid_0x00000000_0x0000e366_phys_0_eng_12_engtype_","utilization percentage","0"
"13.499","8656","pid_8656_luid_0x00000000_0x0000e366_phys_0_eng_1_engtype_videodecode","utilization percentage","4.4538073991633"
"13.499","8656","pid_8656_luid_0x00000000_0x0000e366_phys_0_eng_2_engtype_copy","utilization percentage","0"
"13.499","8656","pid_8656_luid_0x00000000_0x0000e366_phys_0_eng_3_engtype_videoprocessing","utilization percentage","0"
"13.499","8656","pid_8656_luid_0x00000000_0x0000e366_phys_0_eng_4_engtype_videodecode","utilization percentage","0"
"13.499","8656","pid_8656_luid_0x00000000_0x0000e366_phys_0_eng_5_engtype_","utilization percentage","0"
"13.499","8656","pid_8656_luid_0x00000000_0x0000e366_phys_0_eng_6_engtype_","utilization percentage","0"
"13.499","8656","pid_8656_luid_0x00000000_0x0000e366_phys_0_eng_7_engtype_","utilization percentage","0"
"13.499","8656","pid_8656_luid_0x00000000_0x0000e366_phys_0_eng_8_engtype_","utilization percentage","0"
"13.499","8656","pid_8656_luid_0x00000000_0x0000e366_phys_0_eng_9_engtype_","utilization percentage","0"
"13.499","8656","pid_8656_luid_0x00000000_0x0000e366_phys_0","dedicated usage","0"
"13.499","8656","pid_8656_luid_0x00000000_0x0000e366_phys_0","shared usage","396800000"
"13.509","11404","pid_11404_luid_0x00000000_0x0000e366_phys_0_eng_0_engtype_3d","utilization percentage","31.356475772511"
"13.509","11404","pid_11404_luid_0x00000000_0x0000e366_phys_0_eng_10_engtype_legacyoverlay","utilization percentage","0"
"13.509","11404","pid_11404_luid_0x00000000_0x0000e366_phys_0_eng_11_engtype_","utilization percentage","0"
"13.509","11404","pid_11404_luid_0x00000000_0x0000e366_phys_0_eng_12_engtype_","utilization percentage","0"
"13.509","11404","pid_11404_luid_0x00000000_0x0000e366_phys_0_eng_1_engtype_videodecode","utilization percentage","4.86089093772271"
"13.509","11404","pid_11404_luid_0x00000000_0x0000e366_phys_0_eng_2_engtype_copy","utilization percentage","0"
"13.509","11404","pid_11404_luid_0x00000000_0x0000e366_phys_0_eng_3_engtype_videoprocessing","utilization percentage","0"
"13.509","11404","pid_11404_luid_0x00000000_0x0000e366_phys_0_eng_4_engtype_videodecode","utilization percentage","0"
"13.509","11404","pid_11404_luid_0x00000000_0x0000e366_phys_0_eng_5_engtype_","utilization percentage","0"
"13.509","11404","pid_11404_luid_0x00000000_0x0000e366_phys_0_eng_6_engtype_","utilization percentage","0"
"13.509","11404","pid_11404_luid_0x00000000_0x0000e366_phys_0_eng_7_engtype_","utilization percentage","0"
"13.509","11404","pid_11404_luid_0x00000000_0x0000e366_phys_0_eng_8_engtype_","utilization percentage","0"
"13.509","11404","pid_11404_luid_0x00000000_0x0000e366_phys_0_eng_9_engtype_","utilization percentage","0"
"13.509","11404","pid_11404_luid_0x00000000_0x0000e366_phys_0","dedicated usage","0"
"13.509","11404","pid_11404_luid_0x00000000_0x0000e366_phys_0","shared usage","397598720"
"14.529","11436","pid_11436_luid_0x00000000_0x0000e366_phys_0_eng_0_engtype_3d","utilization percentage","3.58924312677108"
"14.529","11436","pid_11436_luid_0x00000000_0x0000e366_phys_0_eng_10_engtype_legacyoverlay","utilization percentage","0"
"14.529","11436","pid_11436_luid_0x00000000_0x0000e366_phys_0_eng_11_engtype_","utilization percentage","0"
"14.529","11436","pid_11436_luid_0x00000000_0x0000e366_phys_0_eng_12_engtype_","utilization percentage","0"
"14.529","11436","pid_11436_luid_0x00000000_0x0000e366_phys_0_eng_1_engtype_videodecode","utilization percentage","0.890223594521595"
"14.529","11436","pid_11436_luid_0x00000000_0x0000e366_phys_0_eng_2_engtype_copy","utilization percentage","0"
"14.529","11436","pid_11436_luid_0x00000000_0x0000e366_phys_0_eng_3_engtype_videoprocessing","utilization percentage","0"
"14.529","11436","pid_11436_luid_0x00000000_0x0000e366_phys_0_eng_4_engtype_videodecode","utilization percentage","0"
"14.529","11436","pid_11436_luid_0x00000000_0x0000e366_phys_0_eng_5_engtype_","utilization percentage","0"
"14.529","11436","pid_11436_luid_0x00000000_0x0000e366_phys_0_eng_6_engtype_","utilization percentage","0"
"14.529","11436","pid_11436_luid_0x00000000_0x0000e366_phys_0_eng_7_engtype_","utilization percentage","0"
"14.529","11436","pid_11436_luid_0x00000000_0x0000e366_phys_0_eng_8_engtype_","utilization percentage","0"
"14.529","11436","pid_11436_luid_0x00000000_0x0000e366_phys_0_eng_9_engtype_","utilization percentage","0"
"14.529","11436","pid_11436_luid_0x00000000_0x0000e366_phys_0","dedicated usage","0"
"14.529","11436","pid_11436_luid_0x00000000_0x0000e366_phys_0","shared usage","81387520"
"14.551","8656","pid_8656_luid_0x00000000_0x0000e366_phys_0_eng_0_engtype_3d","utilization percentage","30.6191132710888"
"14.551","8656","pid_8656_luid_0x00000000_0x0000e366_phys_0_eng_10_engtype_legacyoverlay","utilization percentage","0"
"14.551","8656","pid_8656_luid_0x00000000_0x0000e366_phys_0_eng_11_engtype_","utilization percentage","0"
"14.551","8656","pid_8656_luid_0x00000000_0x0000e366_phys_0_eng_12_engtype_","utilization percentage","0"
"14.551","8656","pid_8656_luid_0x00000000_0x0000e366_phys_0_eng_1_engtype_videodecode","utilization percentage","4.47649374697188"
"14.551","8656","pid_8656_luid_0x00000000_0x0000e366_phys_0_eng_2_engtype_copy","utilization percentage","0"
"14.551","8656","pid_8656_luid_0x00000000_0x0000e366_phys_0_eng_3_engtype_videoprocessing","utilization percentage","0"
"14.551","8656","pid_8656_luid_0x00000000_0x0000e366_phys_0_eng_4_engtype_videodecode","utilization percentage","0"
"14.551","8656","pid_8656_luid_0x00000000_0x0000e366_phys_0_eng_5_engtype_","utilization percentage","0"
"14.551","8656","pid_8656_luid_0x00000000_0x0000e366_phys_0_eng_6_engtype_","utilization percentage","0"
"14.551","8656","pid_8656_luid_0x00000000_0x0000e366_phys_0_eng_7_engtype_","utilization percentage","0"
"14.551","8656","pid_8656_luid_0x00000000_0x0000e366_phys_0_eng_8_engtype_","utilization percentage","0"
"14.551","8656","pid_8656_luid_0x00000000_0x0000e366_phys_0_eng_9_engtype_","utilization percentage","0"
"14.551","8656","pid_8656_luid_0x00000000_0x0000e366_phys_0","dedicated usage","0"
"14.551","8656","pid_8656_luid_0x00000000_0x0000e366_phys_0","shared usage","396800000"
"14.577","11404","pid_11404_luid_0x00000000_0x0000e366_phys_0_eng_0_engtype_3d","utilization percentage","31.5929925269016"
"14.577","11404","pid_11404_luid_0x00000000_0x0000e366_phys_0_eng_10_engtype_legacyoverlay","utilization percentage","0"
"14.577","11404","pid_11404_luid_0x00000000_0x0000e366_phys_0_eng_11_engtype_","utilization percentage","0"
"14.577","11404","pid_11404_luid_0x00000000_0x0000e366_phys_0_eng_12_engtype_","utilization percentage","0"
"14.577","11404","pid_11404_luid_0x00000000_0x0000e366_phys_0_eng_1_engtype_videodecode","utilization percentage","5.00078256356315"
"14.577","11404","pid_11404_luid_0x00000000_0x0000e366_phys_0_eng_2_engtype_copy","utilization percentage","0"
"14.577","11404","pid_11404_luid_0x00000000_0x0000e366_phys_0_eng_3_engtype_videoprocessing","utilization percentage","0"
"14.577","11404","pid_11404_luid_0x00000000_0x0000e366_phys_0_eng_4_engtype_videodecode","utilization percentage","0"
"14.577","11404","pid_11404_luid_0x00000000_0x0000e366_phys_0_eng_5_engtype_","utilization percentage","0"
"14.577","11404","pid_11404_luid_0x00000000_0x0000e366_phys_0_eng_6_engtype_","utilization percentage","0"
"14.577","11404","pid_11404_luid_0x00000000_0x0000e366_phys_0_eng_7_engtype_","utilization percentage","0"
"14.577","11404","pid_11404_luid_0x00000000_0x0000e366_phys_0_eng_8_engtype_","utilization percentage","0"
"14.577","11404","pid_11404_luid_0x00000000_0x0000e366_phys_0_eng_9_engtype_","utilization percentage","0"
"14.577","11404","pid_11404_luid_0x00000000_0x0000e366_phys_0","dedicated usage","0"
"14.577","11404","pid_11404_luid_0x00000000_0x0000e366_phys_0","shared usage","394911744"
"15.612","11436","pid_11436_luid_0x00000000_0x0000e366_phys_0_eng_0_engtype_3d","utilization percentage","3.42271311886017"
"15.612","11436","pid_11436_luid_0x00000000_0x0000e366_phys_0_eng_10_engtype_legacyoverlay","utilization percentage","0"
"15.612","11436","pid_11436_luid_0x00000000_0x0000e366_phys_0_eng_11_engtype_","utilization percentage","0"
"15.612","11436","pid_11436_luid_0x00000000_0x0000e366_phys_0_eng_12_engtype_","utilization percentage","0"
"15.612","11436","pid_11436_luid_0x00000000_0x0000e366_phys_0_eng_1_engtype_videodecode","utilization percentage","0.434859788928656"
"15.612","11436","pid_11436_luid_0x00000000_0x0000e366_phys_0_eng_2_engtype_copy","utilization percentage","0"
"15.612","11436","pid_11436_luid_0x00000000_0x0000e366_phys_0_eng_3_engtype_videoprocessing","utilization percentage","0"
"15.612","11436","pid_11436_luid_0x00000000_0x0000e366_phys_0_eng_4_engtype_videodecode","utilization percentage","0"
"15.612","11436","pid_11436_luid_0x00000000_0x0000e366_phys_0_eng_5_engtype_","utilization percentage","0"
"15.612","11436","pid_11436_luid_0x00000000_0x0000e366_phys_0_eng_6_engtype_","utilization percentage","0"
"15.612","11436","pid_11436_luid_0x00000000_0x0000e366_phys_0_eng_7_engtype_","utilization percentage","0"
"15.612","11436","pid_11436_luid_0x00000000_0x0000e366_phys_0_eng_8_engtype_","utilization percentage","0"
"15.612","11436","pid_11436_luid_0x00000000_0x0000e366_phys_0_eng_9_engtype_","utilization percentage","0"
"15.612","11436","pid_11436_luid_0x00000000_0x0000e366_phys_0","dedicated usage","0"
"15.612","11436","pid_11436_luid_0x00000000_0x0000e366_phys_0","shared usage","81387520"
"15.625","8656","pid_8656_luid_0x00000000_0x0000e366_phys_0_eng_0_engtype_3d","utilization percentage","29.9792388387389"
"15.625","8656","pid_8656_luid_0x00000000_0x0000e366_phys_0_eng_10_engtype_legacyoverlay","utilization percentage","0"
"15.625","8656","pid_8656_luid_0x00000000_0x0000e366_phys_0_eng_11_engtype_","utilization percentage","0"
"15.625","8656","pid_8656_luid_0x00000000_0x0000e366_phys_0_eng_12_engtype_","utilization percentage","0"
"15.625","8656","pid_8656_luid_0x00000000_0x0000e366_phys_0_eng_1_engtype_videodecode","utilization percentage","4.39492169816264"
"15.625","8656","pid_8656_luid_0x00000000_0x0000e366_phys_0_eng_2_engtype_copy","utilization percentage","0"
"15.625","8656","pid_8656_luid_0x00000000_0x0000e366_phys_0_eng_3_engtype_videoprocessing","utilization percentage","0"
"15.625","8656","pid_8656_luid_0x00000000_0x0000e366_phys_0_eng_4_engtype_videodecode","utilization percentage","0"
"15.625","8656","pid_8656_luid_0x00000000_0x0000e366_phys_0_eng_5_engtype_","utilization percentage","0"
"15.625","8656","pid_8656_luid_0x00000000_0x0000e366_phys_0_eng_6_engtype_","utilization percentage","0"
"15.625","8656","pid_8656_luid_0x00000000_0x0000e366_phys_0_eng_7_engtype_","utilization percentage","0"
"15.625","8656","pid_8656_luid_0x00000000_0x0000e366_phys_0_eng_8_engtype_","utilization percentage","0"
"15.625","8656","pid_8656_luid_0x00000000_0x0000e366_phys_0_eng_9_engtype_","utilization percentage","0"
"15.625","8656","pid_8656_luid_0x00000000_0x0000e366_phys_0","dedicated usage","0"
"15.625","8656","pid_8656_luid_0x00000000_0x0000e366_phys_0","shared usage","396800000"
"15.652","11404","pid_11404_luid_0x00000000_0x0000e366_phys_0_eng_0_engtype_3d","utilization percentage","29.978296283681"
"15.652","11404","pid_11404_luid_0x00000000_0x0000e366_phys_0_eng_10_engtype_legacyoverlay","utilization percentage","0"
"15.652","11404","pid_11404_luid_0x00000000_0x0000e366_phys_0_eng_11_engtype_","utilization percentage","0"
"15.652","11404","pid_11404_luid_0x00000000_0x0000e366_phys_0_eng_12_engtype_","utilization percentage","0"
"15.652","11404","pid_11404_luid_0x00000000_0x0000e366_phys_0_eng_1_engtype_videodecode","utilization percentage","4.71899430484208"
"15.652","11404","pid_11404_luid_0x00000000_0x0000e366_phys_0_eng_2_engtype_copy","utilization percentage","0"
"15.652","11404","pid_11404_luid_0x00000000_0x0000e366_phys_0_eng_3_engtype_videoprocessing","utilization percentage","0"
"15.652","11404","pid_11404_luid_0x00000000_0x0000e366_phys_0_eng_4_engtype_videodecode","utilization percentage","0"
"15.652","11404","pid_11404_luid_0x00000000_0x0000e366_phys_0_eng_5_engtype_","utilization percentage","0"
"15.652","11404","pid_11404_luid_0x00000000_0x0000e366_phys_0_eng_6_engtype_","utilization percentage","0"
"15.652","11404","pid_11404_luid_0x00000000_0x0000e366_phys_0_eng_7_engtype_","utilization percentage","0"
"15.652","11404","pid_11404_luid_0x00000000_0x0000e366_phys_0_eng_8_engtype_","utilization percentage","0"
"15.652","11404","pid_11404_luid_0x00000000_0x0000e366_phys_0_eng_9_engtype_","utilization percentage","0"
"15.652","11404","pid_11404_luid_0x00000000_0x0000e366_phys_0","dedicated usage","0"
"15.652","11404","pid_11404_luid_0x00000000_0x0000e366_phys_0","shared usage","400289792"
"16.701","11436","pid_11436_luid_0x00000000_0x0000e366_phys_0_eng_0_engtype_3d","utilization percentage","3.25779005583764"
"16.701","11436","pid_11436_luid_0x00000000_0x0000e366_phys_0_eng_10_engtype_legacyoverlay","utilization percentage","0"
"16.701","11436","pid_11436_luid_0x00000000_0x0000e366_phys_0_eng_11_engtype_","utilization percentage","0"
"16.701","11436","pid_11436_luid_0x00000000_0x0000e366_phys_0_eng_12_engtype_","utilization percentage","0"
"16.701","11436","pid_11436_luid_0x00000000_0x0000e366_phys_0_eng_1_engtype_videodecode","utilization percentage","1.45524910036088"
"16.701","11436","pid_11436_luid_0x00000000_0x0000e366_phys_0_eng_2_engtype_copy","utilization percentage","0"
"16.701","11436","pid_11436_luid_0x00000000_0x0000e366_phys_0_eng_3_engtype_videoprocessing","utilization percentage","0"
"16.701","11436","pid_11436_luid_0x00000000_0x0000e366_phys_0_eng_4_engtype_videodecode","utilization percentage","0"
"16.701","11436","pid_11436_luid_0x00000000_0x0000e366_phys_0_eng_5_engtype_","utilization percentage","0"
"16.701","11436","pid_11436_luid_0x00000000_0x0000e366_phys_0_eng_6_engtype_","utilization percentage","0"
"16.701","11436","pid_11436_luid_0x00000000_0x0000e366_phys_0_eng_7_engtype_","utilization percentage","0"
"16.701","11436","pid_11436_luid_0x00000000_0x0000e366_phys_0_eng_8_engtype_","utilization percentage","0"
"16.701","11436","pid_11436_luid_0x00000000_0x0000e366_phys_0_eng_9_engtype_","utilization percentage","0"
"16.701","11436","pid_11436_luid_0x00000000_0x0000e366_phys_0","dedicated usage","0"
"16.701","11436","pid_11436_luid_0x00000000_0x0000e366_phys_0","shared usage","81387520"
"16.712","8656","pid_8656_luid_0x00000000_0x0000e366_phys_0_eng_0_engtype_3d","utilization percentage","22.3651469595902"
"16.712","8656","pid_8656_luid_0x00000000_0x0000e366_phys_0_eng_10_engtype_legacyoverlay","utilization percentage","0"
"16.712","8656","pid_8656_luid_0x00000000_0x0000e366_phys_0_eng_11_engtype_","utilization percentage","0"
"16.712","8656","pid_8656_luid_0x00000000_0x0000e366_phys_0_eng_12_engtype_","utilization percentage","0"
"16.712","8656","pid_8656_luid_0x00000000_0x0000e366_phys_0_eng_1_engtype_videodecode","utilization percentage","4.54970068399594"
"16.712","8656","pid_8656_luid_0x00000000_0x0000e366_phys_0_eng_2_engtype_copy","utilization percentage","0"
"16.712","8656","pid_8656_luid_0x00000000_0x0000e366_phys_0_eng_3_engtype_videoprocessing","utilization percentage","0"
"16.712","8656","pid_8656_luid_0x00000000_0x0000e366_phys_0_eng_4_engtype_videodecode","utilization percentage","0"
"16.712","8656","pid_8656_luid_0x00000000_0x0000e366_phys_0_eng_5_engtype_","utilization percentage","0"
"16.712","8656","pid_8656_luid_0x00000000_0x0000e366_phys_0_eng_6_engtype_","utilization percentage","0"
"16.712","8656","pid_8656_luid_0x00000000_0x0000e366_phys_0_eng_7_engtype_","utilization percentage","0"
"16.712","8656","pid_8656_luid_0x00000000_0x0000e366_phys_0_eng_8_engtype_","utilization percentage","0"
"16.712","8656","pid_8656_luid_0x00000000_0x0000e366_phys_0_eng_9_engtype_","utilization percentage","0"
"16.712","8656","pid_8656_luid_0x00000000_0x0000e366_phys_0","dedicated usage","0"
"16.712","8656","pid_8656_luid_0x00000000_0x0000e366_phys_0","shared usage","399491072"
"16.72","11404","pid_11404_luid_0x00000000_0x0000e366_phys_0_eng_0_engtype_3d","utilization percentage","23.3285149158024"
"16.72","11404","pid_11404_luid_0x00000000_0x0000e366_phys_0_eng_10_engtype_legacyoverlay","utilization percentage","0"
"16.72","11404","pid_11404_luid_0x00000000_0x0000e366_phys_0_eng_11_engtype_","utilization percentage","0"
"16.72","11404","pid_11404_luid_0x00000000_0x0000e366_phys_0_eng_12_engtype_","utilization percentage","0"
"16.72","11404","pid_11404_luid_0x00000000_0x0000e366_phys_0_eng_1_engtype_videodecode","utilization percentage","5.09335346971097"
"16.72","11404","pid_11404_luid_0x00000000_0x0000e366_phys_0_eng_2_engtype_copy","utilization percentage","0"
"16.72","11404","pid_11404_luid_0x00000000_0x0000e366_phys_0_eng_3_engtype_videoprocessing","utilization percentage","0"
"16.72","11404","pid_11404_luid_0x00000000_0x0000e366_phys_0_eng_4_engtype_videodecode","utilization percentage","0"
"16.72","11404","pid_11404_luid_0x00000000_0x0000e366_phys_0_eng_5_engtype_","utilization percentage","0"
"16.72","11404","pid_11404_luid_0x00000000_0x0000e366_phys_0_eng_6_engtype_","utilization percentage","0"
"16.72","11404","pid_11404_luid_0x00000000_0x0000e366_phys_0_eng_7_engtype_","utilization percentage","0"
"16.72","11404","pid_11404_luid_0x00000000_0x0000e366_phys_0_eng_8_engtype_","utilization percentage","0"
"16.72","11404","pid_11404_luid_0x00000000_0x0000e366_phys_0_eng_9_engtype_","utilization percentage","0"
"16.72","11404","pid_11404_luid_0x00000000_0x0000e366_phys_0","dedicated usage","0"
"16.72","11404","pid_11404_luid_0x00000000_0x0000e366_phys_0","shared usage","400289792"
"17.758","11436","pid_11436_luid_0x00000000_0x0000e366_phys_0_eng_0_engtype_3d","utilization percentage","3.45277351427756"
"17.758","11436","pid_11436_luid_0x00000000_0x0000e366_phys_0_eng_10_engtype_legacyoverlay","utilization percentage","0"
"17.758","11436","pid_11436_luid_0x00000000_0x0000e366_phys_0_eng_11_engtype_","utilization percentage","0"
"17.758","11436","pid_11436_luid_0x00000000_0x0000e366_phys_0_eng_12_engtype_","utilization percentage","0"
"17.758","11436","pid_11436_luid_0x00000000_0x0000e366_phys_0_eng_1_engtype_videodecode","utilization percentage","1.47547144629039"
"17.758","11436","pid_11436_luid_0x00000000_0x0000e366_phys_0_eng_2_engtype_copy","utilization percentage","0"
"17.758","11436","pid_11436_luid_0x00000000_0x0000e366_phys_0_eng_3_engtype_videoprocessing","utilization percentage","0"
"17.758","11436","pid_11436_luid_0x00000000_0x0000e366_phys_0_eng_4_engtype_videodecode","utilization percentage","0"
"17.758","11436","pid_11436_luid_0x00000000_0x0000e366_phys_0_eng_5_engtype_","utilization percentage","0"
"17.758","11436","pid_11436_luid_0x00000000_0x0000e366_phys_0_eng_6_engtype_","utilization percentage","0"
"17.758","11436","pid_11436_luid_0x00000000_0x0000e366_phys_0_eng_7_engtype_","utilization percentage","0"
"17.758","11436","pid_11436_luid_0x00000000_0x0000e366_phys_0_eng_8_engtype_","utilization percentage","0"
"17.758","11436","pid_11436_luid_0x00000000_0x0000e366_phys_0_eng_9_engtype_","utilization percentage","0"
"17.758","11436","pid_11436_luid_0x00000000_0x0000e366_phys_0","dedicated usage","0"
"17.758","11436","pid_11436_luid_0x00000000_0x0000e366_phys_0","shared usage","81387520"
"17.771","8656","pid_8656_luid_0x00000000_0x0000e366_phys_0_eng_0_engtype_3d","utilization percentage","22.3122509207932"
"17.771","8656","pid_8656_luid_0x00000000_0x0000e366_phys_0_eng_10_engtype_legacyoverlay","utilization percentage","0"
"17.771","8656","pid_8656_luid_0x00000000_0x0000e366_phys_0_eng_11_engtype_","utilization percentage","0"
"17.771","8656","pid_8656_luid_0x00000000_0x0000e366_phys_0_eng_12_engtype_","utilization percentage","0"
"17.771","8656","pid_8656_luid_0x00000000_0x0000e366_phys_0_eng_1_engtype_videodecode","utilization percentage","4.20450332748364"
"17.771","8656","pid_8656_luid_0x00000000_0x0000e366_phys_0_eng_2_engtype_copy","utilization percentage","0"
"17.771","8656","pid_8656_luid_0x00000000_0x0000e366_phys_0_eng_3_engtype_videoprocessing","utilization percentage","0"
"17.771","8656","pid_8656_luid_0x00000000_0x0000e366_phys_0_eng_4_engtype_videodecode","utilization percentage","0"
"17.771","8656","pid_8656_luid_0x00000000_0x0000e366_phys_0_eng_5_engtype_","utilization percentage","0"
"17.771","8656","pid_8656_luid_0x00000000_0x0000e366_phys_0_eng_6_engtype_","utilization percentage","0"
"17.771","8656","pid_8656_luid_0x00000000_0x0000e366_phys_0_eng_7_engtype_","utilization percentage","0"
"17.771","8656","pid_8656_luid_0x00000000_0x0000e366_phys_0_eng_8_engtype_","utilization percentage","0"
"17.771","8656","pid_8656_luid_0x00000000_0x0000e366_phys_0_eng_9_engtype_","utilization percentage","0"
"17.771","8656","pid_8656_luid_0x00000000_0x0000e366_phys_0","dedicated usage","0"
"17.771","8656","pid_8656_luid_0x00000000_0x0000e366_phys_0","shared usage","396800000"
"17.797","11404","pid_11404_luid_0x00000000_0x0000e366_phys_0_eng_0_engtype_3d","utilization percentage","23.2121640165959"
"17.797","11404","pid_11404_luid_0x00000000_0x0000e366_phys_0_eng_10_engtype_legacyoverlay","utilization percentage","0"
"17.797","11404","pid_11404_luid_0x00000000_0x0000e366_phys_0_eng_11_engtype_","utilization percentage","0"
"17.797","11404","pid_11404_luid_0x00000000_0x0000e366_phys_0_eng_12_engtype_","utilization percentage","0"
"17.797","11404","pid_11404_luid_0x00000000_0x0000e366_phys_0_eng_1_engtype_videodecode","utilization percentage","5.10643920969168"
"17.797","11404","pid_11404_luid_0x00000000_0x0000e366_phys_0_eng_2_engtype_copy","utilization percentage","0"
"17.797","11404","pid_11404_luid_0x00000000_0x0000e366_phys_0_eng_3_engtype_videoprocessing","utilization percentage","0"
"17.797","11404","pid_11404_luid_0x00000000_0x0000e366_phys_0_eng_4_engtype_videodecode","utilization percentage","0"
"17.797","11404","pid_11404_luid_0x00000000_0x0000e366_phys_0_eng_5_engtype_","utilization percentage","0"
"17.797","11404","pid_11404_luid_0x00000000_0x0000e366_phys_0_eng_6_engtype_","utilization percentage","0"
"17.797","11404","pid_11404_luid_0x00000000_0x0000e366_phys_0_eng_7_engtype_","utilization percentage","0"
"17.797","11404","pid_11404_luid_0x00000000_0x0000e366_phys_0_eng_8_engtype_","utilization percentage","0"
"17.797","11404","pid_11404_luid_0x00000000_0x0000e366_phys_0_eng_9_engtype_","utilization percentage","0"
"17.797","11404","pid_11404_luid_0x00000000_0x0000e366_phys_0","dedicated usage","0"
"17.797","11404","pid_11404_luid_0x00000000_0x0000e366_phys_0","shared usage","394911744"
"18.829","11436","pid_11436_luid_0x00000000_0x0000e366_phys_0_eng_0_engtype_3d","utilization percentage","3.73278600296598"
"18.829","11436","pid_11436_luid_0x00000000_0x0000e366_phys_0_eng_10_engtype_legacyoverlay","utilization percentage","0"
"18.829","11436","pid_11436_luid_0x00000000_0x0000e366_phys_0_eng_11_engtype_","utilization percentage","0"
"18.829","11436","pid_11436_luid_0x00000000_0x0000e366_phys_0_eng_12_engtype_","utilization percentage","0"
"18.829","11436","pid_11436_luid_0x00000000_0x0000e366_phys_0_eng_1_engtype_videodecode","utilization percentage","1.34655157477567"
"18.829","11436","pid_11436_luid_0x00000000_0x0000e366_phys_0_eng_2_engtype_copy","utilization percentage","0"
"18.829","11436","pid_11436_luid_0x00000000_0x0000e366_phys_0_eng_3_engtype_videoprocessing","utilization percentage","0"
"18.829","11436","pid_11436_luid_0x00000000_0x0000e366_phys_0_eng_4_engtype_videodecode","utilization percentage","0"
"18.829","11436","pid_11436_luid_0x00000000_0x0000e366_phys_0_eng_5_engtype_","utilization percentage","0"
"18.829","11436","pid_11436_luid_0x00000000_0x0000e366_phys_0_eng_6_engtype_","utilization percentage","0"
"18.829","11436","pid_11436_luid_0x00000000_0x0000e366_phys_0_eng_7_engtype_","utilization percentage","0"
"18.829","11436","pid_11436_luid_0x00000000_0x0000e366_phys_0_eng_8_engtype_","utilization percentage","0"
"18.829","11436","pid_11436_luid_0x00000000_0x0000e366_phys_0_eng_9_engtype_","utilization percentage","0"
"18.829","11436","pid_11436_luid_0x00000000_0x0000e366_phys_0","dedicated usage","0"
"18.829","11436","pid_11436_luid_0x00000000_0x0000e366_phys_0","shared usage","81387520"
"18.84","8656","pid_8656_luid_0x00000000_0x0000e366_phys_0_eng_0_engtype_3d","utilization percentage","24.6607150750509"
"18.84","8656","pid_8656_luid_0x00000000_0x0000e366_phys_0_eng_10_engtype_legacyoverlay","utilization percentage","0"
"18.84","8656","pid_8656_luid_0x00000000_0x0000e366_phys_0_eng_11_engtype_","utilization percentage","0"
"18.84","8656","pid_8656_luid_0x00000000_0x0000e366_phys_0_eng_12_engtype_","utilization percentage","0"
"18.84","8656","pid_8656_luid_0x00000000_0x0000e366_phys_0_eng_1_engtype_videodecode","utilization percentage","4.33780436303643"
"18.84","8656","pid_8656_luid_0x00000000_0x0000e366_phys_0_eng_2_engtype_copy","utilization percentage","0"
"18.84","8656","pid_8656_luid_0x00000000_0x0000e366_phys_0_eng_3_engtype_videoprocessing","utilization percentage","0"
"18.84","8656","pid_8656_luid_0x00000000_0x0000e366_phys_0_eng_4_engtype_videodecode","utilization percentage","0"
"18.84","8656","pid_8656_luid_0x00000000_0x0000e366_phys_0_eng_5_engtype_","utilization percentage","0"
"18.84","8656","pid_8656_luid_0x00000000_0x0000e366_phys_0_eng_6_engtype_","utilization percentage","0"
"18.84","8656","pid_8656_luid_0x00000000_0x0000e366_phys_0_eng_7_engtype_","utilization percentage","0"
"18.84","8656","pid_8656_luid_0x00000000_0x0000e366_phys_0_eng_8_engtype_","utilization percentage","0"
"18.84","8656","pid_8656_luid_0x00000000_0x0000e366_phys_0_eng_9_engtype_","utilization percentage","0"
"18.84","8656","pid_8656_luid_0x00000000_0x0000e366_phys_0","dedicated usage","0"
"18.84","8656","pid_8656_luid_0x00000000_0x0000e366_phys_0","shared usage","396800000"
"18.851","11404","pid_11404_luid_0x00000000_0x0000e366_phys_0_eng_0_engtype_3d","utilization percentage","25.3424482791587"
"18.851","11404","pid_11404_luid_0x00000000_0x0000e366_phys_0_eng_10_engtype_legacyoverlay","utilization percentage","0"
"18.851","11404","pid_11404_luid_0x00000000_0x0000e366_phys_0_eng_11_engtype_","utilization percentage","0"
"18.851","11404","pid_11404_luid_0x00000000_0x0000e366_phys_0_eng_12_engtype_","utilization percentage","0"
"18.851","11404","pid_11404_luid_0x00000000_0x0000e366_phys_0_eng_1_engtype_videodecode","utilization percentage","5.36732897117535"
"18.851","11404","pid_11404_luid_0x00000000_0x0000e366_phys_0_eng_2_engtype_copy","utilization percentage","0"
"18.851","11404","pid_11404_luid_0x00000000_0x0000e366_phys_0_eng_3_engtype_videoprocessing","utilization percentage","0"
"18.851","11404","pid_11404_luid_0x00000000_0x0000e366_phys_0_eng_4_engtype_videodecode","utilization percentage","0"
"18.851","11404","pid_11404_luid_0x00000000_0x0000e366_phys_0_eng_5_engtype_","utilization percentage","0"
"18.851","11404","pid_11404_luid_0x00000000_0x0000e366_phys_0_eng_6_engtype_","utilization percentage","0"
"18.851","11404","pid_11404_luid_0x00000000_0x0000e366_phys_0_eng_7_engtype_","utilization percentage","0"
"18.851","11404","pid_11404_luid_0x00000000_0x0000e366_phys_0_eng_8_engtype_","utilization percentage","0"
"18.851","11404","pid_11404_luid_0x00000000_0x0000e366_phys_0_eng_9_engtype_","utilization percentage","0"
"18.851","11404","pid_11404_luid_0x00000000_0x0000e366_phys_0","dedicated usage","0"
"18.851","11404","pid_11404_luid_0x00000000_0x0000e366_phys_0","shared usage","400289792"
"19.891","11436","pid_11436_luid_0x00000000_0x0000e366_phys_0_eng_0_engtype_3d","utilization percentage","3.37355602625667"
"19.891","11436","pid_11436_luid_0x00000000_0x0000e366_phys_0_eng_10_engtype_legacyoverlay","utilization percentage","0"
"19.891","11436","pid_11436_luid_0x00000000_0x0000e366_phys_0_eng_11_engtype_","utilization percentage","0"
"19.891","11436","pid_11436_luid_0x00000000_0x0000e366_phys_0_eng_12_engtype_","utilization percentage","0"
"19.891","11436","pid_11436_luid_0x00000000_0x0000e366_phys_0_eng_1_engtype_videodecode","utilization percentage","1.14388292214875"
"19.891","11436","pid_11436_luid_0x00000000_0x0000e366_phys_0_eng_2_engtype_copy","utilization percentage","0"
"19.891","11436","pid_11436_luid_0x00000000_0x0000e366_phys_0_eng_3_engtype_videoprocessing","utilization percentage","0"
"19.891","11436","pid_11436_luid_0x00000000_0x0000e366_phys_0_eng_4_engtype_videodecode","utilization percentage","0"
"19.891","11436","pid_11436_luid_0x00000000_0x0000e366_phys_0_eng_5_engtype_","utilization percentage","0"
"19.891","11436","pid_11436_luid_0x00000000_0x0000e366_phys_0_eng_6_engtype_","utilization percentage","0"
"19.891","11436","pid_11436_luid_0x00000000_0x0000e366_phys_0_eng_7_engtype_","utilization percentage","0"
"19.891","11436","pid_11436_luid_0x00000000_0x0000e366_phys_0_eng_8_engtype_","utilization percentage","0"
"19.891","11436","pid_11436_luid_0x00000000_0x0000e366_phys_0_eng_9_engtype_","utilization percentage","0"
"19.891","11436","pid_11436_luid_0x00000000_0x0000e366_phys_0","dedicated usage","0"
"19.891","11436","pid_11436_luid_0x00000000_0x0000e366_phys_0","shared usage","81387520"
"19.911","8656","pid_8656_luid_0x00000000_0x0000e366_phys_0_eng_0_engtype_3d","utilization percentage","26.2830377119098"
"19.911","8656","pid_8656_luid_0x00000000_0x0000e366_phys_0_eng_10_engtype_legacyoverlay","utilization percentage","0"
"19.911","8656","pid_8656_luid_0x00000000_0x0000e366_phys_0_eng_11_engtype_","utilization percentage","0"
"19.911","8656","pid_8656_luid_0x00000000_0x0000e366_phys_0_eng_12_engtype_","utilization percentage","0"
"19.911","8656","pid_8656_luid_0x00000000_0x0000e366_phys_0_eng_1_engtype_videodecode","utilization percentage","4.61485107288173"
"19.911","8656","pid_8656_luid_0x00000000_0x0000e366_phys_0_eng_2_engtype_copy","utilization percentage","0"
"19.911","8656","pid_8656_luid_0x00000000_0x0000e366_phys_0_eng_3_engtype_videoprocessing","utilization percentage","0"
"19.911","8656","pid_8656_luid_0x00000000_0x0000e366_phys_0_eng_4_engtype_videodecode","utilization percentage","0"
"19.911","8656","pid_8656_luid_0x00000000_0x0000e366_phys_0_eng_5_engtype_","utilization percentage","0"
"19.911","8656","pid_8656_luid_0x00000000_0x0000e366_phys_0_eng_6_engtype_","utilization percentage","0"
"19.911","8656","pid_8656_luid_0x00000000_0x0000e366_phys_0_eng_7_engtype_","utilization percentage","0"
"19.911","8656","pid_8656_luid_0x00000000_0x0000e366_phys_0_eng_8_engtype_","utilization percentage","0"
"19.911","8656","pid_8656_luid_0x00000000_0x0000e366_phys_0_eng_9_engtype_","utilization percentage","0"
"19.911","8656","pid_8656_luid_0x00000000_0x0000e366_phys_0","dedicated usage","0"
"19.911","8656","pid_8656_luid_0x00000000_0x0000e366_phys_0","shared usage","399491072"
"19.934","11404","pid_11404_luid_0x00000000_0x0000e366_phys_0_eng_0_engtype_3d","utilization percentage","26.9971135611708"
"19.934","11404","pid_11404_luid_0x00000000_0x0000e366_phys_0_eng_10_engtype_legacyoverlay","utilization percentage","0"
"19.934","11404","pid_11404_luid_0x00000000_0x0000e366_phys_0_eng_11_engtype_","utilization percentage","0"
"19.934","11404","pid_11404_luid_0x00000000_0x0000e366_phys_0_eng_12_engtype_","utilization percentage","0"
"19.934","11404","pid_11404_luid_0x00000000_0x0000e366_phys_0_eng_1_engtype_videodecode","utilization percentage","4.86788121133122"
"19.934","11404","pid_11404_luid_0x00000000_0x0000e366_phys_0_eng_2_engtype_copy","utilization percentage","0"
"19.934","11404","pid_11404_luid_0x00000000_0x0000e366_phys_0_eng_3_engtype_videoprocessing","utilization percentage","0"
"19.934","11404","pid_11404_luid_0x00000000_0x0000e366_phys_0_eng_4_engtype_videodecode","utilization percentage","0"
"19.934","11404","pid_11404_luid_0x00000000_0x0000e366_phys_0_eng_5_engtype_","utilization percentage","0"
"19.934","11404","pid_11404_luid_0x00000000_0x0000e366_phys_0_eng_6_engtype_","utilization percentage","0"
"19.934","11404","pid_11404_luid_0x00000000_0x0000e366_phys_0_eng_7_engtype_","utilization percentage","0"
"19.934","11404","pid_11404_luid_0x00000000_0x0000e366_phys_0_eng_8_engtype_","utilization percentage","0"
"19.934","11404","pid_11404_luid_0x00000000_0x0000e366_phys_0_eng_9_engtype_","utilization percentage","0"
"19.934","11404","pid_11404_luid_0x00000000_0x0000e366_phys_0","dedicated usage","0"
"19.934","11404","pid_11404_luid_0x00000000_0x0000e366_phys_0","shared usage","400289792"
"20.964","11436","pid_11436_luid_0x00000000_0x0000e366_phys_0_eng_0_engtype_3d","utilization percentage","3.51763279786323"
"20.964","11436","pid_11436_luid_0x00000000_0x0000e366_phys_0_eng_10_engtype_legacyoverlay","utilization percentage","0"
"20.964","11436","pid_11436_luid_0x00000000_0x0000e366_phys_0_eng_11_engtype_","utilization percentage","0"
"20.964","11436","pid_11436_luid_0x00000000_0x0000e366_phys_0_eng_12_engtype_","utilization percentage","0"
"20.964","11436","pid_11436_luid_0x00000000_0x0000e366_phys_0_eng_1_engtype_videodecode","utilization percentage","1.18059386113137"
"20.964","11436","pid_11436_luid_0x00000000_0x0000e366_phys_0_eng_2_engtype_copy","utilization percentage","0"
"20.964","11436","pid_11436_luid_0x00000000_0x0000e366_phys_0_eng_3_engtype_videoprocessing","utilization percentage","0"
"20.964","11436","pid_11436_luid_0x00000000_0x0000e366_phys_0_eng_4_engtype_videodecode","utilization percentage","0"
"20.964","11436","pid_11436_luid_0x00000000_0x0000e366_phys_0_eng_5_engtype_","utilization percentage","0"
"20.964","11436","pid_11436_luid_0x00000000_0x0000e366_phys_0_eng_6_engtype_","utilization percentage","0"
"20.964","11436","pid_11436_luid_0x00000000_0x0000e366_phys_0_eng_7_engtype_","utilization percentage","0"
"20.964","11436","pid_11436_luid_0x00000000_0x0000e366_phys_0_eng_8_engtype_","utilization percentage","0"
"20.964","11436","pid_11436_luid_0x00000000_0x0000e366_phys_0_eng_9_engtype_","utilization percentage","0"
"20.964","11436","pid_11436_luid_0x00000000_0x0000e366_phys_0","dedicated usage","0"
"20.964","11436","pid_11436_luid_0x00000000_0x0000e366_phys_0","shared usage","81387520"
"20.982","8656","pid_8656_luid_0x00000000_0x0000e366_phys_0_eng_0_engtype_3d","utilization percentage","28.5263550007234"
"20.982","8656","pid_8656_luid_0x00000000_0x0000e366_phys_0_eng_10_engtype_legacyoverlay","utilization percentage","0"
"20.982","8656","pid_8656_luid_0x00000000_0x0000e366_phys_0_eng_11_engtype_","utilization percentage","0"
"20.982","8656","pid_8656_luid_0x00000000_0x0000e366_phys_0_eng_12_engtype_","utilization percentage","0"
"20.982","8656","pid_8656_luid_0x00000000_0x0000e366_phys_0_eng_1_engtype_videodecode","utilization percentage","4.30961439680481"
"20.982","8656","pid_8656_luid_0x00000000_0x0000e366_phys_0_eng_2_engtype_copy","utilization percentage","0"
"20.982","8656","pid_8656_luid_0x00000000_0x0000e366_phys_0_eng_3_engtype_videoprocessing","utilization percentage","0"
"20.982","8656","pid_8656_luid_0x00000000_0x0000e366_phys_0_eng_4_engtype_videodecode","utilization percentage","0"
"20.982","8656","pid_8656_luid_0x00000000_0x0000e366_phys_0_eng_5_engtype_","utilization percentage","0"
"20.982","8656","pid_8656_luid_0x00000000_0x0000e366_phys_0_eng_6_engtype_","utilization percentage","0"
"20.982","8656","pid_8656_luid_0x00000000_0x0000e366_phys_0_eng_7_engtype_","utilization percentage","0"
"20.982","8656","pid_8656_luid_0x00000000_0x0000e366_phys_0_eng_8_engtype_","utilization percentage","0"
"20.982","8656","pid_8656_luid_0x00000000_0x0000e366_phys_0_eng_9_engtype_","utilization percentage","0"
"20.982","8656","pid_8656_luid_0x00000000_0x0000e366_phys_0","dedicated usage","0"
"20.982","8656","pid_8656_luid_0x00000000_0x0000e366_phys_0","shared usage","396800000"
"21.012","11404","pid_11404_luid_0x00000000_0x0000e366_phys_0_eng_0_engtype_3d","utilization percentage","29.5612192635336"
"21.012","11404","pid_11404_luid_0x00000000_0x0000e366_phys_0_eng_10_engtype_legacyoverlay","utilization percentage","0"
"21.012","11404","pid_11404_luid_0x00000000_0x0000e366_phys_0_eng_11_engtype_","utilization percentage","0"
"21.012","11404","pid_11404_luid_0x00000000_0x0000e366_phys_0_eng_12_engtype_","utilization percentage","0"
"21.012","11404","pid_11404_luid_0x00000000_0x0000e366_phys_0_eng_1_engtype_videodecode","utilization percentage","4.91484972704526"
"21.012","11404","pid_11404_luid_0x00000000_0x0000e366_phys_0_eng_2_engtype_copy","utilization percentage","0"
"21.012","11404","pid_11404_luid_0x00000000_0x0000e366_phys_0_eng_3_engtype_videoprocessing","utilization percentage","0"
"21.012","11404","pid_11404_luid_0x00000000_0x0000e366_phys_0_eng_4_engtype_videodecode","utilization percentage","0"
"21.012","11404","pid_11404_luid_0x00000000_0x0000e366_phys_0_eng_5_engtype_","utilization percentage","0"
"21.012","11404","pid_11404_luid_0x00000000_0x0000e366_phys_0_eng_6_engtype_","utilization percentage","0"
"21.012","11404","pid_11404_luid_0x00000000_0x0000e366_phys_0_eng_7_engtype_","utilization percentage","0"
"21.012","11404","pid_11404_luid_0x00000000_0x0000e366_phys_0_eng_8_engtype_","utilization percentage","0"
"21.012","11404","pid_11404_luid_0x00000000_0x0000e366_phys_0_eng_9_engtype_","utilization percentage","0"
"21.012","11404","pid_11404_luid_0x00000000_0x0000e366_phys_0","dedicated usage","0"
"21.012","11404","pid_11404_luid_0x00000000_0x0000e366_phys_0","shared usage","394903552"
"22.045","11436","pid_11436_luid_0x00000000_0x0000e366_phys_0_eng_0_engtype_3d","utilization percentage","3.50162353241452"
"22.045","11436","pid_11436_luid_0x00000000_0x0000e366_phys_0_eng_10_engtype_legacyoverlay","utilization percentage","0"
"22.045","11436","pid_11436_luid_0x00000000_0x0000e366_phys_0_eng_11_engtype_","utilization percentage","0"
"22.045","11436","pid_11436_luid_0x00000000_0x0000e366_phys_0_eng_12_engtype_","utilization percentage","0"
"22.045","11436","pid_11436_luid_0x00000000_0x0000e366_phys_0_eng_1_engtype_videodecode","utilization percentage","1.15750314253723"
"22.045","11436","pid_11436_luid_0x00000000_0x0000e366_phys_0_eng_2_engtype_copy","utilization percentage","0"
"22.045","11436","pid_11436_luid_0x00000000_0x0000e366_phys_0_eng_3_engtype_videoprocessing","utilization percentage","0"
"22.045","11436","pid_11436_luid_0x00000000_0x0000e366_phys_0_eng_4_engtype_videodecode","utilization percentage","0"
"22.045","11436","pid_11436_luid_0x00000000_0x0000e366_phys_0_eng_5_engtype_","utilization percentage","0"
"22.045","11436","pid_11436_luid_0x00000000_0x0000e366_phys_0_eng_6_engtype_","utilization percentage","0"
"22.045","11436","pid_11436_luid_0x00000000_0x0000e366_phys_0_eng_7_engtype_","utilization percentage","0"
"22.045","11436","pid_11436_luid_0x00000000_0x0000e366_phys_0_eng_8_engtype_","utilization percentage","0"
"22.045","11436","pid_11436_luid_0x00000000_0x0000e366_phys_0_eng_9_engtype_","utilization percentage","0"
"22.045","11436","pid_11436_luid_0x00000000_0x0000e366_phys_0","dedicated usage","0"
"22.045","11436","pid_11436_luid_0x00000000_0x0000e366_phys_0","shared usage","81387520"
"22.068","8656","pid_8656_luid_0x00000000_0x0000e366_phys_0_eng_0_engtype_3d","utilization percentage","29.9574328837058"
"22.068","8656","pid_8656_luid_0x00000000_0x0000e366_phys_0_eng_10_engtype_legacyoverlay","utilization percentage","0"
"22.068","8656","pid_8656_luid_0x00000000_0x0000e366_phys_0_eng_11_engtype_","utilization percentage","0"
"22.068","8656","pid_8656_luid_0x00000000_0x0000e366_phys_0_eng_12_engtype_","utilization percentage","0"
"22.068","8656","pid_8656_luid_0x00000000_0x0000e366_phys_0_eng_1_engtype_videodecode","utilization percentage","4.48702400266377"
"22.068","8656","pid_8656_luid_0x00000000_0x0000e366_phys_0_eng_2_engtype_copy","utilization percentage","0"
"22.068","8656","pid_8656_luid_0x00000000_0x0000e366_phys_0_eng_3_engtype_videoprocessing","utilization percentage","0"
"22.068","8656","pid_8656_luid_0x00000000_0x0000e366_phys_0_eng_4_engtype_videodecode","utilization percentage","0"
"22.068","8656","pid_8656_luid_0x00000000_0x0000e366_phys_0_eng_5_engtype_","utilization percentage","0"
"22.068","8656","pid_8656_luid_0x00000000_0x0000e366_phys_0_eng_6_engtype_","utilization percentage","0"
"22.068","8656","pid_8656_luid_0x00000000_0x0000e366_phys_0_eng_7_engtype_","utilization percentage","0"
"22.068","8656","pid_8656_luid_0x00000000_0x0000e366_phys_0_eng_8_engtype_","utilization percentage","0"
"22.068","8656","pid_8656_luid_0x00000000_0x0000e366_phys_0_eng_9_engtype_","utilization percentage","0"
"22.068","8656","pid_8656_luid_0x00000000_0x0000e366_phys_0","dedicated usage","0"
"22.068","8656","pid_8656_luid_0x00000000_0x0000e366_phys_0","shared usage","402182144"
"22.09","11404","pid_11404_luid_0x00000000_0x0000e366_phys_0_eng_0_engtype_3d","utilization percentage","30.2107607619233"
"22.09","11404","pid_11404_luid_0x00000000_0x0000e366_phys_0_eng_10_engtype_legacyoverlay","utilization percentage","0"
"22.09","11404","pid_11404_luid_0x00000000_0x0000e366_phys_0_eng_11_engtype_","utilization percentage","0"
"22.09","11404","pid_11404_luid_0x00000000_0x0000e366_phys_0_eng_12_engtype_","utilization percentage","0"
"22.09","11404","pid_11404_luid_0x00000000_0x0000e366_phys_0_eng_1_engtype_videodecode","utilization percentage","4.68229950344071"
"22.09","11404","pid_11404_luid_0x00000000_0x0000e366_phys_0_eng_2_engtype_copy","utilization percentage","0"
"22.09","11404","pid_11404_luid_0x00000000_0x0000e366_phys_0_eng_3_engtype_videoprocessing","utilization percentage","0"
"22.09","11404","pid_11404_luid_0x00000000_0x0000e366_phys_0_eng_4_engtype_videodecode","utilization percentage","0"
"22.09","11404","pid_11404_luid_0x00000000_0x0000e366_phys_0_eng_5_engtype_","utilization percentage","0"
"22.09","11404","pid_11404_luid_0x00000000_0x0000e366_phys_0_eng_6_engtype_","utilization percentage","0"
"22.09","11404","pid_11404_luid_0x00000000_0x0000e366_phys_0_eng_7_engtype_","utilization percentage","0"
"22.09","11404","pid_11404_luid_0x00000000_0x0000e366_phys_0_eng_8_engtype_","utilization percentage","0"
"22.09","11404","pid_11404_luid_0x00000000_0x0000e366_phys_0_eng_9_engtype_","utilization percentage","0"
"22.09","11404","pid_11404_luid_0x00000000_0x0000e366_phys_0","dedicated usage","0"
"22.09","11404","pid_11404_luid_0x00000000_0x0000e366_phys_0","shared usage","400289792"
"23.131","11436","pid_11436_luid_0x00000000_0x0000e366_phys_0_eng_0_engtype_3d","utilization percentage","3.54566988448894"
"23.131","11436","pid_11436_luid_0x00000000_0x0000e366_phys_0_eng_10_engtype_legacyoverlay","utilization percentage","0"
"23.131","11436","pid_11436_luid_0x00000000_0x0000e366_phys_0_eng_11_engtype_","utilization percentage","0"
"23.131","11436","pid_11436_luid_0x00000000_0x0000e366_phys_0_eng_12_engtype_","utilization percentage","0"
"23.131","11436","pid_11436_luid_0x00000000_0x0000e366_phys_0_eng_1_engtype_videodecode","utilization percentage","1.08540632507186"
"23.131","11436","pid_11436_luid_0x00000000_0x0000e366_phys_0_eng_2_engtype_copy","utilization percentage","0"
"23.131","11436","pid_11436_luid_0x00000000_0x0000e366_phys_0_eng_3_engtype_videoprocessing","utilization percentage","0"
"23.131","11436","pid_11436_luid_0x00000000_0x0000e366_phys_0_eng_4_engtype_videodecode","utilization percentage","0"
"23.131","11436","pid_11436_luid_0x00000000_0x0000e366_phys_0_eng_5_engtype_","utilization percentage","0"
"23.131","11436","pid_11436_luid_0x00000000_0x0000e366_phys_0_eng_6_engtype_","utilization percentage","0"
"23.131","11436","pid_11436_luid_0x00000000_0x0000e366_phys_0_eng_7_engtype_","utilization percentage","0"
"23.131","11436","pid_11436_luid_0x00000000_0x0000e366_phys_0_eng_8_engtype_","utilization percentage","0"
"23.131","11436","pid_11436_luid_0x00000000_0x0000e366_phys_0_eng_9_engtype_","utilization percentage","0"
"23.131","11436","pid_11436_luid_0x00000000_0x0000e366_phys_0","dedicated usage","0"
"23.131","11436","pid_11436_luid_0x00000000_0x0000e366_phys_0","shared usage","81387520"
"23.158","8656","pid_8656_luid_0x00000000_0x0000e366_phys_0_eng_0_engtype_3d","utilization percentage","27.4479514050796"
"23.158","8656","pid_8656_luid_0x00000000_0x0000e366_phys_0_eng_10_engtype_legacyoverlay","utilization percentage","0"
"23.158","8656","pid_8656_luid_0x00000000_0x0000e366_phys_0_eng_11_engtype_","utilization percentage","0"
"23.158","8656","pid_8656_luid_0x00000000_0x0000e366_phys_0_eng_12_engtype_","utilization percentage","0"
"23.158","8656","pid_8656_luid_0x00000000_0x0000e366_phys_0_eng_1_engtype_videodecode","utilization percentage","4.14819997225846"
"23.158","8656","pid_8656_luid_0x00000000_0x0000e366_phys_0_eng_2_engtype_copy","utilization percentage","0"
"23.158","8656","pid_8656_luid_0x00000000_0x0000e366_phys_0_eng_3_engtype_videoprocessing","utilization percentage","0"
"23.158","8656","pid_8656_luid_0x00000000_0x0000e366_phys_0_eng_4_engtype_videodecode","utilization percentage","0"
"23.158","8656","pid_8656_luid_0x00000000_0x0000e366_phys_0_eng_5_engtype_","utilization percentage","0"
"23.158","8656","pid_8656_luid_0x00000000_0x0000e366_phys_0_eng_6_engtype_","utilization percentage","0"
"23.158","8656","pid_8656_luid_0x00000000_0x0000e366_phys_0_eng_7_engtype_","utilization percentage","0"
"23.158","8656","pid_8656_luid_0x00000000_0x0000e366_phys_0_eng_8_engtype_","utilization percentage","0"
"23.158","8656","pid_8656_luid_0x00000000_0x0000e366_phys_0_eng_9_engtype_","utilization percentage","0"
"23.158","8656","pid_8656_luid_0x00000000_0x0000e366_phys_0","dedicated usage","0"
"23.158","8656","pid_8656_luid_0x00000000_0x0000e366_phys_0","shared usage","396800000"
"23.182","11404","pid_11404_luid_0x00000000_0x0000e366_phys_0_eng_0_engtype_3d","utilization percentage","28.4396285731993"
"23.182","11404","pid_11404_luid_0x00000000_0x0000e366_phys_0_eng_10_engtype_legacyoverlay","utilization percentage","0"
"23.182","11404","pid_11404_luid_0x00000000_0x0000e366_phys_0_eng_11_engtype_","utilization percentage","0"
"23.182","11404","pid_11404_luid_0x00000000_0x0000e366_phys_0_eng_12_engtype_","utilization percentage","0"
"23.182","11404","pid_11404_luid_0x00000000_0x0000e366_phys_0_eng_1_engtype_videodecode","utilization percentage","4.90412013563844"
"23.182","11404","pid_11404_luid_0x00000000_0x0000e366_phys_0_eng_2_engtype_copy","utilization percentage","0"
"23.182","11404","pid_11404_luid_0x00000000_0x0000e366_phys_0_eng_3_engtype_videoprocessing","utilization percentage","0"
"23.182","11404","pid_11404_luid_0x00000000_0x0000e366_phys_0_eng_4_engtype_videodecode","utilization percentage","0"
"23.182","11404","pid_11404_luid_0x00000000_0x0000e366_phys_0_eng_5_engtype_","utilization percentage","0"
"23.182","11404","pid_11404_luid_0x00000000_0x0000e366_phys_0_eng_6_engtype_","utilization percentage","0"
"23.182","11404","pid_11404_luid_0x00000000_0x0000e366_phys_0_eng_7_engtype_","utilization percentage","0"
"23.182","11404","pid_11404_luid_0x00000000_0x0000e366_phys_0_eng_8_engtype_","utilization percentage","0"
"23.182","11404","pid_11404_luid_0x00000000_0x0000e366_phys_0_eng_9_engtype_","utilization percentage","0"
"23.182","11404","pid_11404_luid_0x00000000_0x0000e366_phys_0","dedicated usage","0"
"23.182","11404","pid_11404_luid_0x00000000_0x0000e366_phys_0","shared usage","394911744"
"24.21","11436","pid_11436_luid_0x00000000_0x0000e366_phys_0_eng_0_engtype_3d","utilization percentage","3.50800734276012"
"24.21","11436","pid_11436_luid_0x00000000_0x0000e366_phys_0_eng_10_engtype_legacyoverlay","utilization percentage","0"
"24.21","11436","pid_11436_luid_0x00000000_0x0000e366_phys_0_eng_11_engtype_","utilization percentage","0"
"24.21","11436","pid_11436_luid_0x00000000_0x0000e366_phys_0_eng_12_engtype_","utilization percentage","0"
"24.21","11436","pid_11436_luid_0x00000000_0x0000e366_phys_0_eng_1_engtype_videodecode","utilization percentage","1.17079311791859"
"24.21","11436","pid_11436_luid_0x00000000_0x0000e366_phys_0_eng_2_engtype_copy","utilization percentage","0"
"24.21","11436","pid_11436_luid_0x00000000_0x0000e366_phys_0_eng_3_engtype_videoprocessing","utilization percentage","0"
"24.21","11436","pid_11436_luid_0x00000000_0x0000e366_phys_0_eng_4_engtype_videodecode","utilization percentage","0"
"24.21","11436","pid_11436_luid_0x00000000_0x0000e366_phys_0_eng_5_engtype_","utilization percentage","0"
"24.21","11436","pid_11436_luid_0x00000000_0x0000e366_phys_0_eng_6_engtype_","utilization percentage","0"
"24.21","11436","pid_11436_luid_0x00000000_0x0000e366_phys_0_eng_7_engtype_","utilization percentage","0"
"24.21","11436","pid_11436_luid_0x00000000_0x0000e366_phys_0_eng_8_engtype_","utilization percentage","0"
"24.21","11436","pid_11436_luid_0x00000000_0x0000e366_phys_0_eng_9_engtype_","utilization percentage","0"
"24.21","11436","pid_11436_luid_0x00000000_0x0000e366_phys_0","dedicated usage","0"
"24.21","11436","pid_11436_luid_0x00000000_0x0000e366_phys_0","shared usage","81387520"
"24.225","8656","pid_8656_luid_0x00000000_0x0000e366_phys_0_eng_0_engtype_3d","utilization percentage","29.3951281193328"
"24.225","8656","pid_8656_luid_0x00000000_0x0000e366_phys_0_eng_10_engtype_legacyoverlay","utilization percentage","0"
"24.225","8656","pid_8656_luid_0x00000000_0x0000e366_phys_0_eng_11_engtype_","utilization percentage","0"
"24.225","8656","pid_8656_luid_0x00000000_0x0000e366_phys_0_eng_12_engtype_","utilization percentage","0"
"24.225","8656","pid_8656_luid_0x00000000_0x0000e366_phys_0_eng_1_engtype_videodecode","utilization percentage","4.39762377042968"
"24.225","8656","pid_8656_luid_0x00000000_0x0000e366_phys_0_eng_2_engtype_copy","utilization percentage","0"
"24.225","8656","pid_8656_luid_0x00000000_0x0000e366_phys_0_eng_3_engtype_videoprocessing","utilization percentage","0"
"24.225","8656","pid_8656_luid_0x00000000_0x0000e366_phys_0_eng_4_engtype_videodecode","utilization percentage","0"
"24.225","8656","pid_8656_luid_0x00000000_0x0000e366_phys_0_eng_5_engtype_","utilization percentage","0"
"24.225","8656","pid_8656_luid_0x00000000_0x0000e366_phys_0_eng_6_engtype_","utilization percentage","0"
"24.225","8656","pid_8656_luid_0x00000000_0x0000e366_phys_0_eng_7_engtype_","utilization percentage","0"
"24.225","8656","pid_8656_luid_0x00000000_0x0000e366_phys_0_eng_8_engtype_","utilization percentage","0"
"24.225","8656","pid_8656_luid_0x00000000_0x0000e366_phys_0_eng_9_engtype_","utilization percentage","0"
"24.225","8656","pid_8656_luid_0x00000000_0x0000e366_phys_0","dedicated usage","0"
"24.225","8656","pid_8656_luid_0x00000000_0x0000e366_phys_0","shared usage","396800000"
"24.257","11404","pid_11404_luid_0x00000000_0x0000e366_phys_0_eng_0_engtype_3d","utilization percentage","29.4103146184149"
"24.257","11404","pid_11404_luid_0x00000000_0x0000e366_phys_0_eng_10_engtype_legacyoverlay","utilization percentage","0"
"24.257","11404","pid_11404_luid_0x00000000_0x0000e366_phys_0_eng_11_engtype_","utilization percentage","0"
"24.257","11404","pid_11404_luid_0x00000000_0x0000e366_phys_0_eng_12_engtype_","utilization percentage","0"
"24.257","11404","pid_11404_luid_0x00000000_0x0000e366_phys_0_eng_1_engtype_videodecode","utilization percentage","4.73374175741902"
"24.257","11404","pid_11404_luid_0x00000000_0x0000e366_phys_0_eng_2_engtype_copy","utilization percentage","0"
"24.257","11404","pid_11404_luid_0x00000000_0x0000e366_phys_0_eng_3_engtype_videoprocessing","utilization percentage","0"
"24.257","11404","pid_11404_luid_0x00000000_0x0000e366_phys_0_eng_4_engtype_videodecode","utilization percentage","0"
"24.257","11404","pid_11404_luid_0x00000000_0x0000e366_phys_0_eng_5_engtype_","utilization percentage","0"
"24.257","11404","pid_11404_luid_0x00000000_0x0000e366_phys_0_eng_6_engtype_","utilization percentage","0"
"24.257","11404","pid_11404_luid_0x00000000_0x0000e366_phys_0_eng_7_engtype_","utilization percentage","0"
"24.257","11404","pid_11404_luid_0x00000000_0x0000e366_phys_0_eng_8_engtype_","utilization percentage","0"
"24.257","11404","pid_11404_luid_0x00000000_0x0000e366_phys_0_eng_9_engtype_","utilization percentage","0"
"24.257","11404","pid_11404_luid_0x00000000_0x0000e366_phys_0","dedicated usage","0"
"24.257","11404","pid_11404_luid_0x00000000_0x0000e366_phys_0","shared usage","400289792"
"25.3","11436","pid_11436_luid_0x00000000_0x0000e366_phys_0_eng_0_engtype_3d","utilization percentage","3.49707263261827"
"25.3","11436","pid_11436_luid_0x00000000_0x0000e366_phys_0_eng_10_engtype_legacyoverlay","utilization percentage","0"
"25.3","11436","pid_11436_luid_0x00000000_0x0000e366_phys_0_eng_11_engtype_","utilization percentage","0"
"25.3","11436","pid_11436_luid_0x00000000_0x0000e366_phys_0_eng_12_engtype_","utilization percentage","0"
"25.3","11436","pid_11436_luid_0x00000000_0x0000e366_phys_0_eng_1_engtype_videodecode","utilization percentage","1.13495386461655"
"25.3","11436","pid_11436_luid_0x00000000_0x0000e366_phys_0_eng_2_engtype_copy","utilization percentage","0"
"25.3","11436","pid_11436_luid_0x00000000_0x0000e366_phys_0_eng_3_engtype_videoprocessing","utilization percentage","0"
"25.3","11436","pid_11436_luid_0x00000000_0x0000e366_phys_0_eng_4_engtype_videodecode","utilization percentage","0"
"25.3","11436","pid_11436_luid_0x00000000_0x0000e366_phys_0_eng_5_engtype_","utilization percentage","0"
"25.3","11436","pid_11436_luid_0x00000000_0x0000e366_phys_0_eng_6_engtype_","utilization percentage","0"
"25.3","11436","pid_11436_luid_0x00000000_0x0000e366_phys_0_eng_7_engtype_","utilization percentage","0"
"25.3","11436","pid_11436_luid_0x00000000_0x0000e366_phys_0_eng_8_engtype_","utilization percentage","0"
"25.3","11436","pid_11436_luid_0x00000000_0x0000e366_phys_0_eng_9_engtype_","utilization percentage","0"
"25.3","11436","pid_11436_luid_0x00000000_0x0000e366_phys_0","dedicated usage","0"
"25.3","11436","pid_11436_luid_0x00000000_0x0000e366_phys_0","shared usage","81387520"
"25.331","8656","pid_8656_luid_0x00000000_0x0000e366_phys_0_eng_0_engtype_3d","utilization percentage","30.0524275118779"
"25.331","8656","pid_8656_luid_0x00000000_0x0000e366_phys_0_eng_10_engtype_legacyoverlay","utilization percentage","0"
"25.331","8656","pid_8656_luid_0x00000000_0x0000e366_phys_0_eng_11_engtype_","utilization percentage","0"
"25.331","8656","pid_8656_luid_0x00000000_0x0000e366_phys_0_eng_12_engtype_","utilization percentage","0"
"25.331","8656","pid_8656_luid_0x00000000_0x0000e366_phys_0_eng_1_engtype_videodecode","utilization percentage","4.48464504722887"
"25.331","8656","pid_8656_luid_0x00000000_0x0000e366_phys_0_eng_2_engtype_copy","utilization percentage","0"
"25.331","8656","pid_8656_luid_0x00000000_0x0000e366_phys_0_eng_3_engtype_videoprocessing","utilization percentage","0"
"25.331","8656","pid_8656_luid_0x00000000_0x0000e366_phys_0_eng_4_engtype_videodecode","utilization percentage","0"
"25.331","8656","pid_8656_luid_0x00000000_0x0000e366_phys_0_eng_5_engtype_","utilization percentage","0"
"25.331","8656","pid_8656_luid_0x00000000_0x0000e366_phys_0_eng_6_engtype_","utilization percentage","0"
"25.331","8656","pid_8656_luid_0x00000000_0x0000e366_phys_0_eng_7_engtype_","utilization percentage","0"
"25.331","8656","pid_8656_luid_0x00000000_0x0000e366_phys_0_eng_8_engtype_","utilization percentage","0"
"25.331","8656","pid_8656_luid_0x00000000_0x0000e366_phys_0_eng_9_engtype_","utilization percentage","0"
"25.331","8656","pid_8656_luid_0x00000000_0x0000e366_phys_0","dedicated usage","0"
"25.331","8656","pid_8656_luid_0x00000000_0x0000e366_phys_0","shared usage","396800000"
"25.354","11404","pid_11404_luid_0x00000000_0x0000e366_phys_0_eng_0_engtype_3d","utilization percentage","30.8529865671443"
"25.354","11404","pid_11404_luid_0x00000000_0x0000e366_phys_0_eng_10_engtype_legacyoverlay","utilization percentage","0"
"25.354","11404","pid_11404_luid_0x00000000_0x0000e366_phys_0_eng_11_engtype_","utilization percentage","0"
"25.354","11404","pid_11404_luid_0x00000000_0x0000e366_phys_0_eng_12_engtype_","utilization percentage","0"
"25.354","11404","pid_11404_luid_0x00000000_0x0000e366_phys_0_eng_1_engtype_videodecode","utilization percentage","4.99896854119564"
"25.354","11404","pid_11404_luid_0x00000000_0x0000e366_phys_0_eng_2_engtype_copy","utilization percentage","0"
"25.354","11404","pid_11404_luid_0x00000000_0x0000e366_phys_0_eng_3_engtype_videoprocessing","utilization percentage","0"
"25.354","11404","pid_11404_luid_0x00000000_0x0000e366_phys_0_eng_4_engtype_videodecode","utilization percentage","0"
"25.354","11404","pid_11404_luid_0x00000000_0x0000e366_phys_0_eng_5_engtype_","utilization percentage","0"
"25.354","11404","pid_11404_luid_0x00000000_0x0000e366_phys_0_eng_6_engtype_","utilization percentage","0"
"25.354","11404","pid_11404_luid_0x00000000_0x0000e366_phys_0_eng_7_engtype_","utilization percentage","0"
"25.354","11404","pid_11404_luid_0x00000000_0x0000e366_phys_0_eng_8_engtype_","utilization percentage","0"
"25.354","11404","pid_11404_luid_0x00000000_0x0000e366_phys_0_eng_9_engtype_","utilization percentage","0"
"25.354","11404","pid_11404_luid_0x00000000_0x0000e366_phys_0","dedicated usage","0"
"25.354","11404","pid_11404_luid_0x00000000_0x0000e366_phys_0","shared usage","400289792"
"26.387","11436","pid_11436_luid_0x00000000_0x0000e366_phys_0_eng_0_engtype_3d","utilization percentage","3.50872267232007"
"26.387","11436","pid_11436_luid_0x00000000_0x0000e366_phys_0_eng_10_engtype_legacyoverlay","utilization percentage","0"
"26.387","11436","pid_11436_luid_0x00000000_0x0000e366_phys_0_eng_11_engtype_","utilization percentage","0"
"26.387","11436","pid_11436_luid_0x00000000_0x0000e366_phys_0_eng_12_engtype_","utilization percentage","0"
"26.387","11436","pid_11436_luid_0x00000000_0x0000e366_phys_0_eng_1_engtype_videodecode","utilization percentage","1.29453276099666"
"26.387","11436","pid_11436_luid_0x00000000_0x0000e366_phys_0_eng_2_engtype_copy","utilization percentage","0"
"26.387","11436","pid_11436_luid_0x00000000_0x0000e366_phys_0_eng_3_engtype_videoprocessing","utilization percentage","0"
"26.387","11436","pid_11436_luid_0x00000000_0x0000e366_phys_0_eng_4_engtype_videodecode","utilization percentage","0"
"26.387","11436","pid_11436_luid_0x00000000_0x0000e366_phys_0_eng_5_engtype_","utilization percentage","0"
"26.387","11436","pid_11436_luid_0x00000000_0x0000e366_phys_0_eng_6_engtype_","utilization percentage","0"
"26.387","11436","pid_11436_luid_0x00000000_0x0000e366_phys_0_eng_7_engtype_","utilization percentage","0"
"26.387","11436","pid_11436_luid_0x00000000_0x0000e366_phys_0_eng_8_engtype_","utilization percentage","0"
"26.387","11436","pid_11436_luid_0x00000000_0x0000e366_phys_0_eng_9_engtype_","utilization percentage","0"
"26.387","11436","pid_11436_luid_0x00000000_0x0000e366_phys_0","dedicated usage","0"
"26.387","11436","pid_11436_luid_0x00000000_0x0000e366_phys_0","shared usage","81387520"
"26.398","8656","pid_8656_luid_0x00000000_0x0000e366_phys_0_eng_0_engtype_3d","utilization percentage","30.6452595813154"
"26.398","8656","pid_8656_luid_0x00000000_0x0000e366_phys_0_eng_10_engtype_legacyoverlay","utilization percentage","0"
"26.398","8656","pid_8656_luid_0x00000000_0x0000e366_phys_0_eng_11_engtype_","utilization percentage","0"
"26.398","8656","pid_8656_luid_0x00000000_0x0000e366_phys_0_eng_12_engtype_","utilization percentage","0"
"26.398","8656","pid_8656_luid_0x00000000_0x0000e366_phys_0_eng_1_engtype_videodecode","utilization percentage","4.41907306129851"
"26.398","8656","pid_8656_luid_0x00000000_0x0000e366_phys_0_eng_2_engtype_copy","utilization percentage","0"
"26.398","8656","pid_8656_luid_0x00000000_0x0000e366_phys_0_eng_3_engtype_videoprocessing","utilization percentage","0"
"26.398","8656","pid_8656_luid_0x00000000_0x0000e366_phys_0_eng_4_engtype_videodecode","utilization percentage","0"
"26.398","8656","pid_8656_luid_0x00000000_0x0000e366_phys_0_eng_5_engtype_","utilization percentage","0"
"26.398","8656","pid_8656_luid_0x00000000_0x0000e366_phys_0_eng_6_engtype_","utilization percentage","0"
"26.398","8656","pid_8656_luid_0x00000000_0x0000e366_phys_0_eng_7_engtype_","utilization percentage","0"
"26.398","8656","pid_8656_luid_0x00000000_0x0000e366_phys_0_eng_8_engtype_","utilization percentage","0"
"26.398","8656","pid_8656_luid_0x00000000_0x0000e366_phys_0_eng_9_engtype_","utilization percentage","0"
"26.398","8656","pid_8656_luid_0x00000000_0x0000e366_phys_0","dedicated usage","0"
"26.398","8656","pid_8656_luid_0x00000000_0x0000e366_phys_0","shared usage","402182144"
"26.416","11404","pid_11404_luid_0x00000000_0x0000e366_phys_0_eng_0_engtype_3d","utilization percentage","31.7776650615342"
"26.416","11404","pid_11404_luid_0x00000000_0x0000e366_phys_0_eng_10_engtype_legacyoverlay","utilization percentage","0"
"26.416","11404","pid_11404_luid_0x00000000_0x0000e366_phys_0_eng_11_engtype_","utilization percentage","0"
"26.416","11404","pid_11404_luid_0x00000000_0x0000e366_phys_0_eng_12_engtype_","utilization percentage","0"
"26.416","11404","pid_11404_luid_0x00000000_0x0000e366_phys_0_eng_1_engtype_videodecode","utilization percentage","4.94077641035177"
"26.416","11404","pid_11404_luid_0x00000000_0x0000e366_phys_0_eng_2_engtype_copy","utilization percentage","0"
"26.416","11404","pid_11404_luid_0x00000000_0x0000e366_phys_0_eng_3_engtype_videoprocessing","utilization percentage","0"
"26.416","11404","pid_11404_luid_0x00000000_0x0000e366_phys_0_eng_4_engtype_videodecode","utilization percentage","0"
"26.416","11404","pid_11404_luid_0x00000000_0x0000e366_phys_0_eng_5_engtype_","utilization percentage","0"
"26.416","11404","pid_11404_luid_0x00000000_0x0000e366_phys_0_eng_6_engtype_","utilization percentage","0"
"26.416","11404","pid_11404_luid_0x00000000_0x0000e366_phys_0_eng_7_engtype_","utilization percentage","0"
"26.416","11404","pid_11404_luid_0x00000000_0x0000e366_phys_0_eng_8_engtype_","utilization percentage","0"
"26.416","11404","pid_11404_luid_0x00000000_0x0000e366_phys_0_eng_9_engtype_","utilization percentage","0"
"26.416","11404","pid_11404_luid_0x00000000_0x0000e366_phys_0","dedicated usage","0"
"26.416","11404","pid_11404_luid_0x00000000_0x0000e366_phys_0","shared usage","400289792"
"27.439","11436","pid_11436_luid_0x00000000_0x0000e366_phys_0_eng_0_engtype_3d","utilization percentage","3.6916308763476"
"27.439","11436","pid_11436_luid_0x00000000_0x0000e366_phys_0_eng_10_engtype_legacyoverlay","utilization percentage","0"
"27.439","11436","pid_11436_luid_0x00000000_0x0000e366_phys_0_eng_11_engtype_","utilization percentage","0"
"27.439","11436","pid_11436_luid_0x00000000_0x0000e366_phys_0_eng_12_engtype_","utilization percentage","0"
"27.439","11436","pid_11436_luid_0x00000000_0x0000e366_phys_0_eng_1_engtype_videodecode","utilization percentage","1.28591094727794"
"27.439","11436","pid_11436_luid_0x00000000_0x0000e366_phys_0_eng_2_engtype_copy","utilization percentage","0"
"27.439","11436","pid_11436_luid_0x00000000_0x0000e366_phys_0_eng_3_engtype_videoprocessing","utilization percentage","0"
"27.439","11436","pid_11436_luid_0x00000000_0x0000e366_phys_0_eng_4_engtype_videodecode","utilization percentage","0"
"27.439","11436","pid_11436_luid_0x00000000_0x0000e366_phys_0_eng_5_engtype_","utilization percentage","0"
"27.439","11436","pid_11436_luid_0x00000000_0x0000e366_phys_0_eng_6_engtype_","utilization percentage","0"
"27.439","11436","pid_11436_luid_0x00000000_0x0000e366_phys_0_eng_7_engtype_","utilization percentage","0"
"27.439","11436","pid_11436_luid_0x00000000_0x0000e366_phys_0_eng_8_engtype_","utilization percentage","0"
"27.439","11436","pid_11436_luid_0x00000000_0x0000e366_phys_0_eng_9_engtype_","utilization percentage","0"
"27.439","11436","pid_11436_luid_0x00000000_0x0000e366_phys_0","dedicated usage","0"
"27.439","11436","pid_11436_luid_0x00000000_0x0000e366_phys_0","shared usage","81387520"
"27.454","8656","pid_8656_luid_0x00000000_0x0000e366_phys_0_eng_0_engtype_3d","utilization percentage","27.6925212026002"
"27.454","8656","pid_8656_luid_0x00000000_0x0000e366_phys_0_eng_10_engtype_legacyoverlay","utilization percentage","0"
"27.454","8656","pid_8656_luid_0x00000000_0x0000e366_phys_0_eng_11_engtype_","utilization percentage","0"
"27.454","8656","pid_8656_luid_0x00000000_0x0000e366_phys_0_eng_12_engtype_","utilization percentage","0"
"27.454","8656","pid_8656_luid_0x00000000_0x0000e366_phys_0_eng_1_engtype_videodecode","utilization percentage","4.35305265684464"
"27.454","8656","pid_8656_luid_0x00000000_0x0000e366_phys_0_eng_2_engtype_copy","utilization percentage","0"
"27.454","8656","pid_8656_luid_0x00000000_0x0000e366_phys_0_eng_3_engtype_videoprocessing","utilization percentage","0"
"27.454","8656","pid_8656_luid_0x00000000_0x0000e366_phys_0_eng_4_engtype_videodecode","utilization percentage","0"
"27.454","8656","pid_8656_luid_0x00000000_0x0000e366_phys_0_eng_5_engtype_","utilization percentage","0"
"27.454","8656","pid_8656_luid_0x00000000_0x0000e366_phys_0_eng_6_engtype_","utilization percentage","0"
"27.454","8656","pid_8656_luid_0x00000000_0x0000e366_phys_0_eng_7_engtype_","utilization percentage","0"
"27.454","8656","pid_8656_luid_0x00000000_0x0000e366_phys_0_eng_8_engtype_","utilization percentage","0"
"27.454","8656","pid_8656_luid_0x00000000_0x0000e366_phys_0_eng_9_engtype_","utilization percentage","0"
"27.454","8656","pid_8656_luid_0x00000000_0x0000e366_phys_0","dedicated usage","0"
"27.454","8656","pid_8656_luid_0x00000000_0x0000e366_phys_0","shared usage","396800000"
"27.478","11404","pid_11404_luid_0x00000000_0x0000e366_phys_0_eng_0_engtype_3d","utilization percentage","28.6477259994415"
"27.478","11404","pid_11404_luid_0x00000000_0x0000e366_phys_0_eng_10_engtype_legacyoverlay","utilization percentage","0"
"27.478","11404","pid_11404_luid_0x00000000_0x0000e366_phys_0_eng_11_engtype_","utilization percentage","0"
"27.478","11404","pid_11404_luid_0x00000000_0x0000e366_phys_0_eng_12_engtype_","utilization percentage","0"
"27.478","11404","pid_11404_luid_0x00000000_0x0000e366_phys_0_eng_1_engtype_videodecode","utilization percentage","5.19198986969499"
"27.478","11404","pid_11404_luid_0x00000000_0x0000e366_phys_0_eng_2_engtype_copy","utilization percentage","0"
"27.478","11404","pid_11404_luid_0x00000000_0x0000e366_phys_0_eng_3_engtype_videoprocessing","utilization percentage","0"
"27.478","11404","pid_11404_luid_0x00000000_0x0000e366_phys_0_eng_4_engtype_videodecode","utilization percentage","0"
"27.478","11404","pid_11404_luid_0x00000000_0x0000e366_phys_0_eng_5_engtype_","utilization percentage","0"
"27.478","11404","pid_11404_luid_0x00000000_0x0000e366_phys_0_eng_6_engtype_","utilization percentage","0"
"27.478","11404","pid_11404_luid_0x00000000_0x0000e366_phys_0_eng_7_engtype_","utilization percentage","0"
"27.478","11404","pid_11404_luid_0x00000000_0x0000e366_phys_0_eng_8_engtype_","utilization percentage","0"
"27.478","11404","pid_11404_luid_0x00000000_0x0000e366_phys_0_eng_9_engtype_","utilization percentage","0"
"27.478","11404","pid_11404_luid_0x00000000_0x0000e366_phys_0","dedicated usage","0"
"27.478","11404","pid_11404_luid_0x00000000_0x0000e366_phys_0","shared usage","394911744"
"28.509","11436","pid_11436_luid_0x00000000_0x0000e366_phys_0_eng_0_engtype_3d","utilization percentage","3.66511503793122"
"28.509","11436","pid_11436_luid_0x00000000_0x0000e366_phys_0_eng_10_engtype_legacyoverlay","utilization percentage","0"
"28.509","11436","pid_11436_luid_0x00000000_0x0000e366_phys_0_eng_11_engtype_","utilization percentage","0"
"28.509","11436","pid_11436_luid_0x00000000_0x0000e366_phys_0_eng_12_engtype_","utilization percentage","0"
"28.509","11436","pid_11436_luid_0x00000000_0x0000e366_phys_0_eng_1_engtype_videodecode","utilization percentage","1.0967901701426"
"28.509","11436","pid_11436_luid_0x00000000_0x0000e366_phys_0_eng_2_engtype_copy","utilization percentage","0"
"28.509","11436","pid_11436_luid_0x00000000_0x0000e366_phys_0_eng_3_engtype_videoprocessing","utilization percentage","0"
"28.509","11436","pid_11436_luid_0x00000000_0x0000e366_phys_0_eng_4_engtype_videodecode","utilization percentage","0"
"28.509","11436","pid_11436_luid_0x00000000_0x0000e366_phys_0_eng_5_engtype_","utilization percentage","0"
"28.509","11436","pid_11436_luid_0x00000000_0x0000e366_phys_0_eng_6_engtype_","utilization percentage","0"
"28.509","11436","pid_11436_luid_0x00000000_0x0000e366_phys_0_eng_7_engtype_","utilization percentage","0"
"28.509","11436","pid_11436_luid_0x00000000_0x0000e366_phys_0_eng_8_engtype_","utilization percentage","0"
"28.509","11436","pid_11436_luid_0x00000000_0x0000e366_phys_0_eng_9_engtype_","utilization percentage","0"
"28.509","11436","pid_11436_luid_0x00000000_0x0000e366_phys_0","dedicated usage","0"
"28.509","11436","pid_11436_luid_0x00000000_0x0000e366_phys_0","shared usage","81387520"
"28.519","8656","pid_8656_luid_0x00000000_0x0000e366_phys_0_eng_0_engtype_3d","utilization percentage","27.8207991083186"
"28.519","8656","pid_8656_luid_0x00000000_0x0000e366_phys_0_eng_10_engtype_legacyoverlay","utilization percentage","0"
"28.519","8656","pid_8656_luid_0x00000000_0x0000e366_phys_0_eng_11_engtype_","utilization percentage","0"
"28.519","8656","pid_8656_luid_0x00000000_0x0000e366_phys_0_eng_12_engtype_","utilization percentage","0"
"28.519","8656","pid_8656_luid_0x00000000_0x0000e366_phys_0_eng_1_engtype_videodecode","utilization percentage","4.1036568323556"
"28.519","8656","pid_8656_luid_0x00000000_0x0000e366_phys_0_eng_2_engtype_copy","utilization percentage","0"
"28.519","8656","pid_8656_luid_0x00000000_0x0000e366_phys_0_eng_3_engtype_videoprocessing","utilization percentage","0"
"28.519","8656","pid_8656_luid_0x00000000_0x0000e366_phys_0_eng_4_engtype_videodecode","utilization percentage","0"
"28.519","8656","pid_8656_luid_0x00000000_0x0000e366_phys_0_eng_5_engtype_","utilization percentage","0"
"28.519","8656","pid_8656_luid_0x00000000_0x0000e366_phys_0_eng_6_engtype_","utilization percentage","0"
"28.519","8656","pid_8656_luid_0x00000000_0x0000e366_phys_0_eng_7_engtype_","utilization percentage","0"
"28.519","8656","pid_8656_luid_0x00000000_0x0000e366_phys_0_eng_8_engtype_","utilization percentage","0"
"28.519","8656","pid_8656_luid_0x00000000_0x0000e366_phys_0_eng_9_engtype_","utilization percentage","0"
"28.519","8656","pid_8656_luid_0x00000000_0x0000e366_phys_0","dedicated usage","0"
"28.519","8656","pid_8656_luid_0x00000000_0x0000e366_phys_0","shared usage","396800000"
"28.544","11404","pid_11404_luid_0x00000000_0x0000e366_phys_0_eng_0_engtype_3d","utilization percentage","28.8481609119046"
"28.544","11404","pid_11404_luid_0x00000000_0x0000e366_phys_0_eng_10_engtype_legacyoverlay","utilization percentage","0"
"28.544","11404","pid_11404_luid_0x00000000_0x0000e366_phys_0_eng_11_engtype_","utilization percentage","0"
"28.544","11404","pid_11404_luid_0x00000000_0x0000e366_phys_0_eng_12_engtype_","utilization percentage","0"
"28.544","11404","pid_11404_luid_0x00000000_0x0000e366_phys_0_eng_1_engtype_videodecode","utilization percentage","4.74030839499512"
"28.544","11404","pid_11404_luid_0x00000000_0x0000e366_phys_0_eng_2_engtype_copy","utilization percentage","0"
"28.544","11404","pid_11404_luid_0x00000000_0x0000e366_phys_0_eng_3_engtype_videoprocessing","utilization percentage","0"
"28.544","11404","pid_11404_luid_0x00000000_0x0000e366_phys_0_eng_4_engtype_videodecode","utilization percentage","0"
"28.544","11404","pid_11404_luid_0x00000000_0x0000e366_phys_0_eng_5_engtype_","utilization percentage","0"
"28.544","11404","pid_11404_luid_0x00000000_0x0000e366_phys_0_eng_6_engtype_","utilization percentage","0"
"28.544","11404","pid_11404_luid_0x00000000_0x0000e366_phys_0_eng_7_engtype_","utilization percentage","0"
"28.544","11404","pid_11404_luid_0x00000000_0x0000e366_phys_0_eng_8_engtype_","utilization percentage","0"
"28.544","11404","pid_11404_luid_0x00000000_0x0000e366_phys_0_eng_9_engtype_","utilization percentage","0"
"28.544","11404","pid_11404_luid_0x00000000_0x0000e366_phys_0","dedicated usage","0"
"28.544","11404","pid_11404_luid_0x00000000_0x0000e366_phys_0","shared usage","394911744"
"29.576","11436","pid_11436_luid_0x00000000_0x0000e366_phys_0_eng_0_engtype_3d","utilization percentage","3.5321148586706"
"29.576","11436","pid_11436_luid_0x00000000_0x0000e366_phys_0_eng_10_engtype_legacyoverlay","utilization percentage","0"
"29.576","11436","pid_11436_luid_0x00000000_0x0000e366_phys_0_eng_11_engtype_","utilization percentage","0"
"29.576","11436","pid_11436_luid_0x00000000_0x0000e366_phys_0_eng_12_engtype_","utilization percentage","0"
"29.576","11436","pid_11436_luid_0x00000000_0x0000e366_phys_0_eng_1_engtype_videodecode","utilization percentage","1.18162752898064"
"29.576","11436","pid_11436_luid_0x00000000_0x0000e366_phys_0_eng_2_engtype_copy","utilization percentage","0"
"29.576","11436","pid_11436_luid_0x00000000_0x0000e366_phys_0_eng_3_engtype_videoprocessing","utilization percentage","0"
"29.576","11436","pid_11436_luid_0x00000000_0x0000e366_phys_0_eng_4_engtype_videodecode","utilization percentage","0"
"29.576","11436","pid_11436_luid_0x00000000_0x0000e366_phys_0_eng_5_engtype_","utilization percentage","0"
"29.576","11436","pid_11436_luid_0x00000000_0x0000e366_phys_0_eng_6_engtype_","utilization percentage","0"
"29.576","11436","pid_11436_luid_0x00000000_0x0000e366_phys_0_eng_7_engtype_","utilization percentage","0"
"29.576","11436","pid_11436_luid_0x00000000_0x0000e366_phys_0_eng_8_engtype_","utilization percentage","0"
"29.576","11436","pid_11436_luid_0x00000000_0x0000e366_phys_0_eng_9_engtype_","utilization percentage","0"
"29.576","11436","pid_11436_luid_0x00000000_0x0000e366_phys_0","dedicated usage","0"
"29.576","11436","pid_11436_luid_0x00000000_0x0000e366_phys_0","shared usage","81387520"
"29.604","8656","pid_8656_luid_0x00000000_0x0000e366_phys_0_eng_0_engtype_3d","utilization percentage","30.3642113748393"
"29.604","8656","pid_8656_luid_0x00000000_0x0000e366_phys_0_eng_10_engtype_legacyoverlay","utilization percentage","0"
"29.604","8656","pid_8656_luid_0x00000000_0x0000e366_phys_0_eng_11_engtype_","utilization percentage","0"
"29.604","8656","pid_8656_luid_0x00000000_0x0000e366_phys_0_eng_12_engtype_","utilization percentage","0"
"29.604","8656","pid_8656_luid_0x00000000_0x0000e366_phys_0_eng_1_engtype_videodecode","utilization percentage","4.41201243997648"
"29.604","8656","pid_8656_luid_0x00000000_0x0000e366_phys_0_eng_2_engtype_copy","utilization percentage","0"
"29.604","8656","pid_8656_luid_0x00000000_0x0000e366_phys_0_eng_3_engtype_videoprocessing","utilization percentage","0"
"29.604","8656","pid_8656_luid_0x00000000_0x0000e366_phys_0_eng_4_engtype_videodecode","utilization percentage","0"
"29.604","8656","pid_8656_luid_0x00000000_0x0000e366_phys_0_eng_5_engtype_","utilization percentage","0"
"29.604","8656","pid_8656_luid_0x00000000_0x0000e366_phys_0_eng_6_engtype_","utilization percentage","0"
"29.604","8656","pid_8656_luid_0x00000000_0x0000e366_phys_0_eng_7_engtype_","utilization percentage","0"
"29.604","8656","pid_8656_luid_0x00000000_0x0000e366_phys_0_eng_8_engtype_","utilization percentage","0"
"29.604","8656","pid_8656_luid_0x00000000_0x0000e366_phys_0_eng_9_engtype_","utilization percentage","0"
"29.604","8656","pid_8656_luid_0x00000000_0x0000e366_phys_0","dedicated usage","0"
"29.604","8656","pid_8656_luid_0x00000000_0x0000e366_phys_0","shared usage","402182144"
"29.625","11404","pid_11404_luid_0x00000000_0x0000e366_phys_0_eng_0_engtype_3d","utilization percentage","30.7961066753518"
"29.625","11404","pid_11404_luid_0x00000000_0x0000e366_phys_0_eng_10_engtype_legacyoverlay","utilization percentage","0"
"29.625","11404","pid_11404_luid_0x00000000_0x0000e366_phys_0_eng_11_engtype_","utilization percentage","0"
"29.625","11404","pid_11404_luid_0x00000000_0x0000e366_phys_0_eng_12_engtype_","utilization percentage","0"
"29.625","11404","pid_11404_luid_0x00000000_0x0000e366_phys_0_eng_1_engtype_videodecode","utilization percentage","4.92347921624294"
"29.625","11404","pid_11404_luid_0x00000000_0x0000e366_phys_0_eng_2_engtype_copy","utilization percentage","0"
"29.625","11404","pid_11404_luid_0x00000000_0x0000e366_phys_0_eng_3_engtype_videoprocessing","utilization percentage","0"
"29.625","11404","pid_11404_luid_0x00000000_0x0000e366_phys_0_eng_4_engtype_videodecode","utilization percentage","0"
"29.625","11404","pid_11404_luid_0x00000000_0x0000e366_phys_0_eng_5_engtype_","utilization percentage","0"
"29.625","11404","pid_11404_luid_0x00000000_0x0000e366_phys_0_eng_6_engtype_","utilization percentage","0"
"29.625","11404","pid_11404_luid_0x00000000_0x0000e366_phys_0_eng_7_engtype_","utilization percentage","0"
"29.625","11404","pid_11404_luid_0x00000000_0x0000e366_phys_0_eng_8_engtype_","utilization percentage","0"
"29.625","11404","pid_11404_luid_0x00000000_0x0000e366_phys_0_eng_9_engtype_","utilization percentage","0"
"29.625","11404","pid_11404_luid_0x00000000_0x0000e366_phys_0","dedicated usage","0"
"29.625","11404","pid_11404_luid_0x00000000_0x0000e366_phys_0","shared usage","400289792"
"30.664","11436","pid_11436_luid_0x00000000_0x0000e366_phys_0_eng_0_engtype_3d","utilization percentage","3.71656480947552"
"30.664","11436","pid_11436_luid_0x00000000_0x0000e366_phys_0_eng_10_engtype_legacyoverlay","utilization percentage","0"
"30.664","11436","pid_11436_luid_0x00000000_0x0000e366_phys_0_eng_11_engtype_","utilization percentage","0"
"30.664","11436","pid_11436_luid_0x00000000_0x0000e366_phys_0_eng_12_engtype_","utilization percentage","0"
"30.664","11436","pid_11436_luid_0x00000000_0x0000e366_phys_0_eng_1_engtype_videodecode","utilization percentage","1.17006279269668"
"30.664","11436","pid_11436_luid_0x00000000_0x0000e366_phys_0_eng_2_engtype_copy","utilization percentage","0"
"30.664","11436","pid_11436_luid_0x00000000_0x0000e366_phys_0_eng_3_engtype_videoprocessing","utilization percentage","0"
"30.664","11436","pid_11436_luid_0x00000000_0x0000e366_phys_0_eng_4_engtype_videodecode","utilization percentage","0"
"30.664","11436","pid_11436_luid_0x00000000_0x0000e366_phys_0_eng_5_engtype_","utilization percentage","0"
"30.664","11436","pid_11436_luid_0x00000000_0x0000e366_phys_0_eng_6_engtype_","utilization percentage","0"
"30.664","11436","pid_11436_luid_0x00000000_0x0000e366_phys_0_eng_7_engtype_","utilization percentage","0"
"30.664","11436","pid_11436_luid_0x00000000_0x0000e366_phys_0_eng_8_engtype_","utilization percentage","0"
"30.664","11436","pid_11436_luid_0x00000000_0x0000e366_phys_0_eng_9_engtype_","utilization percentage","0"
"30.664","11436","pid_11436_luid_0x00000000_0x0000e366_phys_0","dedicated usage","0"
"30.664","11436","pid_11436_luid_0x00000000_0x0000e366_phys_0","shared usage","81387520"
"30.695","8656","pid_8656_luid_0x00000000_0x0000e366_phys_0_eng_0_engtype_3d","utilization percentage","30.6306741645462"
"30.695","8656","pid_8656_luid_0x00000000_0x0000e366_phys_0_eng_10_engtype_legacyoverlay","utilization percentage","0"
"30.695","8656","pid_8656_luid_0x00000000_0x0000e366_phys_0_eng_11_engtype_","utilization percentage","0"
"30.695","8656","pid_8656_luid_0x00000000_0x0000e366_phys_0_eng_12_engtype_","utilization percentage","0"
"30.695","8656","pid_8656_luid_0x00000000_0x0000e366_phys_0_eng_1_engtype_videodecode","utilization percentage","4.45112436377104"
"30.695","8656","pid_8656_luid_0x00000000_0x0000e366_phys_0_eng_2_engtype_copy","utilization percentage","0"
"30.695","8656","pid_8656_luid_0x00000000_0x0000e366_phys_0_eng_3_engtype_videoprocessing","utilization percentage","0"
"30.695","8656","pid_8656_luid_0x00000000_0x0000e366_phys_0_eng_4_engtype_videodecode","utilization percentage","0"
"30.695","8656","pid_8656_luid_0x00000000_0x0000e366_phys_0_eng_5_engtype_","utilization percentage","0"
"30.695","8656","pid_8656_luid_0x00000000_0x0000e366_phys_0_eng_6_engtype_","utilization percentage","0"
"30.695","8656","pid_8656_luid_0x00000000_0x0000e366_phys_0_eng_7_engtype_","utilization percentage","0"
"30.695","8656","pid_8656_luid_0x00000000_0x0000e366_phys_0_eng_8_engtype_","utilization percentage","0"
"30.695","8656","pid_8656_luid_0x00000000_0x0000e366_phys_0_eng_9_engtype_","utilization percentage","0"
"30.695","8656","pid_8656_luid_0x00000000_0x0000e366_phys_0","dedicated usage","0"
"30.695","8656","pid_8656_luid_0x00000000_0x0000e366_phys_0","shared usage","396800000"
"30.718","11404","pid_11404_luid_0x00000000_0x0000e366_phys_0_eng_0_engtype_3d","utilization percentage","31.3271565802211"
"30.718","11404","pid_11404_luid_0x00000000_0x0000e366_phys_0_eng_10_engtype_legacyoverlay","utilization percentage","0"
"30.718","11404","pid_11404_luid_0x00000000_0x0000e366_phys_0_eng_11_engtype_","utilization percentage","0"
"30.718","11404","pid_11404_luid_0x00000000_0x0000e366_phys_0_eng_12_engtype_","utilization percentage","0"
"30.718","11404","pid_11404_luid_0x00000000_0x0000e366_phys_0_eng_1_engtype_videodecode","utilization percentage","5.1007688557225"
"30.718","11404","pid_11404_luid_0x00000000_0x0000e366_phys_0_eng_2_engtype_copy","utilization percentage","0"
"30.718","11404","pid_11404_luid_0x00000000_0x0000e366_phys_0_eng_3_engtype_videoprocessing","utilization percentage","0"
"30.718","11404","pid_11404_luid_0x00000000_0x0000e366_phys_0_eng_4_engtype_videodecode","utilization percentage","0"
"30.718","11404","pid_11404_luid_0x00000000_0x0000e366_phys_0_eng_5_engtype_","utilization percentage","0"
"30.718","11404","pid_11404_luid_0x00000000_0x0000e366_phys_0_eng_6_engtype_","utilization percentage","0"
"30.718","11404","pid_11404_luid_0x00000000_0x0000e366_phys_0_eng_7_engtype_","utilization percentage","0"
"30.718","11404","pid_11404_luid_0x00000000_0x0000e366_phys_0_eng_8_engtype_","utilization percentage","0"
"30.718","11404","pid_11404_luid_0x00000000_0x0000e366_phys_0_eng_9_engtype_","utilization percentage","0"
"30.718","11404","pid_11404_luid_0x00000000_0x0000e366_phys_0","dedicated usage","0"
"30.718","11404","pid_11404_luid_0x00000000_0x0000e366_phys_0","shared usage","394903552"
"31.75","11436","pid_11436_luid_0x00000000_0x0000e366_phys_0_eng_0_engtype_3d","utilization percentage","3.41065481717633"
"31.75","11436","pid_11436_luid_0x00000000_0x0000e366_phys_0_eng_10_engtype_legacyoverlay","utilization percentage","0"
"31.75","11436","pid_11436_luid_0x00000000_0x0000e366_phys_0_eng_11_engtype_","utilization percentage","0"
"31.75","11436","pid_11436_luid_0x00000000_0x0000e366_phys_0_eng_12_engtype_","utilization percentage","0"
"31.75","11436","pid_11436_luid_0x00000000_0x0000e366_phys_0_eng_1_engtype_videodecode","utilization percentage","1.21891008687314"
"31.75","11436","pid_11436_luid_0x00000000_0x0000e366_phys_0_eng_2_engtype_copy","utilization percentage","0"
"31.75","11436","pid_11436_luid_0x00000000_0x0000e366_phys_0_eng_3_engtype_videoprocessing","utilization percentage","0"
"31.75","11436","pid_11436_luid_0x00000000_0x0000e366_phys_0_eng_4_engtype_videodecode","utilization percentage","0"
"31.75","11436","pid_11436_luid_0x00000000_0x0000e366_phys_0_eng_5_engtype_","utilization percentage","0"
"31.75","11436","pid_11436_luid_0x00000000_0x0000e366_phys_0_eng_6_engtype_","utilization percentage","0"
"31.75","11436","pid_11436_luid_0x00000000_0x0000e366_phys_0_eng_7_engtype_","utilization percentage","0"
"31.75","11436","pid_11436_luid_0x00000000_0x0000e366_phys_0_eng_8_engtype_","utilization percentage","0"
"31.75","11436","pid_11436_luid_0x00000000_0x0000e366_phys_0_eng_9_engtype_","utilization percentage","0"
"31.75","11436","pid_11436_luid_0x00000000_0x0000e366_phys_0","dedicated usage","0"
"31.75","11436","pid_11436_luid_0x00000000_0x0000e366_phys_0","shared usage","81387520"
"31.77","8656","pid_8656_luid_0x00000000_0x0000e366_phys_0_eng_0_engtype_3d","utilization percentage","28.5321375960235"
"31.77","8656","pid_8656_luid_0x00000000_0x0000e366_phys_0_eng_10_engtype_legacyoverlay","utilization percentage","0"
"31.77","8656","pid_8656_luid_0x00000000_0x0000e366_phys_0_eng_11_engtype_","utilization percentage","0"
"31.77","8656","pid_8656_luid_0x00000000_0x0000e366_phys_0_eng_12_engtype_","utilization percentage","0"
"31.77","8656","pid_8656_luid_0x00000000_0x0000e366_phys_0_eng_1_engtype_videodecode","utilization percentage","4.25748863240435"
"31.77","8656","pid_8656_luid_0x00000000_0x0000e366_phys_0_eng_2_engtype_copy","utilization percentage","0"
"31.77","8656","pid_8656_luid_0x00000000_0x0000e366_phys_0_eng_3_engtype_videoprocessing","utilization percentage","0"
"31.77","8656","pid_8656_luid_0x00000000_0x0000e366_phys_0_eng_4_engtype_videodecode","utilization percentage","0"
"31.77","8656","pid_8656_luid_0x00000000_0x0000e366_phys_0_eng_5_engtype_","utilization percentage","0"
"31.77","8656","pid_8656_luid_0x00000000_0x0000e366_phys_0_eng_6_engtype_","utilization percentage","0"
"31.77","8656","pid_8656_luid_0x00000000_0x0000e366_phys_0_eng_7_engtype_","utilization percentage","0"
"31.77","8656","pid_8656_luid_0x00000000_0x0000e366_phys_0_eng_8_engtype_","utilization percentage","0"
"31.77","8656","pid_8656_luid_0x00000000_0x0000e366_phys_0_eng_9_engtype_","utilization percentage","0"
"31.77","8656","pid_8656_luid_0x00000000_0x0000e366_phys_0","dedicated usage","0"
"31.77","8656","pid_8656_luid_0x00000000_0x0000e366_phys_0","shared usage","396800000"
"31.799","11404","pid_11404_luid_0x00000000_0x0000e366_phys_0_eng_0_engtype_3d","utilization percentage","28.9990974909735"
"31.799","11404","pid_11404_luid_0x00000000_0x0000e366_phys_0_eng_10_engtype_legacyoverlay","utilization percentage","0"
"31.799","11404","pid_11404_luid_0x00000000_0x0000e366_phys_0_eng_11_engtype_","utilization percentage","0"
"31.799","11404","pid_11404_luid_0x00000000_0x0000e366_phys_0_eng_12_engtype_","utilization percentage","0"
"31.799","11404","pid_11404_luid_0x00000000_0x0000e366_phys_0_eng_1_engtype_videodecode","utilization percentage","4.66146187380983"
"31.799","11404","pid_11404_luid_0x00000000_0x0000e366_phys_0_eng_2_engtype_copy","utilization percentage","0"
"31.799","11404","pid_11404_luid_0x00000000_0x0000e366_phys_0_eng_3_engtype_videoprocessing","utilization percentage","0"
"31.799","11404","pid_11404_luid_0x00000000_0x0000e366_phys_0_eng_4_engtype_videodecode","utilization percentage","0"
"31.799","11404","pid_11404_luid_0x00000000_0x0000e366_phys_0_eng_5_engtype_","utilization percentage","0"
"31.799","11404","pid_11404_luid_0x00000000_0x0000e366_phys_0_eng_6_engtype_","utilization percentage","0"
"31.799","11404","pid_11404_luid_0x00000000_0x0000e366_phys_0_eng_7_engtype_","utilization percentage","0"
"31.799","11404","pid_11404_luid_0x00000000_0x0000e366_phys_0_eng_8_engtype_","utilization percentage","0"
"31.799","11404","pid_11404_luid_0x00000000_0x0000e366_phys_0_eng_9_engtype_","utilization percentage","0"
"31.799","11404","pid_11404_luid_0x00000000_0x0000e366_phys_0","dedicated usage","0"
"31.799","11404","pid_11404_luid_0x00000000_0x0000e366_phys_0","shared usage","394911744"
"32.836","11436","pid_11436_luid_0x00000000_0x0000e366_phys_0_eng_0_engtype_3d","utilization percentage","3.51362879288572"
"32.836","11436","pid_11436_luid_0x00000000_0x0000e366_phys_0_eng_10_engtype_legacyoverlay","utilization percentage","0"
"32.836","11436","pid_11436_luid_0x00000000_0x0000e366_phys_0_eng_11_engtype_","utilization percentage","0"
"32.836","11436","pid_11436_luid_0x00000000_0x0000e366_phys_0_eng_12_engtype_","utilization percentage","0"
"32.836","11436","pid_11436_luid_0x00000000_0x0000e366_phys_0_eng_1_engtype_videodecode","utilization percentage","0.899971306251549"
"32.836","11436","pid_11436_luid_0x00000000_0x0000e366_phys_0_eng_2_engtype_copy","utilization percentage","0"
"32.836","11436","pid_11436_luid_0x00000000_0x0000e366_phys_0_eng_3_engtype_videoprocessing","utilization percentage","0"
"32.836","11436","pid_11436_luid_0x00000000_0x0000e366_phys_0_eng_4_engtype_videodecode","utilization percentage","0"
"32.836","11436","pid_11436_luid_0x00000000_0x0000e366_phys_0_eng_5_engtype_","utilization percentage","0"
"32.836","11436","pid_11436_luid_0x00000000_0x0000e366_phys_0_eng_6_engtype_","utilization percentage","0"
"32.836","11436","pid_11436_luid_0x00000000_0x0000e366_phys_0_eng_7_engtype_","utilization percentage","0"
"32.836","11436","pid_11436_luid_0x00000000_0x0000e366_phys_0_eng_8_engtype_","utilization percentage","0"
"32.836","11436","pid_11436_luid_0x00000000_0x0000e366_phys_0_eng_9_engtype_","utilization percentage","0"
"32.836","11436","pid_11436_luid_0x00000000_0x0000e366_phys_0","dedicated usage","0"
"32.836","11436","pid_11436_luid_0x00000000_0x0000e366_phys_0","shared usage","81387520"
"32.847","8656","pid_8656_luid_0x00000000_0x0000e366_phys_0_eng_0_engtype_3d","utilization percentage","28.1873664892424"
"32.847","8656","pid_8656_luid_0x00000000_0x0000e366_phys_0_eng_10_engtype_legacyoverlay","utilization percentage","0"
"32.847","8656","pid_8656_luid_0x00000000_0x0000e366_phys_0_eng_11_engtype_","utilization percentage","0"
"32.847","8656","pid_8656_luid_0x00000000_0x0000e366_phys_0_eng_12_engtype_","utilization percentage","0"
"32.847","8656","pid_8656_luid_0x00000000_0x0000e366_phys_0_eng_1_engtype_videodecode","utilization percentage","4.23771258453223"
"32.847","8656","pid_8656_luid_0x00000000_0x0000e366_phys_0_eng_2_engtype_copy","utilization percentage","0"
"32.847","8656","pid_8656_luid_0x00000000_0x0000e366_phys_0_eng_3_engtype_videoprocessing","utilization percentage","0"
"32.847","8656","pid_8656_luid_0x00000000_0x0000e366_phys_0_eng_4_engtype_videodecode","utilization percentage","0"
"32.847","8656","pid_8656_luid_0x00000000_0x0000e366_phys_0_eng_5_engtype_","utilization percentage","0"
"32.847","8656","pid_8656_luid_0x00000000_0x0000e366_phys_0_eng_6_engtype_","utilization percentage","0"
"32.847","8656","pid_8656_luid_0x00000000_0x0000e366_phys_0_eng_7_engtype_","utilization percentage","0"
"32.847","8656","pid_8656_luid_0x00000000_0x0000e366_phys_0_eng_8_engtype_","utilization percentage","0"
"32.847","8656","pid_8656_luid_0x00000000_0x0000e366_phys_0_eng_9_engtype_","utilization percentage","0"
"32.847","8656","pid_8656_luid_0x00000000_0x0000e366_phys_0","dedicated usage","0"
"32.847","8656","pid_8656_luid_0x00000000_0x0000e366_phys_0","shared usage","396800000"
"32.877","11404","pid_11404_luid_0x00000000_0x0000e366_phys_0_eng_0_engtype_3d","utilization percentage","29.0069823913326"
"32.877","11404","pid_11404_luid_0x00000000_0x0000e366_phys_0_eng_10_engtype_legacyoverlay","utilization percentage","0"
"32.877","11404","pid_11404_luid_0x00000000_0x0000e366_phys_0_eng_11_engtype_","utilization percentage","0"
"32.877","11404","pid_11404_luid_0x00000000_0x0000e366_phys_0_eng_12_engtype_","utilization percentage","0"
"32.877","11404","pid_11404_luid_0x00000000_0x0000e366_phys_0_eng_1_engtype_videodecode","utilization percentage","4.90060087217193"
"32.877","11404","pid_11404_luid_0x00000000_0x0000e366_phys_0_eng_2_engtype_copy","utilization percentage","0"
"32.877","11404","pid_11404_luid_0x00000000_0x0000e366_phys_0_eng_3_engtype_videoprocessing","utilization percentage","0"
"32.877","11404","pid_11404_luid_0x00000000_0x0000e366_phys_0_eng_4_engtype_videodecode","utilization percentage","0"
"32.877","11404","pid_11404_luid_0x00000000_0x0000e366_phys_0_eng_5_engtype_","utilization percentage","0"
"32.877","11404","pid_11404_luid_0x00000000_0x0000e366_phys_0_eng_6_engtype_","utilization percentage","0"
"32.877","11404","pid_11404_luid_0x00000000_0x0000e366_phys_0_eng_7_engtype_","utilization percentage","0"
"32.877","11404","pid_11404_luid_0x00000000_0x0000e366_phys_0_eng_8_engtype_","utilization percentage","0"
"32.877","11404","pid_11404_luid_0x00000000_0x0000e366_phys_0_eng_9_engtype_","utilization percentage","0"
"32.877","11404","pid_11404_luid_0x00000000_0x0000e366_phys_0","dedicated usage","0"
"32.877","11404","pid_11404_luid_0x00000000_0x0000e366_phys_0","shared usage","397598720"
"33.919","11436","pid_11436_luid_0x00000000_0x0000e366_phys_0_eng_0_engtype_3d","utilization percentage","3.51282661779281"
"33.919","11436","pid_11436_luid_0x00000000_0x0000e366_phys_0_eng_10_engtype_legacyoverlay","utilization percentage","0"
"33.919","11436","pid_11436_luid_0x00000000_0x0000e366_phys_0_eng_11_engtype_","utilization percentage","0"
"33.919","11436","pid_11436_luid_0x00000000_0x0000e366_phys_0_eng_12_engtype_","utilization percentage","0"
"33.919","11436","pid_11436_luid_0x00000000_0x0000e366_phys_0_eng_1_engtype_videodecode","utilization percentage","1.11063430804185"
"33.919","11436","pid_11436_luid_0x00000000_0x0000e366_phys_0_eng_2_engtype_copy","utilization percentage","0"
"33.919","11436","pid_11436_luid_0x00000000_0x0000e366_phys_0_eng_3_engtype_videoprocessing","utilization percentage","0"
"33.919","11436","pid_11436_luid_0x00000000_0x0000e366_phys_0_eng_4_engtype_videodecode","utilization percentage","0"
"33.919","11436","pid_11436_luid_0x00000000_0x0000e366_phys_0_eng_5_engtype_","utilization percentage","0"
"33.919","11436","pid_11436_luid_0x00000000_0x0000e366_phys_0_eng_6_engtype_","utilization percentage","0"
"33.919","11436","pid_11436_luid_0x00000000_0x0000e366_phys_0_eng_7_engtype_","utilization percentage","0"
"33.919","11436","pid_11436_luid_0x00000000_0x0000e366_phys_0_eng_8_engtype_","utilization percentage","0"
"33.919","11436","pid_11436_luid_0x00000000_0x0000e366_phys_0_eng_9_engtype_","utilization percentage","0"
"33.919","11436","pid_11436_luid_0x00000000_0x0000e366_phys_0","dedicated usage","0"
"33.919","11436","pid_11436_luid_0x00000000_0x0000e366_phys_0","shared usage","81387520"
"33.93","8656","pid_8656_luid_0x00000000_0x0000e366_phys_0_eng_0_engtype_3d","utilization percentage","29.5223540659612"
"33.93","8656","pid_8656_luid_0x00000000_0x0000e366_phys_0_eng_10_engtype_legacyoverlay","utilization percentage","0"
"33.93","8656","pid_8656_luid_0x00000000_0x0000e366_phys_0_eng_11_engtype_","utilization percentage","0"
"33.93","8656","pid_8656_luid_0x00000000_0x0000e366_phys_0_eng_12_engtype_","utilization percentage","0"
"33.93","8656","pid_8656_luid_0x00000000_0x0000e366_phys_0_eng_1_engtype_videodecode","utilization percentage","4.2550521130374"
"33.93","8656","pid_8656_luid_0x00000000_0x0000e366_phys_0_eng_2_engtype_copy","utilization percentage","0"
"33.93","8656","pid_8656_luid_0x00000000_0x0000e366_phys_0_eng_3_engtype_videoprocessing","utilization percentage","0"
"33.93","8656","pid_8656_luid_0x00000000_0x0000e366_phys_0_eng_4_engtype_videodecode","utilization percentage","0"
"33.93","8656","pid_8656_luid_0x00000000_0x0000e366_phys_0_eng_5_engtype_","utilization percentage","0"
"33.93","8656","pid_8656_luid_0x00000000_0x0000e366_phys_0_eng_6_engtype_","utilization percentage","0"
"33.93","8656","pid_8656_luid_0x00000000_0x0000e366_phys_0_eng_7_engtype_","utilization percentage","0"
"33.93","8656","pid_8656_luid_0x00000000_0x0000e366_phys_0_eng_8_engtype_","utilization percentage","0"
"33.93","8656","pid_8656_luid_0x00000000_0x0000e366_phys_0_eng_9_engtype_","utilization percentage","0"
"33.93","8656","pid_8656_luid_0x00000000_0x0000e366_phys_0","dedicated usage","0"
"33.93","8656","pid_8656_luid_0x00000000_0x0000e366_phys_0","shared usage","402182144"
"33.94","11404","pid_11404_luid_0x00000000_0x0000e366_phys_0_eng_0_engtype_3d","utilization percentage","29.8840537981517"
"33.94","11404","pid_11404_luid_0x00000000_0x0000e366_phys_0_eng_10_engtype_legacyoverlay","utilization percentage","0"
"33.94","11404","pid_11404_luid_0x00000000_0x0000e366_phys_0_eng_11_engtype_","utilization percentage","0"
"33.94","11404","pid_11404_luid_0x00000000_0x0000e366_phys_0_eng_12_engtype_","utilization percentage","0"
"33.94","11404","pid_11404_luid_0x00000000_0x0000e366_phys_0_eng_1_engtype_videodecode","utilization percentage","4.81820883236158"
"33.94","11404","pid_11404_luid_0x00000000_0x0000e366_phys_0_eng_2_engtype_copy","utilization percentage","0"
"33.94","11404","pid_11404_luid_0x00000000_0x0000e366_phys_0_eng_3_engtype_videoprocessing","utilization percentage","0"
"33.94","11404","pid_11404_luid_0x00000000_0x0000e366_phys_0_eng_4_engtype_videodecode","utilization percentage","0"
"33.94","11404","pid_11404_luid_0x00000000_0x0000e366_phys_0_eng_5_engtype_","utilization percentage","0"
"33.94","11404","pid_11404_luid_0x00000000_0x0000e366_phys_0_eng_6_engtype_","utilization percentage","0"
"33.94","11404","pid_11404_luid_0x00000000_0x0000e366_phys_0_eng_7_engtype_","utilization percentage","0"
"33.94","11404","pid_11404_luid_0x00000000_0x0000e366_phys_0_eng_8_engtype_","utilization percentage","0"
"33.94","11404","pid_11404_luid_0x00000000_0x0000e366_phys_0_eng_9_engtype_","utilization percentage","0"
"33.94","11404","pid_11404_luid_0x00000000_0x0000e366_phys_0","dedicated usage","0"
"33.94","11404","pid_11404_luid_0x00000000_0x0000e366_phys_0","shared usage","400289792"
"34.97","11436","pid_11436_luid_0x00000000_0x0000e366_phys_0_eng_0_engtype_3d","utilization percentage","3.54792165770318"
"34.97","11436","pid_11436_luid_0x00000000_0x0000e366_phys_0_eng_10_engtype_legacyoverlay","utilization percentage","0"
"34.97","11436","pid_11436_luid_0x00000000_0x0000e366_phys_0_eng_11_engtype_","utilization percentage","0"
"34.97","11436","pid_11436_luid_0x00000000_0x0000e366_phys_0_eng_12_engtype_","utilization percentage","0"
"34.97","11436","pid_11436_luid_0x00000000_0x0000e366_phys_0_eng_1_engtype_videodecode","utilization percentage","1.31723400744876"
"34.97","11436","pid_11436_luid_0x00000000_0x0000e366_phys_0_eng_2_engtype_copy","utilization percentage","0"
"34.97","11436","pid_11436_luid_0x00000000_0x0000e366_phys_0_eng_3_engtype_videoprocessing","utilization percentage","0"
"34.97","11436","pid_11436_luid_0x00000000_0x0000e366_phys_0_eng_4_engtype_videodecode","utilization percentage","0"
"34.97","11436","pid_11436_luid_0x00000000_0x0000e366_phys_0_eng_5_engtype_","utilization percentage","0"
"34.97","11436","pid_11436_luid_0x00000000_0x0000e366_phys_0_eng_6_engtype_","utilization percentage","0"
"34.97","11436","pid_11436_luid_0x00000000_0x0000e366_phys_0_eng_7_engtype_","utilization percentage","0"
"34.97","11436","pid_11436_luid_0x00000000_0x0000e366_phys_0_eng_8_engtype_","utilization percentage","0"
"34.97","11436","pid_11436_luid_0x00000000_0x0000e366_phys_0_eng_9_engtype_","utilization percentage","0"
"34.97","11436","pid_11436_luid_0x00000000_0x0000e366_phys_0","dedicated usage","0"
"34.97","11436","pid_11436_luid_0x00000000_0x0000e366_phys_0","shared usage","81387520"
"35","8656","pid_8656_luid_0x00000000_0x0000e366_phys_0_eng_0_engtype_3d","utilization percentage","27.7293187210184"
"35","8656","pid_8656_luid_0x00000000_0x0000e366_phys_0_eng_10_engtype_legacyoverlay","utilization percentage","0"
"35","8656","pid_8656_luid_0x00000000_0x0000e366_phys_0_eng_11_engtype_","utilization percentage","0"
"35","8656","pid_8656_luid_0x00000000_0x0000e366_phys_0_eng_12_engtype_","utilization percentage","0"
"35","8656","pid_8656_luid_0x00000000_0x0000e366_phys_0_eng_1_engtype_videodecode","utilization percentage","4.2383331776038"
"35","8656","pid_8656_luid_0x00000000_0x0000e366_phys_0_eng_2_engtype_copy","utilization percentage","0"
"35","8656","pid_8656_luid_0x00000000_0x0000e366_phys_0_eng_3_engtype_videoprocessing","utilization percentage","0"
"35","8656","pid_8656_luid_0x00000000_0x0000e366_phys_0_eng_4_engtype_videodecode","utilization percentage","0"
"35","8656","pid_8656_luid_0x00000000_0x0000e366_phys_0_eng_5_engtype_","utilization percentage","0"
"35","8656","pid_8656_luid_0x00000000_0x0000e366_phys_0_eng_6_engtype_","utilization percentage","0"
"35","8656","pid_8656_luid_0x00000000_0x0000e366_phys_0_eng_7_engtype_","utilization percentage","0"
"35","8656","pid_8656_luid_0x00000000_0x0000e366_phys_0_eng_8_engtype_","utilization percentage","0"
"35","8656","pid_8656_luid_0x00000000_0x0000e366_phys_0_eng_9_engtype_","utilization percentage","0"
"35","8656","pid_8656_luid_0x00000000_0x0000e366_phys_0","dedicated usage","0"
"35","8656","pid_8656_luid_0x00000000_0x0000e366_phys_0","shared usage","396800000"
"35.03","11404","pid_11404_luid_0x00000000_0x0000e366_phys_0_eng_0_engtype_3d","utilization percentage","28.4401875833637"
"35.03","11404","pid_11404_luid_0x00000000_0x0000e366_phys_0_eng_10_engtype_legacyoverlay","utilization percentage","0"
"35.03","11404","pid_11404_luid_0x00000000_0x0000e366_phys_0_eng_11_engtype_","utilization percentage","0"
"35.03","11404","pid_11404_luid_0x00000000_0x0000e366_phys_0_eng_12_engtype_","utilization percentage","0"
"35.03","11404","pid_11404_luid_0x00000000_0x0000e366_phys_0_eng_1_engtype_videodecode","utilization percentage","4.64066725571126"
"35.03","11404","pid_11404_luid_0x00000000_0x0000e366_phys_0_eng_2_engtype_copy","utilization percentage","0"
"35.03","11404","pid_11404_luid_0x00000000_0x0000e366_phys_0_eng_3_engtype_videoprocessing","utilization percentage","0"
"35.03","11404","pid_11404_luid_0x00000000_0x0000e366_phys_0_eng_4_engtype_videodecode","utilization percentage","0"
"35.03","11404","pid_11404_luid_0x00000000_0x0000e366_phys_0_eng_5_engtype_","utilization percentage","0"
"35.03","11404","pid_11404_luid_0x00000000_0x0000e366_phys_0_eng_6_engtype_","utilization percentage","0"
"35.03","11404","pid_11404_luid_0x00000000_0x0000e366_phys_0_eng_7_engtype_","utilization percentage","0"
"35.03","11404","pid_11404_luid_0x00000000_0x0000e366_phys_0_eng_8_engtype_","utilization percentage","0"
"35.03","11404","pid_11404_luid_0x00000000_0x0000e366_phys_0_eng_9_engtype_","utilization percentage","0"
"35.03","11404","pid_11404_luid_0x00000000_0x0000e366_phys_0","dedicated usage","0"
"35.03","11404","pid_11404_luid_0x00000000_0x0000e366_phys_0","shared usage","394903552"
"36.066","11436","pid_11436_luid_0x00000000_0x0000e366_phys_0_eng_0_engtype_3d","utilization percentage","3.72643218953509"
"36.066","11436","pid_11436_luid_0x00000000_0x0000e366_phys_0_eng_10_engtype_legacyoverlay","utilization percentage","0"
"36.066","11436","pid_11436_luid_0x00000000_0x0000e366_phys_0_eng_11_engtype_","utilization percentage","0"
"36.066","11436","pid_11436_luid_0x00000000_0x0000e366_phys_0_eng_12_engtype_","utilization percentage","0"
"36.066","11436","pid_11436_luid_0x00000000_0x0000e366_phys_0_eng_1_engtype_videodecode","utilization percentage","1.48122298153533"
"36.066","11436","pid_11436_luid_0x00000000_0x0000e366_phys_0_eng_2_engtype_copy","utilization percentage","0"
"36.066","11436","pid_11436_luid_0x00000000_0x0000e366_phys_0_eng_3_engtype_videoprocessing","utilization percentage","0"
"36.066","11436","pid_11436_luid_0x00000000_0x0000e366_phys_0_eng_4_engtype_videodecode","utilization percentage","0"
"36.066","11436","pid_11436_luid_0x00000000_0x0000e366_phys_0_eng_5_engtype_","utilization percentage","0"
"36.066","11436","pid_11436_luid_0x00000000_0x0000e366_phys_0_eng_6_engtype_","utilization percentage","0"
"36.066","11436","pid_11436_luid_0x00000000_0x0000e366_phys_0_eng_7_engtype_","utilization percentage","0"
"36.066","11436","pid_11436_luid_0x00000000_0x0000e366_phys_0_eng_8_engtype_","utilization percentage","0"
"36.066","11436","pid_11436_luid_0x00000000_0x0000e366_phys_0_eng_9_engtype_","utilization percentage","0"
"36.066","11436","pid_11436_luid_0x00000000_0x0000e366_phys_0","dedicated usage","0"
"36.066","11436","pid_11436_luid_0x00000000_0x0000e366_phys_0","shared usage","81387520"
"36.091","8656","pid_8656_luid_0x00000000_0x0000e366_phys_0_eng_0_engtype_3d","utilization percentage","23.5134111631556"
"36.091","8656","pid_8656_luid_0x00000000_0x0000e366_phys_0_eng_10_engtype_legacyoverlay","utilization percentage","0"
"36.091","8656","pid_8656_luid_0x00000000_0x0000e366_phys_0_eng_11_engtype_","utilization percentage","0"
"36.091","8656","pid_8656_luid_0x00000000_0x0000e366_phys_0_eng_12_engtype_","utilization percentage","0"
"36.091","8656","pid_8656_luid_0x00000000_0x0000e366_phys_0_eng_1_engtype_videodecode","utilization percentage","4.09109086946792"
"36.091","8656","pid_8656_luid_0x00000000_0x0000e366_phys_0_eng_2_engtype_copy","utilization percentage","0"
"36.091","8656","pid_8656_luid_0x00000000_0x0000e366_phys_0_eng_3_engtype_videoprocessing","utilization percentage","0"
"36.091","8656","pid_8656_luid_0x00000000_0x0000e366_phys_0_eng_4_engtype_videodecode","utilization percentage","0"
"36.091","8656","pid_8656_luid_0x00000000_0x0000e366_phys_0_eng_5_engtype_","utilization percentage","0"
"36.091","8656","pid_8656_luid_0x00000000_0x0000e366_phys_0_eng_6_engtype_","utilization percentage","0"
"36.091","8656","pid_8656_luid_0x00000000_0x0000e366_phys_0_eng_7_engtype_","utilization percentage","0"
"36.091","8656","pid_8656_luid_0x00000000_0x0000e366_phys_0_eng_8_engtype_","utilization percentage","0"
"36.091","8656","pid_8656_luid_0x00000000_0x0000e366_phys_0_eng_9_engtype_","utilization percentage","0"
"36.091","8656","pid_8656_luid_0x00000000_0x0000e366_phys_0","dedicated usage","0"
"36.091","8656","pid_8656_luid_0x00000000_0x0000e366_phys_0","shared usage","396800000"
"36.118","11404","pid_11404_luid_0x00000000_0x0000e366_phys_0_eng_0_engtype_3d","utilization percentage","24.9757496262191"
"36.118","11404","pid_11404_luid_0x00000000_0x0000e366_phys_0_eng_10_engtype_legacyoverlay","utilization percentage","0"
"36.118","11404","pid_11404_luid_0x00000000_0x0000e366_phys_0_eng_11_engtype_","utilization percentage","0"
"36.118","11404","pid_11404_luid_0x00000000_0x0000e366_phys_0_eng_12_engtype_","utilization percentage","0"
"36.118","11404","pid_11404_luid_0x00000000_0x0000e366_phys_0_eng_1_engtype_videodecode","utilization percentage","4.85679636444213"
"36.118","11404","pid_11404_luid_0x00000000_0x0000e366_phys_0_eng_2_engtype_copy","utilization percentage","0"
"36.118","11404","pid_11404_luid_0x00000000_0x0000e366_phys_0_eng_3_engtype_videoprocessing","utilization percentage","0"
"36.118","11404","pid_11404_luid_0x00000000_0x0000e366_phys_0_eng_4_engtype_videodecode","utilization percentage","0"
"36.118","11404","pid_11404_luid_0x00000000_0x0000e366_phys_0_eng_5_engtype_","utilization percentage","0"
"36.118","11404","pid_11404_luid_0x00000000_0x0000e366_phys_0_eng_6_engtype_","utilization percentage","0"
"36.118","11404","pid_11404_luid_0x00000000_0x0000e366_phys_0_eng_7_engtype_","utilization percentage","0"
"36.118","11404","pid_11404_luid_0x00000000_0x0000e366_phys_0_eng_8_engtype_","utilization percentage","0"
"36.118","11404","pid_11404_luid_0x00000000_0x0000e366_phys_0_eng_9_engtype_","utilization percentage","0"
"36.118","11404","pid_11404_luid_0x00000000_0x0000e366_phys_0","dedicated usage","0"
"36.118","11404","pid_11404_luid_0x00000000_0x0000e366_phys_0","shared usage","394911744"
"37.146","11436","pid_11436_luid_0x00000000_0x0000e366_phys_0_eng_0_engtype_3d","utilization percentage","3.31790637446942"
"37.146","11436","pid_11436_luid_0x00000000_0x0000e366_phys_0_eng_10_engtype_legacyoverlay","utilization percentage","0"
"37.146","11436","pid_11436_luid_0x00000000_0x0000e366_phys_0_eng_11_engtype_","utilization percentage","0"
"37.146","11436","pid_11436_luid_0x00000000_0x0000e366_phys_0_eng_12_engtype_","utilization percentage","0"
"37.146","11436","pid_11436_luid_0x00000000_0x0000e366_phys_0_eng_1_engtype_videodecode","utilization percentage","1.46439851906369"
"37.146","11436","pid_11436_luid_0x00000000_0x0000e366_phys_0_eng_2_engtype_copy","utilization percentage","0"
"37.146","11436","pid_11436_luid_0x00000000_0x0000e366_phys_0_eng_3_engtype_videoprocessing","utilization percentage","0"
"37.146","11436","pid_11436_luid_0x00000000_0x0000e366_phys_0_eng_4_engtype_videodecode","utilization percentage","0"
"37.146","11436","pid_11436_luid_0x00000000_0x0000e366_phys_0_eng_5_engtype_","utilization percentage","0"
"37.146","11436","pid_11436_luid_0x00000000_0x0000e366_phys_0_eng_6_engtype_","utilization percentage","0"
"37.146","11436","pid_11436_luid_0x00000000_0x0000e366_phys_0_eng_7_engtype_","utilization percentage","0"
"37.146","11436","pid_11436_luid_0x00000000_0x0000e366_phys_0_eng_8_engtype_","utilization percentage","0"
"37.146","11436","pid_11436_luid_0x00000000_0x0000e366_phys_0_eng_9_engtype_","utilization percentage","0"
"37.146","11436","pid_11436_luid_0x00000000_0x0000e366_phys_0","dedicated usage","0"
"37.146","11436","pid_11436_luid_0x00000000_0x0000e366_phys_0","shared usage","81387520"
"37.16","8656","pid_8656_luid_0x00000000_0x0000e366_phys_0_eng_0_engtype_3d","utilization percentage","21.1052918814309"
"37.16","8656","pid_8656_luid_0x00000000_0x0000e366_phys_0_eng_10_engtype_legacyoverlay","utilization percentage","0"
"37.16","8656","pid_8656_luid_0x00000000_0x0000e366_phys_0_eng_11_engtype_","utilization percentage","0"
"37.16","8656","pid_8656_luid_0x00000000_0x0000e366_phys_0_eng_12_engtype_","utilization percentage","0"
"37.16","8656","pid_8656_luid_0x00000000_0x0000e366_phys_0_eng_1_engtype_videodecode","utilization percentage","4.58621655289004"
"37.16","8656","pid_8656_luid_0x00000000_0x0000e366_phys_0_eng_2_engtype_copy","utilization percentage","0"
"37.16","8656","pid_8656_luid_0x00000000_0x0000e366_phys_0_eng_3_engtype_videoprocessing","utilization percentage","0"
"37.16","8656","pid_8656_luid_0x00000000_0x0000e366_phys_0_eng_4_engtype_videodecode","utilization percentage","0"
"37.16","8656","pid_8656_luid_0x00000000_0x0000e366_phys_0_eng_5_engtype_","utilization percentage","0"
"37.16","8656","pid_8656_luid_0x00000000_0x0000e366_phys_0_eng_6_engtype_","utilization percentage","0"
"37.16","8656","pid_8656_luid_0x00000000_0x0000e366_phys_0_eng_7_engtype_","utilization percentage","0"
"37.16","8656","pid_8656_luid_0x00000000_0x0000e366_phys_0_eng_8_engtype_","utilization percentage","0"
"37.16","8656","pid_8656_luid_0x00000000_0x0000e366_phys_0_eng_9_engtype_","utilization percentage","0"
"37.16","8656","pid_8656_luid_0x00000000_0x0000e366_phys_0","dedicated usage","0"
"37.16","8656","pid_8656_luid_0x00000000_0x0000e366_phys_0","shared usage","402182144"
"37.192","11404","pid_11404_luid_0x00000000_0x0000e366_phys_0_eng_0_engtype_3d","utilization percentage","21.3549294127245"
"37.192","11404","pid_11404_luid_0x00000000_0x0000e366_phys_0_eng_10_engtype_legacyoverlay","utilization percentage","0"
"37.192","11404","pid_11404_luid_0x00000000_0x0000e366_phys_0_eng_11_engtype_","utilization percentage","0"
"37.192","11404","pid_11404_luid_0x00000000_0x0000e366_phys_0_eng_12_engtype_","utilization percentage","0"
"37.192","11404","pid_11404_luid_0x00000000_0x0000e366_phys_0_eng_1_engtype_videodecode","utilization percentage","4.94793228152351"
"37.192","11404","pid_11404_luid_0x00000000_0x0000e366_phys_0_eng_2_engtype_copy","utilization percentage","0"
"37.192","11404","pid_11404_luid_0x00000000_0x0000e366_phys_0_eng_3_engtype_videoprocessing","utilization percentage","0"
"37.192","11404","pid_11404_luid_0x00000000_0x0000e366_phys_0_eng_4_engtype_videodecode","utilization percentage","0"
"37.192","11404","pid_11404_luid_0x00000000_0x0000e366_phys_0_eng_5_engtype_","utilization percentage","0"
"37.192","11404","pid_11404_luid_0x00000000_0x0000e366_phys_0_eng_6_engtype_","utilization percentage","0"
"37.192","11404","pid_11404_luid_0x00000000_0x0000e366_phys_0_eng_7_engtype_","utilization percentage","0"
"37.192","11404","pid_11404_luid_0x00000000_0x0000e366_phys_0_eng_8_engtype_","utilization percentage","0"
"37.192","11404","pid_11404_luid_0x00000000_0x0000e366_phys_0_eng_9_engtype_","utilization percentage","0"
"37.192","11404","pid_11404_luid_0x00000000_0x0000e366_phys_0","dedicated usage","0"
"37.192","11404","pid_11404_luid_0x00000000_0x0000e366_phys_0","shared usage","394911744"
"38.227","11436","pid_11436_luid_0x00000000_0x0000e366_phys_0_eng_0_engtype_3d","utilization percentage","3.55163635097142"
"38.227","11436","pid_11436_luid_0x00000000_0x0000e366_phys_0_eng_10_engtype_legacyoverlay","utilization percentage","0"
"38.227","11436","pid_11436_luid_0x00000000_0x0000e366_phys_0_eng_11_engtype_","utilization percentage","0"
"38.227","11436","pid_11436_luid_0x00000000_0x0000e366_phys_0_eng_12_engtype_","utilization percentage","0"
"38.227","11436","pid_11436_luid_0x00000000_0x0000e366_phys_0_eng_1_engtype_videodecode","utilization percentage","1.3697733029213"
"38.227","11436","pid_11436_luid_0x00000000_0x0000e366_phys_0_eng_2_engtype_copy","utilization percentage","0"
"38.227","11436","pid_11436_luid_0x00000000_0x0000e366_phys_0_eng_3_engtype_videoprocessing","utilization percentage","0"
"38.227","11436","pid_11436_luid_0x00000000_0x0000e366_phys_0_eng_4_engtype_videodecode","utilization percentage","0"
"38.227","11436","pid_11436_luid_0x00000000_0x0000e366_phys_0_eng_5_engtype_","utilization percentage","0"
"38.227","11436","pid_11436_luid_0x00000000_0x0000e366_phys_0_eng_6_engtype_","utilization percentage","0"
"38.227","11436","pid_11436_luid_0x00000000_0x0000e366_phys_0_eng_7_engtype_","utilization percentage","0"
"38.227","11436","pid_11436_luid_0x00000000_0x0000e366_phys_0_eng_8_engtype_","utilization percentage","0"
"38.227","11436","pid_11436_luid_0x00000000_0x0000e366_phys_0_eng_9_engtype_","utilization percentage","0"
"38.227","11436","pid_11436_luid_0x00000000_0x0000e366_phys_0","dedicated usage","0"
"38.227","11436","pid_11436_luid_0x00000000_0x0000e366_phys_0","shared usage","81387520"
"38.245","8656","pid_8656_luid_0x00000000_0x0000e366_phys_0_eng_0_engtype_3d","utilization percentage","22.9717625342172"
"38.245","8656","pid_8656_luid_0x00000000_0x0000e366_phys_0_eng_10_engtype_legacyoverlay","utilization percentage","0"
"38.245","8656","pid_8656_luid_0x00000000_0x0000e366_phys_0_eng_11_engtype_","utilization percentage","0"
"38.245","8656","pid_8656_luid_0x00000000_0x0000e366_phys_0_eng_12_engtype_","utilization percentage","0"
"38.245","8656","pid_8656_luid_0x00000000_0x0000e366_phys_0_eng_1_engtype_videodecode","utilization percentage","4.17994969862153"
"38.245","8656","pid_8656_luid_0x00000000_0x0000e366_phys_0_eng_2_engtype_copy","utilization percentage","0"
"38.245","8656","pid_8656_luid_0x00000000_0x0000e366_phys_0_eng_3_engtype_videoprocessing","utilization percentage","0"
"38.245","8656","pid_8656_luid_0x00000000_0x0000e366_phys_0_eng_4_engtype_videodecode","utilization percentage","0"
"38.245","8656","pid_8656_luid_0x00000000_0x0000e366_phys_0_eng_5_engtype_","utilization percentage","0"
"38.245","8656","pid_8656_luid_0x00000000_0x0000e366_phys_0_eng_6_engtype_","utilization percentage","0"
"38.245","8656","pid_8656_luid_0x00000000_0x0000e366_phys_0_eng_7_engtype_","utilization percentage","0"
"38.245","8656","pid_8656_luid_0x00000000_0x0000e366_phys_0_eng_8_engtype_","utilization percentage","0"
"38.245","8656","pid_8656_luid_0x00000000_0x0000e366_phys_0_eng_9_engtype_","utilization percentage","0"
"38.245","8656","pid_8656_luid_0x00000000_0x0000e366_phys_0","dedicated usage","0"
"38.245","8656","pid_8656_luid_0x00000000_0x0000e366_phys_0","shared usage","396800000"
"38.273","11404","pid_11404_luid_0x00000000_0x0000e366_phys_0_eng_0_engtype_3d","utilization percentage","24.150071213354"
"38.273","11404","pid_11404_luid_0x00000000_0x0000e366_phys_0_eng_10_engtype_legacyoverlay","utilization percentage","0"
"38.273","11404","pid_11404_luid_0x00000000_0x0000e366_phys_0_eng_11_engtype_","utilization percentage","0"
"38.273","11404","pid_11404_luid_0x00000000_0x0000e366_phys_0_eng_12_engtype_","utilization percentage","0"
"38.273","11404","pid_11404_luid_0x00000000_0x0000e366_phys_0_eng_1_engtype_videodecode","utilization percentage","4.96616809908512"
"38.273","11404","pid_11404_luid_0x00000000_0x0000e366_phys_0_eng_2_engtype_copy","utilization percentage","0"
"38.273","11404","pid_11404_luid_0x00000000_0x0000e366_phys_0_eng_3_engtype_videoprocessing","utilization percentage","0"
"38.273","11404","pid_11404_luid_0x00000000_0x0000e366_phys_0_eng_4_engtype_videodecode","utilization percentage","0"
"38.273","11404","pid_11404_luid_0x00000000_0x0000e366_phys_0_eng_5_engtype_","utilization percentage","0"
"38.273","11404","pid_11404_luid_0x00000000_0x0000e366_phys_0_eng_6_engtype_","utilization percentage","0"
"38.273","11404","pid_11404_luid_0x00000000_0x0000e366_phys_0_eng_7_engtype_","utilization percentage","0"
"38.273","11404","pid_11404_luid_0x00000000_0x0000e366_phys_0_eng_8_engtype_","utilization percentage","0"
"38.273","11404","pid_11404_luid_0x00000000_0x0000e366_phys_0_eng_9_engtype_","utilization percentage","0"
"38.273","11404","pid_11404_luid_0x00000000_0x0000e366_phys_0","dedicated usage","0"
"38.273","11404","pid_11404_luid_0x00000000_0x0000e366_phys_0","shared usage","394903552"
"39.3","11436","pid_11436_luid_0x00000000_0x0000e366_phys_0_eng_0_engtype_3d","utilization percentage","3.86313159665968"
"39.3","11436","pid_11436_luid_0x00000000_0x0000e366_phys_0_eng_10_engtype_legacyoverlay","utilization percentage","0"
"39.3","11436","pid_11436_luid_0x00000000_0x0000e366_phys_0_eng_11_engtype_","utilization percentage","0"
"39.3","11436","pid_11436_luid_0x00000000_0x0000e366_phys_0_eng_12_engtype_","utilization percentage","0"
"39.3","11436","pid_11436_luid_0x00000000_0x0000e366_phys_0_eng_1_engtype_videodecode","utilization percentage","1.39294872176689"
"39.3","11436","pid_11436_luid_0x00000000_0x0000e366_phys_0_eng_2_engtype_copy","utilization percentage","0"
"39.3","11436","pid_11436_luid_0x00000000_0x0000e366_phys_0_eng_3_engtype_videoprocessing","utilization percentage","0"
"39.3","11436","pid_11436_luid_0x00000000_0x0000e366_phys_0_eng_4_engtype_videodecode","utilization percentage","0"
"39.3","11436","pid_11436_luid_0x00000000_0x0000e366_phys_0_eng_5_engtype_","utilization percentage","0"
"39.3","11436","pid_11436_luid_0x00000000_0x0000e366_phys_0_eng_6_engtype_","utilization percentage","0"
"39.3","11436","pid_11436_luid_0x00000000_0x0000e366_phys_0_eng_7_engtype_","utilization percentage","0"
"39.3","11436","pid_11436_luid_0x00000000_0x0000e366_phys_0_eng_8_engtype_","utilization percentage","0"
"39.3","11436","pid_11436_luid_0x00000000_0x0000e366_phys_0_eng_9_engtype_","utilization percentage","0"
"39.3","11436","pid_11436_luid_0x00000000_0x0000e366_phys_0","dedicated usage","0"
"39.3","11436","pid_11436_luid_0x00000000_0x0000e366_phys_0","shared usage","81387520"
"39.326","8656","pid_8656_luid_0x00000000_0x0000e366_phys_0_eng_0_engtype_3d","utilization percentage","27.1154728152101"
"39.326","8656","pid_8656_luid_0x00000000_0x0000e366_phys_0_eng_10_engtype_legacyoverlay","utilization percentage","0"
"39.326","8656","pid_8656_luid_0x00000000_0x0000e366_phys_0_eng_11_engtype_","utilization percentage","0"
"39.326","8656","pid_8656_luid_0x00000000_0x0000e366_phys_0_eng_12_engtype_","utilization percentage","0"
"39.326","8656","pid_8656_luid_0x00000000_0x0000e366_phys_0_eng_1_engtype_videodecode","utilization percentage","4.54997341977985"
"39.326","8656","pid_8656_luid_0x00000000_0x0000e366_phys_0_eng_2_engtype_copy","utilization percentage","0"
"39.326","8656","pid_8656_luid_0x00000000_0x0000e366_phys_0_eng_3_engtype_videoprocessing","utilization percentage","0"
"39.326","8656","pid_8656_luid_0x00000000_0x0000e366_phys_0_eng_4_engtype_videodecode","utilization percentage","0"
"39.326","8656","pid_8656_luid_0x00000000_0x0000e366_phys_0_eng_5_engtype_","utilization percentage","0"
"39.326","8656","pid_8656_luid_0x00000000_0x0000e366_phys_0_eng_6_engtype_","utilization percentage","0"
"39.326","8656","pid_8656_luid_0x00000000_0x0000e366_phys_0_eng_7_engtype_","utilization percentage","0"
"39.326","8656","pid_8656_luid_0x00000000_0x0000e366_phys_0_eng_8_engtype_","utilization percentage","0"
"39.326","8656","pid_8656_luid_0x00000000_0x0000e366_phys_0_eng_9_engtype_","utilization percentage","0"
"39.326","8656","pid_8656_luid_0x00000000_0x0000e366_phys_0","dedicated usage","0"
"39.326","8656","pid_8656_luid_0x00000000_0x0000e366_phys_0","shared usage","396800000"
"39.347","11404","pid_11404_luid_0x00000000_0x0000e366_phys_0_eng_0_engtype_3d","utilization percentage","27.7401172954589"
"39.347","11404","pid_11404_luid_0x00000000_0x0000e366_phys_0_eng_10_engtype_legacyoverlay","utilization percentage","0"
"39.347","11404","pid_11404_luid_0x00000000_0x0000e366_phys_0_eng_11_engtype_","utilization percentage","0"
"39.347","11404","pid_11404_luid_0x00000000_0x0000e366_phys_0_eng_12_engtype_","utilization percentage","0"
"39.347","11404","pid_11404_luid_0x00000000_0x0000e366_phys_0_eng_1_engtype_videodecode","utilization percentage","5.33720769203278"
"39.347","11404","pid_11404_luid_0x00000000_0x0000e366_phys_0_eng_2_engtype_copy","utilization percentage","0"
"39.347","11404","pid_11404_luid_0x00000000_0x0000e366_phys_0_eng_3_engtype_videoprocessing","utilization percentage","0"
"39.347","11404","pid_11404_luid_0x00000000_0x0000e366_phys_0_eng_4_engtype_videodecode","utilization percentage","0"
"39.347","11404","pid_11404_luid_0x00000000_0x0000e366_phys_0_eng_5_engtype_","utilization percentage","0"
"39.347","11404","pid_11404_luid_0x00000000_0x0000e366_phys_0_eng_6_engtype_","utilization percentage","0"
"39.347","11404","pid_11404_luid_0x00000000_0x0000e366_phys_0_eng_7_engtype_","utilization percentage","0"
"39.347","11404","pid_11404_luid_0x00000000_0x0000e366_phys_0_eng_8_engtype_","utilization percentage","0"
"39.347","11404","pid_11404_luid_0x00000000_0x0000e366_phys_0_eng_9_engtype_","utilization percentage","0"
"39.347","11404","pid_11404_luid_0x00000000_0x0000e366_phys_0","dedicated usage","0"
"39.347","11404","pid_11404_luid_0x00000000_0x0000e366_phys_0","shared usage","400289792"
"40.391","11436","pid_11436_luid_0x00000000_0x0000e366_phys_0_eng_0_engtype_3d","utilization percentage","3.49726070678609"
"40.391","11436","pid_11436_luid_0x00000000_0x0000e366_phys_0_eng_10_engtype_legacyoverlay","utilization percentage","0"
"40.391","11436","pid_11436_luid_0x00000000_0x0000e366_phys_0_eng_11_engtype_","utilization percentage","0"
"40.391","11436","pid_11436_luid_0x00000000_0x0000e366_phys_0_eng_12_engtype_","utilization percentage","0"
"40.391","11436","pid_11436_luid_0x00000000_0x0000e366_phys_0_eng_1_engtype_videodecode","utilization percentage","1.2270996659273"
"40.391","11436","pid_11436_luid_0x00000000_0x0000e366_phys_0_eng_2_engtype_copy","utilization percentage","0"
"40.391","11436","pid_11436_luid_0x00000000_0x0000e366_phys_0_eng_3_engtype_videoprocessing","utilization percentage","0"
"40.391","11436","pid_11436_luid_0x00000000_0x0000e366_phys_0_eng_4_engtype_videodecode","utilization percentage","0"
"40.391","11436","pid_11436_luid_0x00000000_0x0000e366_phys_0_eng_5_engtype_","utilization percentage","0"
"40.391","11436","pid_11436_luid_0x00000000_0x0000e366_phys_0_eng_6_engtype_","utilization percentage","0"
"40.391","11436","pid_11436_luid_0x00000000_0x0000e366_phys_0_eng_7_engtype_","utilization percentage","0"
"40.391","11436","pid_11436_luid_0x00000000_0x0000e366_phys_0_eng_8_engtype_","utilization percentage","0"
"40.391","11436","pid_11436_luid_0x00000000_0x0000e366_phys_0_eng_9_engtype_","utilization percentage","0"
"40.391","11436","pid_11436_luid_0x00000000_0x0000e366_phys_0","dedicated usage","0"
"40.391","11436","pid_11436_luid_0x00000000_0x0000e366_phys_0","shared usage","81387520"
"40.42","8656","pid_8656_luid_0x00000000_0x0000e366_phys_0_eng_0_engtype_3d","utilization percentage","28.8660474265389"
"40.42","8656","pid_8656_luid_0x00000000_0x0000e366_phys_0_eng_10_engtype_legacyoverlay","utilization percentage","0"
"40.42","8656","pid_8656_luid_0x00000000_0x0000e366_phys_0_eng_11_engtype_","utilization percentage","0"
"40.42","8656","pid_8656_luid_0x00000000_0x0000e366_phys_0_eng_12_engtype_","utilization percentage","0"
"40.42","8656","pid_8656_luid_0x00000000_0x0000e366_phys_0_eng_1_engtype_videodecode","utilization percentage","4.28610655228714"
"40.42","8656","pid_8656_luid_0x00000000_0x0000e366_phys_0_eng_2_engtype_copy","utilization percentage","0"
"40.42","8656","pid_8656_luid_0x00000000_0x0000e366_phys_0_eng_3_engtype_videoprocessing","utilization percentage","0"
"40.42","8656","pid_8656_luid_0x00000000_0x0000e366_phys_0_eng_4_engtype_videodecode","utilization percentage","0"
"40.42","8656","pid_8656_luid_0x00000000_0x0000e366_phys_0_eng_5_engtype_","utilization percentage","0"
"40.42","8656","pid_8656_luid_0x00000000_0x0000e366_phys_0_eng_6_engtype_","utilization percentage","0"
"40.42","8656","pid_8656_luid_0x00000000_0x0000e366_phys_0_eng_7_engtype_","utilization percentage","0"
"40.42","8656","pid_8656_luid_0x00000000_0x0000e366_phys_0_eng_8_engtype_","utilization percentage","0"
"40.42","8656","pid_8656_luid_0x00000000_0x0000e366_phys_0_eng_9_engtype_","utilization percentage","0"
"40.42","8656","pid_8656_luid_0x00000000_0x0000e366_phys_0","dedicated usage","0"
"40.42","8656","pid_8656_luid_0x00000000_0x0000e366_phys_0","shared usage","396800000"
"40.443","11404","pid_11404_luid_0x00000000_0x0000e366_phys_0_eng_0_engtype_3d","utilization percentage","29.7152434908405"
"40.443","11404","pid_11404_luid_0x00000000_0x0000e366_phys_0_eng_10_engtype_legacyoverlay","utilization percentage","0"
"40.443","11404","pid_11404_luid_0x00000000_0x0000e366_phys_0_eng_11_engtype_","utilization percentage","0"
"40.443","11404","pid_11404_luid_0x00000000_0x0000e366_phys_0_eng_12_engtype_","utilization percentage","0"
"40.443","11404","pid_11404_luid_0x00000000_0x0000e366_phys_0_eng_1_engtype_videodecode","utilization percentage","4.59181051667601"
"40.443","11404","pid_11404_luid_0x00000000_0x0000e366_phys_0_eng_2_engtype_copy","utilization percentage","0"
"40.443","11404","pid_11404_luid_0x00000000_0x0000e366_phys_0_eng_3_engtype_videoprocessing","utilization percentage","0"
"40.443","11404","pid_11404_luid_0x00000000_0x0000e366_phys_0_eng_4_engtype_videodecode","utilization percentage","0"
"40.443","11404","pid_11404_luid_0x00000000_0x0000e366_phys_0_eng_5_engtype_","utilization percentage","0"
"40.443","11404","pid_11404_luid_0x00000000_0x0000e366_phys_0_eng_6_engtype_","utilization percentage","0"
"40.443","11404","pid_11404_luid_0x00000000_0x0000e366_phys_0_eng_7_engtype_","utilization percentage","0"
"40.443","11404","pid_11404_luid_0x00000000_0x0000e366_phys_0_eng_8_engtype_","utilization percentage","0"
"40.443","11404","pid_11404_luid_0x00000000_0x0000e366_phys_0_eng_9_engtype_","utilization percentage","0"
"40.443","11404","pid_11404_luid_0x00000000_0x0000e366_phys_0","dedicated usage","0"
"40.443","11404","pid_11404_luid_0x00000000_0x0000e366_phys_0","shared usage","400289792"
"41.471","11436","pid_11436_luid_0x00000000_0x0000e366_phys_0_eng_0_engtype_3d","utilization percentage","3.6200215737382"
"41.471","11436","pid_11436_luid_0x00000000_0x0000e366_phys_0_eng_10_engtype_legacyoverlay","utilization percentage","0"
"41.471","11436","pid_11436_luid_0x00000000_0x0000e366_phys_0_eng_11_engtype_","utilization percentage","0"
"41.471","11436","pid_11436_luid_0x00000000_0x0000e366_phys_0_eng_12_engtype_","utilization percentage","0"
"41.471","11436","pid_11436_luid_0x00000000_0x0000e366_phys_0_eng_1_engtype_videodecode","utilization percentage","1.11596322771556"
"41.471","11436","pid_11436_luid_0x00000000_0x0000e366_phys_0_eng_2_engtype_copy","utilization percentage","0"
"41.471","11436","pid_11436_luid_0x00000000_0x0000e366_phys_0_eng_3_engtype_videoprocessing","utilization percentage","0"
"41.471","11436","pid_11436_luid_0x00000000_0x0000e366_phys_0_eng_4_engtype_videodecode","utilization percentage","0"
"41.471","11436","pid_11436_luid_0x00000000_0x0000e366_phys_0_eng_5_engtype_","utilization percentage","0"
"41.471","11436","pid_11436_luid_0x00000000_0x0000e366_phys_0_eng_6_engtype_","utilization percentage","0"
"41.471","11436","pid_11436_luid_0x00000000_0x0000e366_phys_0_eng_7_engtype_","utilization percentage","0"
"41.471","11436","pid_11436_luid_0x00000000_0x0000e366_phys_0_eng_8_engtype_","utilization percentage","0"
"41.471","11436","pid_11436_luid_0x00000000_0x0000e366_phys_0_eng_9_engtype_","utilization percentage","0"
"41.471","11436","pid_11436_luid_0x00000000_0x0000e366_phys_0","dedicated usage","0"
"41.471","11436","pid_11436_luid_0x00000000_0x0000e366_phys_0","shared usage","81387520"
"41.483","8656","pid_8656_luid_0x00000000_0x0000e366_phys_0_eng_0_engtype_3d","utilization percentage","31.2751907087993"
"41.483","8656","pid_8656_luid_0x00000000_0x0000e366_phys_0_eng_10_engtype_legacyoverlay","utilization percentage","0"
"41.483","8656","pid_8656_luid_0x00000000_0x0000e366_phys_0_eng_11_engtype_","utilization percentage","0"
"41.483","8656","pid_8656_luid_0x00000000_0x0000e366_phys_0_eng_12_engtype_","utilization percentage","0"
"41.483","8656","pid_8656_luid_0x00000000_0x0000e366_phys_0_eng_1_engtype_videodecode","utilization percentage","4.56104089363464"
"41.483","8656","pid_8656_luid_0x00000000_0x0000e366_phys_0_eng_2_engtype_copy","utilization percentage","0"
"41.483","8656","pid_8656_luid_0x00000000_0x0000e366_phys_0_eng_3_engtype_videoprocessing","utilization percentage","0"
"41.483","8656","pid_8656_luid_0x00000000_0x0000e366_phys_0_eng_4_engtype_videodecode","utilization percentage","0"
"41.483","8656","pid_8656_luid_0x00000000_0x0000e366_phys_0_eng_5_engtype_","utilization percentage","0"
"41.483","8656","pid_8656_luid_0x00000000_0x0000e366_phys_0_eng_6_engtype_","utilization percentage","0"
"41.483","8656","pid_8656_luid_0x00000000_0x0000e366_phys_0_eng_7_engtype_","utilization percentage","0"
"41.483","8656","pid_8656_luid_0x00000000_0x0000e366_phys_0_eng_8_engtype_","utilization percentage","0"
"41.483","8656","pid_8656_luid_0x00000000_0x0000e366_phys_0_eng_9_engtype_","utilization percentage","0"
"41.483","8656","pid_8656_luid_0x00000000_0x0000e366_phys_0","dedicated usage","0"
"41.483","8656","pid_8656_luid_0x00000000_0x0000e366_phys_0","shared usage","396800000"
"41.512","11404","pid_11404_luid_0x00000000_0x0000e366_phys_0_eng_0_engtype_3d","utilization percentage","31.6928460948718"
"41.512","11404","pid_11404_luid_0x00000000_0x0000e366_phys_0_eng_10_engtype_legacyoverlay","utilization percentage","0"
"41.512","11404","pid_11404_luid_0x00000000_0x0000e366_phys_0_eng_11_engtype_","utilization percentage","0"
"41.512","11404","pid_11404_luid_0x00000000_0x0000e366_phys_0_eng_12_engtype_","utilization percentage","0"
"41.512","11404","pid_11404_luid_0x00000000_0x0000e366_phys_0_eng_1_engtype_videodecode","utilization percentage","4.99375266267656"
"41.512","11404","pid_11404_luid_0x00000000_0x0000e366_phys_0_eng_2_engtype_copy","utilization percentage","0"
"41.512","11404","pid_11404_luid_0x00000000_0x0000e366_phys_0_eng_3_engtype_videoprocessing","utilization percentage","0"
"41.512","11404","pid_11404_luid_0x00000000_0x0000e366_phys_0_eng_4_engtype_videodecode","utilization percentage","0"
"41.512","11404","pid_11404_luid_0x00000000_0x0000e366_phys_0_eng_5_engtype_","utilization percentage","0"
"41.512","11404","pid_11404_luid_0x00000000_0x0000e366_phys_0_eng_6_engtype_","utilization percentage","0"
"41.512","11404","pid_11404_luid_0x00000000_0x0000e366_phys_0_eng_7_engtype_","utilization percentage","0"
"41.512","11404","pid_11404_luid_0x00000000_0x0000e366_phys_0_eng_8_engtype_","utilization percentage","0"
"41.512","11404","pid_11404_luid_0x00000000_0x0000e366_phys_0_eng_9_engtype_","utilization percentage","0"
"41.512","11404","pid_11404_luid_0x00000000_0x0000e366_phys_0","dedicated usage","0"
"41.512","11404","pid_11404_luid_0x00000000_0x0000e366_phys_0","shared usage","394903552"
"42.544","11436","pid_11436_luid_0x00000000_0x0000e366_phys_0_eng_0_engtype_3d","utilization percentage","3.56048216598842"
"42.544","11436","pid_11436_luid_0x00000000_0x0000e366_phys_0_eng_10_engtype_legacyoverlay","utilization percentage","0"
"42.544","11436","pid_11436_luid_0x00000000_0x0000e366_phys_0_eng_11_engtype_","utilization percentage","0"
"42.544","11436","pid_11436_luid_0x00000000_0x0000e366_phys_0_eng_12_engtype_","utilization percentage","0"
"42.544","11436","pid_11436_luid_0x00000000_0x0000e366_phys_0_eng_1_engtype_videodecode","utilization percentage","1.09299458816107"
"42.544","11436","pid_11436_luid_0x00000000_0x0000e366_phys_0_eng_2_engtype_copy","utilization percentage","0"
"42.544","11436","pid_11436_luid_0x00000000_0x0000e366_phys_0_eng_3_engtype_videoprocessing","utilization percentage","0"
"42.544","11436","pid_11436_luid_0x00000000_0x0000e366_phys_0_eng_4_engtype_videodecode","utilization percentage","0"
"42.544","11436","pid_11436_luid_0x00000000_0x0000e366_phys_0_eng_5_engtype_","utilization percentage","0"
"42.544","11436","pid_11436_luid_0x00000000_0x0000e366_phys_0_eng_6_engtype_","utilization percentage","0"
"42.544","11436","pid_11436_luid_0x00000000_0x0000e366_phys_0_eng_7_engtype_","utilization percentage","0"
"42.544","11436","pid_11436_luid_0x00000000_0x0000e366_phys_0_eng_8_engtype_","utilization percentage","0"
"42.544","11436","pid_11436_luid_0x00000000_0x0000e366_phys_0_eng_9_engtype_","utilization percentage","0"
"42.544","11436","pid_11436_luid_0x00000000_0x0000e366_phys_0","dedicated usage","0"
"42.544","11436","pid_11436_luid_0x00000000_0x0000e366_phys_0","shared usage","81387520"
"42.574","8656","pid_8656_luid_0x00000000_0x0000e366_phys_0_eng_0_engtype_3d","utilization percentage","30.6813588734545"
"42.574","8656","pid_8656_luid_0x00000000_0x0000e366_phys_0_eng_10_engtype_legacyoverlay","utilization percentage","0"
"42.574","8656","pid_8656_luid_0x00000000_0x0000e366_phys_0_eng_11_engtype_","utilization percentage","0"
"42.574","8656","pid_8656_luid_0x00000000_0x0000e366_phys_0_eng_12_engtype_","utilization percentage","0"
"42.574","8656","pid_8656_luid_0x00000000_0x0000e366_phys_0_eng_1_engtype_videodecode","utilization percentage","4.53374811420867"
"42.574","8656","pid_8656_luid_0x00000000_0x0000e366_phys_0_eng_2_engtype_copy","utilization percentage","0"
"42.574","8656","pid_8656_luid_0x00000000_0x0000e366_phys_0_eng_3_engtype_videoprocessing","utilization percentage","0"
"42.574","8656","pid_8656_luid_0x00000000_0x0000e366_phys_0_eng_4_engtype_videodecode","utilization percentage","0"
"42.574","8656","pid_8656_luid_0x00000000_0x0000e366_phys_0_eng_5_engtype_","utilization percentage","0"
"42.574","8656","pid_8656_luid_0x00000000_0x0000e366_phys_0_eng_6_engtype_","utilization percentage","0"
"42.574","8656","pid_8656_luid_0x00000000_0x0000e366_phys_0_eng_7_engtype_","utilization percentage","0"
"42.574","8656","pid_8656_luid_0x00000000_0x0000e366_phys_0_eng_8_engtype_","utilization percentage","0"
"42.574","8656","pid_8656_luid_0x00000000_0x0000e366_phys_0_eng_9_engtype_","utilization percentage","0"
"42.574","8656","pid_8656_luid_0x00000000_0x0000e366_phys_0","dedicated usage","0"
"42.574","8656","pid_8656_luid_0x00000000_0x0000e366_phys_0","shared usage","402182144"
"42.602","11404","pid_11404_luid_0x00000000_0x0000e366_phys_0_eng_0_engtype_3d","utilization percentage","31.1089012333802"
"42.602","11404","pid_11404_luid_0x00000000_0x0000e366_phys_0_eng_10_engtype_legacyoverlay","utilization percentage","0"
"42.602","11404","pid_11404_luid_0x00000000_0x0000e366_phys_0_eng_11_engtype_","utilization percentage","0"
"42.602","11404","pid_11404_luid_0x00000000_0x0000e366_phys_0_eng_12_engtype_","utilization percentage","0"
"42.602","11404","pid_11404_luid_0x00000000_0x0000e366_phys_0_eng_1_engtype_videodecode","utilization percentage","4.94117412369896"
"42.602","11404","pid_11404_luid_0x00000000_0x0000e366_phys_0_eng_2_engtype_copy","utilization percentage","0"
"42.602","11404","pid_11404_luid_0x00000000_0x0000e366_phys_0_eng_3_engtype_videoprocessing","utilization percentage","0"
"42.602","11404","pid_11404_luid_0x00000000_0x0000e366_phys_0_eng_4_engtype_videodecode","utilization percentage","0"
"42.602","11404","pid_11404_luid_0x00000000_0x0000e366_phys_0_eng_5_engtype_","utilization percentage","0"
"42.602","11404","pid_11404_luid_0x00000000_0x0000e366_phys_0_eng_6_engtype_","utilization percentage","0"
"42.602","11404","pid_11404_luid_0x00000000_0x0000e366_phys_0_eng_7_engtype_","utilization percentage","0"
"42.602","11404","pid_11404_luid_0x00000000_0x0000e366_phys_0_eng_8_engtype_","utilization percentage","0"
"42.602","11404","pid_11404_luid_0x00000000_0x0000e366_phys_0_eng_9_engtype_","utilization percentage","0"
"42.602","11404","pid_11404_luid_0x00000000_0x0000e366_phys_0","dedicated usage","0"
"42.602","11404","pid_11404_luid_0x00000000_0x0000e366_phys_0","shared usage","400289792"
"43.631","11436","pid_11436_luid_0x00000000_0x0000e366_phys_0_eng_0_engtype_3d","utilization percentage","3.30006012520081"
"43.631","11436","pid_11436_luid_0x00000000_0x0000e366_phys_0_eng_10_engtype_legacyoverlay","utilization percentage","0"
"43.631","11436","pid_11436_luid_0x00000000_0x0000e366_phys_0_eng_11_engtype_","utilization percentage","0"
"43.631","11436","pid_11436_luid_0x00000000_0x0000e366_phys_0_eng_12_engtype_","utilization percentage","0"
"43.631","11436","pid_11436_luid_0x00000000_0x0000e366_phys_0_eng_1_engtype_videodecode","utilization percentage","1.07564877781504"
"43.631","11436","pid_11436_luid_0x00000000_0x0000e366_phys_0_eng_2_engtype_copy","utilization percentage","0"
"43.631","11436","pid_11436_luid_0x00000000_0x0000e366_phys_0_eng_3_engtype_videoprocessing","utilization percentage","0"
"43.631","11436","pid_11436_luid_0x00000000_0x0000e366_phys_0_eng_4_engtype_videodecode","utilization percentage","0"
"43.631","11436","pid_11436_luid_0x00000000_0x0000e366_phys_0_eng_5_engtype_","utilization percentage","0"
"43.631","11436","pid_11436_luid_0x00000000_0x0000e366_phys_0_eng_6_engtype_","utilization percentage","0"
"43.631","11436","pid_11436_luid_0x00000000_0x0000e366_phys_0_eng_7_engtype_","utilization percentage","0"
"43.631","11436","pid_11436_luid_0x00000000_0x0000e366_phys_0_eng_8_engtype_","utilization percentage","0"
"43.631","11436","pid_11436_luid_0x00000000_0x0000e366_phys_0_eng_9_engtype_","utilization percentage","0"
"43.631","11436","pid_11436_luid_0x00000000_0x0000e366_phys_0","dedicated usage","0"
"43.631","11436","pid_11436_luid_0x00000000_0x0000e366_phys_0","shared usage","81387520"
"43.661","8656","pid_8656_luid_0x00000000_0x0000e366_phys_0_eng_0_engtype_3d","utilization percentage","26.6461311823735"
"43.661","8656","pid_8656_luid_0x00000000_0x0000e366_phys_0_eng_10_engtype_legacyoverlay","utilization percentage","0"
"43.661","8656","pid_8656_luid_0x00000000_0x0000e366_phys_0_eng_11_engtype_","utilization percentage","0"
"43.661","8656","pid_8656_luid_0x00000000_0x0000e366_phys_0_eng_12_engtype_","utilization percentage","0"
"43.661","8656","pid_8656_luid_0x00000000_0x0000e366_phys_0_eng_1_engtype_videodecode","utilization percentage","4.58358162882642"
"43.661","8656","pid_8656_luid_0x00000000_0x0000e366_phys_0_eng_2_engtype_copy","utilization percentage","0"
"43.661","8656","pid_8656_luid_0x00000000_0x0000e366_phys_0_eng_3_engtype_videoprocessing","utilization percentage","0"
"43.661","8656","pid_8656_luid_0x00000000_0x0000e366_phys_0_eng_4_engtype_videodecode","utilization percentage","0"
"43.661","8656","pid_8656_luid_0x00000000_0x0000e366_phys_0_eng_5_engtype_","utilization percentage","0"
"43.661","8656","pid_8656_luid_0x00000000_0x0000e366_phys_0_eng_6_engtype_","utilization percentage","0"
"43.661","8656","pid_8656_luid_0x00000000_0x0000e366_phys_0_eng_7_engtype_","utilization percentage","0"
"43.661","8656","pid_8656_luid_0x00000000_0x0000e366_phys_0_eng_8_engtype_","utilization percentage","0"
"43.661","8656","pid_8656_luid_0x00000000_0x0000e366_phys_0_eng_9_engtype_","utilization percentage","0"
"43.661","8656","pid_8656_luid_0x00000000_0x0000e366_phys_0","dedicated usage","0"
"43.661","8656","pid_8656_luid_0x00000000_0x0000e366_phys_0","shared usage","397099008"
"43.691","11404","pid_11404_luid_0x00000000_0x0000e366_phys_0_eng_0_engtype_3d","utilization percentage","26.8831130907402"
"43.691","11404","pid_11404_luid_0x00000000_0x0000e366_phys_0_eng_10_engtype_legacyoverlay","utilization percentage","0"
"43.691","11404","pid_11404_luid_0x00000000_0x0000e366_phys_0_eng_11_engtype_","utilization percentage","0"
"43.691","11404","pid_11404_luid_0x00000000_0x0000e366_phys_0_eng_12_engtype_","utilization percentage","0"
"43.691","11404","pid_11404_luid_0x00000000_0x0000e366_phys_0_eng_1_engtype_videodecode","utilization percentage","4.90593819033555"
"43.691","11404","pid_11404_luid_0x00000000_0x0000e366_phys_0_eng_2_engtype_copy","utilization percentage","0"
"43.691","11404","pid_11404_luid_0x00000000_0x0000e366_phys_0_eng_3_engtype_videoprocessing","utilization percentage","0"
"43.691","11404","pid_11404_luid_0x00000000_0x0000e366_phys_0_eng_4_engtype_videodecode","utilization percentage","0"
"43.691","11404","pid_11404_luid_0x00000000_0x0000e366_phys_0_eng_5_engtype_","utilization percentage","0"
"43.691","11404","pid_11404_luid_0x00000000_0x0000e366_phys_0_eng_6_engtype_","utilization percentage","0"
"43.691","11404","pid_11404_luid_0x00000000_0x0000e366_phys_0_eng_7_engtype_","utilization percentage","0"
"43.691","11404","pid_11404_luid_0x00000000_0x0000e366_phys_0_eng_8_engtype_","utilization percentage","0"
"43.691","11404","pid_11404_luid_0x00000000_0x0000e366_phys_0_eng_9_engtype_","utilization percentage","0"
"43.691","11404","pid_11404_luid_0x00000000_0x0000e366_phys_0","dedicated usage","0"
"43.691","11404","pid_11404_luid_0x00000000_0x0000e366_phys_0","shared usage","394903552"
"44.733","11436","pid_11436_luid_0x00000000_0x0000e366_phys_0_eng_0_engtype_3d","utilization percentage","3.2867454490861"
"44.733","11436","pid_11436_luid_0x00000000_0x0000e366_phys_0_eng_10_engtype_legacyoverlay","utilization percentage","0"
"44.733","11436","pid_11436_luid_0x00000000_0x0000e366_phys_0_eng_11_engtype_","utilization percentage","0"
"44.733","11436","pid_11436_luid_0x00000000_0x0000e366_phys_0_eng_12_engtype_","utilization percentage","0"
"44.733","11436","pid_11436_luid_0x00000000_0x0000e366_phys_0_eng_1_engtype_videodecode","utilization percentage","1.3292015954846"
"44.733","11436","pid_11436_luid_0x00000000_0x0000e366_phys_0_eng_2_engtype_copy","utilization percentage","0"
"44.733","11436","pid_11436_luid_0x00000000_0x0000e366_phys_0_eng_3_engtype_videoprocessing","utilization percentage","0"
"44.733","11436","pid_11436_luid_0x00000000_0x0000e366_phys_0_eng_4_engtype_videodecode","utilization percentage","0"
"44.733","11436","pid_11436_luid_0x00000000_0x0000e366_phys_0_eng_5_engtype_","utilization percentage","0"
"44.733","11436","pid_11436_luid_0x00000000_0x0000e366_phys_0_eng_6_engtype_","utilization percentage","0"
"44.733","11436","pid_11436_luid_0x00000000_0x0000e366_phys_0_eng_7_engtype_","utilization percentage","0"
"44.733","11436","pid_11436_luid_0x00000000_0x0000e366_phys_0_eng_8_engtype_","utilization percentage","0"
"44.733","11436","pid_11436_luid_0x00000000_0x0000e366_phys_0_eng_9_engtype_","utilization percentage","0"
"44.733","11436","pid_11436_luid_0x00000000_0x0000e366_phys_0","dedicated usage","0"
"44.733","11436","pid_11436_luid_0x00000000_0x0000e366_phys_0","shared usage","81387520"
"44.758","8656","pid_8656_luid_0x00000000_0x0000e366_phys_0_eng_0_engtype_3d","utilization percentage","20.0482419098644"
"44.758","8656","pid_8656_luid_0x00000000_0x0000e366_phys_0_eng_10_engtype_legacyoverlay","utilization percentage","0"
"44.758","8656","pid_8656_luid_0x00000000_0x0000e366_phys_0_eng_11_engtype_","utilization percentage","0"
"44.758","8656","pid_8656_luid_0x00000000_0x0000e366_phys_0_eng_12_engtype_","utilization percentage","0"
"44.758","8656","pid_8656_luid_0x00000000_0x0000e366_phys_0_eng_1_engtype_videodecode","utilization percentage","4.27887053333708"
"44.758","8656","pid_8656_luid_0x00000000_0x0000e366_phys_0_eng_2_engtype_copy","utilization percentage","0"
"44.758","8656","pid_8656_luid_0x00000000_0x0000e366_phys_0_eng_3_engtype_videoprocessing","utilization percentage","0"
"44.758","8656","pid_8656_luid_0x00000000_0x0000e366_phys_0_eng_4_engtype_videodecode","utilization percentage","0"
"44.758","8656","pid_8656_luid_0x00000000_0x0000e366_phys_0_eng_5_engtype_","utilization percentage","0"
"44.758","8656","pid_8656_luid_0x00000000_0x0000e366_phys_0_eng_6_engtype_","utilization percentage","0"
"44.758","8656","pid_8656_luid_0x00000000_0x0000e366_phys_0_eng_7_engtype_","utilization percentage","0"
"44.758","8656","pid_8656_luid_0x00000000_0x0000e366_phys_0_eng_8_engtype_","utilization percentage","0"
"44.758","8656","pid_8656_luid_0x00000000_0x0000e366_phys_0_eng_9_engtype_","utilization percentage","0"
"44.758","8656","pid_8656_luid_0x00000000_0x0000e366_phys_0","dedicated usage","0"
"44.758","8656","pid_8656_luid_0x00000000_0x0000e366_phys_0","shared usage","397099008"
"44.783","11404","pid_11404_luid_0x00000000_0x0000e366_phys_0_eng_0_engtype_3d","utilization percentage","20.8673383764484"
"44.783","11404","pid_11404_luid_0x00000000_0x0000e366_phys_0_eng_10_engtype_legacyoverlay","utilization percentage","0"
"44.783","11404","pid_11404_luid_0x00000000_0x0000e366_phys_0_eng_11_engtype_","utilization percentage","0"
"44.783","11404","pid_11404_luid_0x00000000_0x0000e366_phys_0_eng_12_engtype_","utilization percentage","0"
"44.783","11404","pid_11404_luid_0x00000000_0x0000e366_phys_0_eng_1_engtype_videodecode","utilization percentage","5.20372182978171"
"44.783","11404","pid_11404_luid_0x00000000_0x0000e366_phys_0_eng_2_engtype_copy","utilization percentage","0"
"44.783","11404","pid_11404_luid_0x00000000_0x0000e366_phys_0_eng_3_engtype_videoprocessing","utilization percentage","0"
"44.783","11404","pid_11404_luid_0x00000000_0x0000e366_phys_0_eng_4_engtype_videodecode","utilization percentage","0"
"44.783","11404","pid_11404_luid_0x00000000_0x0000e366_phys_0_eng_5_engtype_","utilization percentage","0"
"44.783","11404","pid_11404_luid_0x00000000_0x0000e366_phys_0_eng_6_engtype_","utilization percentage","0"
"44.783","11404","pid_11404_luid_0x00000000_0x0000e366_phys_0_eng_7_engtype_","utilization percentage","0"
"44.783","11404","pid_11404_luid_0x00000000_0x0000e366_phys_0_eng_8_engtype_","utilization percentage","0"
"44.783","11404","pid_11404_luid_0x00000000_0x0000e366_phys_0_eng_9_engtype_","utilization percentage","0"
"44.783","11404","pid_11404_luid_0x00000000_0x0000e366_phys_0","dedicated usage","0"
"44.783","11404","pid_11404_luid_0x00000000_0x0000e366_phys_0","shared usage","394911744"
"45.816","11436","pid_11436_luid_0x00000000_0x0000e366_phys_0_eng_0_engtype_3d","utilization percentage","3.21217040784795"
"45.816","11436","pid_11436_luid_0x00000000_0x0000e366_phys_0_eng_10_engtype_legacyoverlay","utilization percentage","0"
"45.816","11436","pid_11436_luid_0x00000000_0x0000e366_phys_0_eng_11_engtype_","utilization percentage","0"
"45.816","11436","pid_11436_luid_0x00000000_0x0000e366_phys_0_eng_12_engtype_","utilization percentage","0"
"45.816","11436","pid_11436_luid_0x00000000_0x0000e366_phys_0_eng_1_engtype_videodecode","utilization percentage","1.40127570668893"
"45.816","11436","pid_11436_luid_0x00000000_0x0000e366_phys_0_eng_2_engtype_copy","utilization percentage","0"
"45.816","11436","pid_11436_luid_0x00000000_0x0000e366_phys_0_eng_3_engtype_videoprocessing","utilization percentage","0"
"45.816","11436","pid_11436_luid_0x00000000_0x0000e366_phys_0_eng_4_engtype_videodecode","utilization percentage","0"
"45.816","11436","pid_11436_luid_0x00000000_0x0000e366_phys_0_eng_5_engtype_","utilization percentage","0"
"45.816","11436","pid_11436_luid_0x00000000_0x0000e366_phys_0_eng_6_engtype_","utilization percentage","0"
"45.816","11436","pid_11436_luid_0x00000000_0x0000e366_phys_0_eng_7_engtype_","utilization percentage","0"
"45.816","11436","pid_11436_luid_0x00000000_0x0000e366_phys_0_eng_8_engtype_","utilization percentage","0"
"45.816","11436","pid_11436_luid_0x00000000_0x0000e366_phys_0_eng_9_engtype_","utilization percentage","0"
"45.816","11436","pid_11436_luid_0x00000000_0x0000e366_phys_0","dedicated usage","0"
"45.816","11436","pid_11436_luid_0x00000000_0x0000e366_phys_0","shared usage","81387520"
"45.845","8656","pid_8656_luid_0x00000000_0x0000e366_phys_0_eng_0_engtype_3d","utilization percentage","21.170283321265"
"45.845","8656","pid_8656_luid_0x00000000_0x0000e366_phys_0_eng_10_engtype_legacyoverlay","utilization percentage","0"
"45.845","8656","pid_8656_luid_0x00000000_0x0000e366_phys_0_eng_11_engtype_","utilization percentage","0"
"45.845","8656","pid_8656_luid_0x00000000_0x0000e366_phys_0_eng_12_engtype_","utilization percentage","0"
"45.845","8656","pid_8656_luid_0x00000000_0x0000e366_phys_0_eng_1_engtype_videodecode","utilization percentage","4.42365822498743"
"45.845","8656","pid_8656_luid_0x00000000_0x0000e366_phys_0_eng_2_engtype_copy","utilization percentage","0"
"45.845","8656","pid_8656_luid_0x00000000_0x0000e366_phys_0_eng_3_engtype_videoprocessing","utilization percentage","0"
"45.845","8656","pid_8656_luid_0x00000000_0x0000e366_phys_0_eng_4_engtype_videodecode","utilization percentage","0"
"45.845","8656","pid_8656_luid_0x00000000_0x0000e366_phys_0_eng_5_engtype_","utilization percentage","0"
"45.845","8656","pid_8656_luid_0x00000000_0x0000e366_phys_0_eng_6_engtype_","utilization percentage","0"
"45.845","8656","pid_8656_luid_0x00000000_0x0000e366_phys_0_eng_7_engtype_","utilization percentage","0"
"45.845","8656","pid_8656_luid_0x00000000_0x0000e366_phys_0_eng_8_engtype_","utilization percentage","0"
"45.845","8656","pid_8656_luid_0x00000000_0x0000e366_phys_0_eng_9_engtype_","utilization percentage","0"
"45.845","8656","pid_8656_luid_0x00000000_0x0000e366_phys_0","dedicated usage","0"
"45.845","8656","pid_8656_luid_0x00000000_0x0000e366_phys_0","shared usage","397099008"
"45.872","11404","pid_11404_luid_0x00000000_0x0000e366_phys_0_eng_0_engtype_3d","utilization percentage","22.4113808164338"
"45.872","11404","pid_11404_luid_0x00000000_0x0000e366_phys_0_eng_10_engtype_legacyoverlay","utilization percentage","0"
"45.872","11404","pid_11404_luid_0x00000000_0x0000e366_phys_0_eng_11_engtype_","utilization percentage","0"
"45.872","11404","pid_11404_luid_0x00000000_0x0000e366_phys_0_eng_12_engtype_","utilization percentage","0"
"45.872","11404","pid_11404_luid_0x00000000_0x0000e366_phys_0_eng_1_engtype_videodecode","utilization percentage","5.24229664100802"
"45.872","11404","pid_11404_luid_0x00000000_0x0000e366_phys_0_eng_2_engtype_copy","utilization percentage","0"
"45.872","11404","pid_11404_luid_0x00000000_0x0000e366_phys_0_eng_3_engtype_videoprocessing","utilization percentage","0"
"45.872","11404","pid_11404_luid_0x00000000_0x0000e366_phys_0_eng_4_engtype_videodecode","utilization percentage","0"
"45.872","11404","pid_11404_luid_0x00000000_0x0000e366_phys_0_eng_5_engtype_","utilization percentage","0"
"45.872","11404","pid_11404_luid_0x00000000_0x0000e366_phys_0_eng_6_engtype_","utilization percentage","0"
"45.872","11404","pid_11404_luid_0x00000000_0x0000e366_phys_0_eng_7_engtype_","utilization percentage","0"
"45.872","11404","pid_11404_luid_0x00000000_0x0000e366_phys_0_eng_8_engtype_","utilization percentage","0"
"45.872","11404","pid_11404_luid_0x00000000_0x0000e366_phys_0_eng_9_engtype_","utilization percentage","0"
"45.872","11404","pid_11404_luid_0x00000000_0x0000e366_phys_0","dedicated usage","0"
"45.872","11404","pid_11404_luid_0x00000000_0x0000e366_phys_0","shared usage","394903552"
"46.901","11436","pid_11436_luid_0x00000000_0x0000e366_phys_0_eng_0_engtype_3d","utilization percentage","3.55211767287982"
"46.901","11436","pid_11436_luid_0x00000000_0x0000e366_phys_0_eng_10_engtype_legacyoverlay","utilization percentage","0"
"46.901","11436","pid_11436_luid_0x00000000_0x0000e366_phys_0_eng_11_engtype_","utilization percentage","0"
"46.901","11436","pid_11436_luid_0x00000000_0x0000e366_phys_0_eng_12_engtype_","utilization percentage","0"
"46.901","11436","pid_11436_luid_0x00000000_0x0000e366_phys_0_eng_1_engtype_videodecode","utilization percentage","1.19121401068227"
"46.901","11436","pid_11436_luid_0x00000000_0x0000e366_phys_0_eng_2_engtype_copy","utilization percentage","0"
"46.901","11436","pid_11436_luid_0x00000000_0x0000e366_phys_0_eng_3_engtype_videoprocessing","utilization percentage","0"
"46.901","11436","pid_11436_luid_0x00000000_0x0000e366_phys_0_eng_4_engtype_videodecode","utilization percentage","0"
"46.901","11436","pid_11436_luid_0x00000000_0x0000e366_phys_0_eng_5_engtype_","utilization percentage","0"
"46.901","11436","pid_11436_luid_0x00000000_0x0000e366_phys_0_eng_6_engtype_","utilization percentage","0"
"46.901","11436","pid_11436_luid_0x00000000_0x0000e366_phys_0_eng_7_engtype_","utilization percentage","0"
"46.901","11436","pid_11436_luid_0x00000000_0x0000e366_phys_0_eng_8_engtype_","utilization percentage","0"
"46.901","11436","pid_11436_luid_0x00000000_0x0000e366_phys_0_eng_9_engtype_","utilization percentage","0"
"46.901","11436","pid_11436_luid_0x00000000_0x0000e366_phys_0","dedicated usage","0"
"46.901","11436","pid_11436_luid_0x00000000_0x0000e366_phys_0","shared usage","81387520"
"46.911","8656","pid_8656_luid_0x00000000_0x0000e366_phys_0_eng_0_engtype_3d","utilization percentage","23.7636106127427"
"46.911","8656","pid_8656_luid_0x00000000_0x0000e366_phys_0_eng_10_engtype_legacyoverlay","utilization percentage","0"
"46.911","8656","pid_8656_luid_0x00000000_0x0000e366_phys_0_eng_11_engtype_","utilization percentage","0"
"46.911","8656","pid_8656_luid_0x00000000_0x0000e366_phys_0_eng_12_engtype_","utilization percentage","0"
"46.911","8656","pid_8656_luid_0x00000000_0x0000e366_phys_0_eng_1_engtype_videodecode","utilization percentage","4.5452302461989"
"46.911","8656","pid_8656_luid_0x00000000_0x0000e366_phys_0_eng_2_engtype_copy","utilization percentage","0"
"46.911","8656","pid_8656_luid_0x00000000_0x0000e366_phys_0_eng_3_engtype_videoprocessing","utilization percentage","0"
"46.911","8656","pid_8656_luid_0x00000000_0x0000e366_phys_0_eng_4_engtype_videodecode","utilization percentage","0"
"46.911","8656","pid_8656_luid_0x00000000_0x0000e366_phys_0_eng_5_engtype_","utilization percentage","0"
"46.911","8656","pid_8656_luid_0x00000000_0x0000e366_phys_0_eng_6_engtype_","utilization percentage","0"
"46.911","8656","pid_8656_luid_0x00000000_0x0000e366_phys_0_eng_7_engtype_","utilization percentage","0"
"46.911","8656","pid_8656_luid_0x00000000_0x0000e366_phys_0_eng_8_engtype_","utilization percentage","0"
"46.911","8656","pid_8656_luid_0x00000000_0x0000e366_phys_0_eng_9_engtype_","utilization percentage","0"
"46.911","8656","pid_8656_luid_0x00000000_0x0000e366_phys_0","dedicated usage","0"
"46.911","8656","pid_8656_luid_0x00000000_0x0000e366_phys_0","shared usage","397099008"
"46.94","11404","pid_11404_luid_0x00000000_0x0000e366_phys_0_eng_0_engtype_3d","utilization percentage","24.5718788390324"
"46.94","11404","pid_11404_luid_0x00000000_0x0000e366_phys_0_eng_10_engtype_legacyoverlay","utilization percentage","0"
"46.94","11404","pid_11404_luid_0x00000000_0x0000e366_phys_0_eng_11_engtype_","utilization percentage","0"
"46.94","11404","pid_11404_luid_0x00000000_0x0000e366_phys_0_eng_12_engtype_","utilization percentage","0"
"46.94","11404","pid_11404_luid_0x00000000_0x0000e366_phys_0_eng_1_engtype_videodecode","utilization percentage","4.90020725251222"
"46.94","11404","pid_11404_luid_0x00000000_0x0000e366_phys_0_eng_2_engtype_copy","utilization percentage","0"
"46.94","11404","pid_11404_luid_0x00000000_0x0000e366_phys_0_eng_3_engtype_videoprocessing","utilization percentage","0"
"46.94","11404","pid_11404_luid_0x00000000_0x0000e366_phys_0_eng_4_engtype_videodecode","utilization percentage","0"
"46.94","11404","pid_11404_luid_0x00000000_0x0000e366_phys_0_eng_5_engtype_","utilization percentage","0"
"46.94","11404","pid_11404_luid_0x00000000_0x0000e366_phys_0_eng_6_engtype_","utilization percentage","0"
"46.94","11404","pid_11404_luid_0x00000000_0x0000e366_phys_0_eng_7_engtype_","utilization percentage","0"
"46.94","11404","pid_11404_luid_0x00000000_0x0000e366_phys_0_eng_8_engtype_","utilization percentage","0"
"46.94","11404","pid_11404_luid_0x00000000_0x0000e366_phys_0_eng_9_engtype_","utilization percentage","0"
"46.94","11404","pid_11404_luid_0x00000000_0x0000e366_phys_0","dedicated usage","0"
"46.94","11404","pid_11404_luid_0x00000000_0x0000e366_phys_0","shared usage","394911744"
"47.968","11436","pid_11436_luid_0x00000000_0x0000e366_phys_0_eng_0_engtype_3d","utilization percentage","3.57856854258478"
"47.968","11436","pid_11436_luid_0x00000000_0x0000e366_phys_0_eng_10_engtype_legacyoverlay","utilization percentage","0"
"47.968","11436","pid_11436_luid_0x00000000_0x0000e366_phys_0_eng_11_engtype_","utilization percentage","0"
"47.968","11436","pid_11436_luid_0x00000000_0x0000e366_phys_0_eng_12_engtype_","utilization percentage","0"
"47.968","11436","pid_11436_luid_0x00000000_0x0000e366_phys_0_eng_1_engtype_videodecode","utilization percentage","1.15722707974175"
"47.968","11436","pid_11436_luid_0x00000000_0x0000e366_phys_0_eng_2_engtype_copy","utilization percentage","0"
"47.968","11436","pid_11436_luid_0x00000000_0x0000e366_phys_0_eng_3_engtype_videoprocessing","utilization percentage","0"
"47.968","11436","pid_11436_luid_0x00000000_0x0000e366_phys_0_eng_4_engtype_videodecode","utilization percentage","0"
"47.968","11436","pid_11436_luid_0x00000000_0x0000e366_phys_0_eng_5_engtype_","utilization percentage","0"
"47.968","11436","pid_11436_luid_0x00000000_0x0000e366_phys_0_eng_6_engtype_","utilization percentage","0"
"47.968","11436","pid_11436_luid_0x00000000_0x0000e366_phys_0_eng_7_engtype_","utilization percentage","0"
"47.968","11436","pid_11436_luid_0x00000000_0x0000e366_phys_0_eng_8_engtype_","utilization percentage","0"
"47.968","11436","pid_11436_luid_0x00000000_0x0000e366_phys_0_eng_9_engtype_","utilization percentage","0"
"47.968","11436","pid_11436_luid_0x00000000_0x0000e366_phys_0","dedicated usage","0"
"47.968","11436","pid_11436_luid_0x00000000_0x0000e366_phys_0","shared usage","81387520"
"47.979","8656","pid_8656_luid_0x00000000_0x0000e366_phys_0_eng_0_engtype_3d","utilization percentage","26.3813744983506"
"47.979","8656","pid_8656_luid_0x00000000_0x0000e366_phys_0_eng_10_engtype_legacyoverlay","utilization percentage","0"
"47.979","8656","pid_8656_luid_0x00000000_0x0000e366_phys_0_eng_11_engtype_","utilization percentage","0"
"47.979","8656","pid_8656_luid_0x00000000_0x0000e366_phys_0_eng_12_engtype_","utilization percentage","0"
"47.979","8656","pid_8656_luid_0x00000000_0x0000e366_phys_0_eng_1_engtype_videodecode","utilization percentage","4.63706407707285"
"47.979","8656","pid_8656_luid_0x00000000_0x0000e366_phys_0_eng_2_engtype_copy","utilization percentage","0"
"47.979","8656","pid_8656_luid_0x00000000_0x0000e366_phys_0_eng_3_engtype_videoprocessing","utilization percentage","0"
"47.979","8656","pid_8656_luid_0x00000000_0x0000e366_phys_0_eng_4_engtype_videodecode","utilization percentage","0"
"47.979","8656","pid_8656_luid_0x00000000_0x0000e366_phys_0_eng_5_engtype_","utilization percentage","0"
"47.979","8656","pid_8656_luid_0x00000000_0x0000e366_phys_0_eng_6_engtype_","utilization percentage","0"
"47.979","8656","pid_8656_luid_0x00000000_0x0000e366_phys_0_eng_7_engtype_","utilization percentage","0"
"47.979","8656","pid_8656_luid_0x00000000_0x0000e366_phys_0_eng_8_engtype_","utilization percentage","0"
"47.979","8656","pid_8656_luid_0x00000000_0x0000e366_phys_0_eng_9_engtype_","utilization percentage","0"
"47.979","8656","pid_8656_luid_0x00000000_0x0000e366_phys_0","dedicated usage","0"
"47.979","8656","pid_8656_luid_0x00000000_0x0000e366_phys_0","shared usage","397099008"
"47.991","11404","pid_11404_luid_0x00000000_0x0000e366_phys_0_eng_0_engtype_3d","utilization percentage","27.4143809451492"
"47.991","11404","pid_11404_luid_0x00000000_0x0000e366_phys_0_eng_10_engtype_legacyoverlay","utilization percentage","0"
"47.991","11404","pid_11404_luid_0x00000000_0x0000e366_phys_0_eng_11_engtype_","utilization percentage","0"
"47.991","11404","pid_11404_luid_0x00000000_0x0000e366_phys_0_eng_12_engtype_","utilization percentage","0"
"47.991","11404","pid_11404_luid_0x00000000_0x0000e366_phys_0_eng_1_engtype_videodecode","utilization percentage","5.61473323640168"
"47.991","11404","pid_11404_luid_0x00000000_0x0000e366_phys_0_eng_2_engtype_copy","utilization percentage","0"
"47.991","11404","pid_11404_luid_0x00000000_0x0000e366_phys_0_eng_3_engtype_videoprocessing","utilization percentage","0"
"47.991","11404","pid_11404_luid_0x00000000_0x0000e366_phys_0_eng_4_engtype_videodecode","utilization percentage","0"
"47.991","11404","pid_11404_luid_0x00000000_0x0000e366_phys_0_eng_5_engtype_","utilization percentage","0"
"47.991","11404","pid_11404_luid_0x00000000_0x0000e366_phys_0_eng_6_engtype_","utilization percentage","0"
"47.991","11404","pid_11404_luid_0x00000000_0x0000e366_phys_0_eng_7_engtype_","utilization percentage","0"
"47.991","11404","pid_11404_luid_0x00000000_0x0000e366_phys_0_eng_8_engtype_","utilization percentage","0"
"47.991","11404","pid_11404_luid_0x00000000_0x0000e366_phys_0_eng_9_engtype_","utilization percentage","0"
"47.991","11404","pid_11404_luid_0x00000000_0x0000e366_phys_0","dedicated usage","0"
"47.991","11404","pid_11404_luid_0x00000000_0x0000e366_phys_0","shared usage","394911744"
"49.019","11436","pid_11436_luid_0x00000000_0x0000e366_phys_0_eng_0_engtype_3d","utilization percentage","3.63597417971667"
"49.019","11436","pid_11436_luid_0x00000000_0x0000e366_phys_0_eng_10_engtype_legacyoverlay","utilization percentage","0"
"49.019","11436","pid_11436_luid_0x00000000_0x0000e366_phys_0_eng_11_engtype_","utilization percentage","0"
"49.019","11436","pid_11436_luid_0x00000000_0x0000e366_phys_0_eng_12_engtype_","utilization percentage","0"
"49.019","11436","pid_11436_luid_0x00000000_0x0000e366_phys_0_eng_1_engtype_videodecode","utilization percentage","1.06982529277728"
"49.019","11436","pid_11436_luid_0x00000000_0x0000e366_phys_0_eng_2_engtype_copy","utilization percentage","0"
"49.019","11436","pid_11436_luid_0x00000000_0x0000e366_phys_0_eng_3_engtype_videoprocessing","utilization percentage","0"
"49.019","11436","pid_11436_luid_0x00000000_0x0000e366_phys_0_eng_4_engtype_videodecode","utilization percentage","0"
"49.019","11436","pid_11436_luid_0x00000000_0x0000e366_phys_0_eng_5_engtype_","utilization percentage","0"
"49.019","11436","pid_11436_luid_0x00000000_0x0000e366_phys_0_eng_6_engtype_","utilization percentage","0"
"49.019","11436","pid_11436_luid_0x00000000_0x0000e366_phys_0_eng_7_engtype_","utilization percentage","0"
"49.019","11436","pid_11436_luid_0x00000000_0x0000e366_phys_0_eng_8_engtype_","utilization percentage","0"
"49.019","11436","pid_11436_luid_0x00000000_0x0000e366_phys_0_eng_9_engtype_","utilization percentage","0"
"49.019","11436","pid_11436_luid_0x00000000_0x0000e366_phys_0","dedicated usage","0"
"49.019","11436","pid_11436_luid_0x00000000_0x0000e366_phys_0","shared usage","81387520"
"49.03","8656","pid_8656_luid_0x00000000_0x0000e366_phys_0_eng_0_engtype_3d","utilization percentage","29.4898252070968"
"49.03","8656","pid_8656_luid_0x00000000_0x0000e366_phys_0_eng_10_engtype_legacyoverlay","utilization percentage","0"
"49.03","8656","pid_8656_luid_0x00000000_0x0000e366_phys_0_eng_11_engtype_","utilization percentage","0"
"49.03","8656","pid_8656_luid_0x00000000_0x0000e366_phys_0_eng_12_engtype_","utilization percentage","0"
"49.03","8656","pid_8656_luid_0x00000000_0x0000e366_phys_0_eng_1_engtype_videodecode","utilization percentage","4.3587840799989"
"49.03","8656","pid_8656_luid_0x00000000_0x0000e366_phys_0_eng_2_engtype_copy","utilization percentage","0"
"49.03","8656","pid_8656_luid_0x00000000_0x0000e366_phys_0_eng_3_engtype_videoprocessing","utilization percentage","0"
"49.03","8656","pid_8656_luid_0x00000000_0x0000e366_phys_0_eng_4_engtype_videodecode","utilization percentage","0"
"49.03","8656","pid_8656_luid_0x00000000_0x0000e366_phys_0_eng_5_engtype_","utilization percentage","0"
"49.03","8656","pid_8656_luid_0x00000000_0x0000e366_phys_0_eng_6_engtype_","utilization percentage","0"
"49.03","8656","pid_8656_luid_0x00000000_0x0000e366_phys_0_eng_7_engtype_","utilization percentage","0"
"49.03","8656","pid_8656_luid_0x00000000_0x0000e366_phys_0_eng_8_engtype_","utilization percentage","0"
"49.03","8656","pid_8656_luid_0x00000000_0x0000e366_phys_0_eng_9_engtype_","utilization percentage","0"
"49.03","8656","pid_8656_luid_0x00000000_0x0000e366_phys_0","dedicated usage","0"
"49.03","8656","pid_8656_luid_0x00000000_0x0000e366_phys_0","shared usage","397099008"
"49.05","11404","pid_11404_luid_0x00000000_0x0000e366_phys_0_eng_0_engtype_3d","utilization percentage","29.2494819902048"
"49.05","11404","pid_11404_luid_0x00000000_0x0000e366_phys_0_eng_10_engtype_legacyoverlay","utilization percentage","0"
"49.05","11404","pid_11404_luid_0x00000000_0x0000e366_phys_0_eng_11_engtype_","utilization percentage","0"
"49.05","11404","pid_11404_luid_0x00000000_0x0000e366_phys_0_eng_12_engtype_","utilization percentage","0"
"49.05","11404","pid_11404_luid_0x00000000_0x0000e366_phys_0_eng_1_engtype_videodecode","utilization percentage","4.82434315215565"
"49.05","11404","pid_11404_luid_0x00000000_0x0000e366_phys_0_eng_2_engtype_copy","utilization percentage","0"
"49.05","11404","pid_11404_luid_0x00000000_0x0000e366_phys_0_eng_3_engtype_videoprocessing","utilization percentage","0"
"49.05","11404","pid_11404_luid_0x00000000_0x0000e366_phys_0_eng_4_engtype_videodecode","utilization percentage","0"
"49.05","11404","pid_11404_luid_0x00000000_0x0000e366_phys_0_eng_5_engtype_","utilization percentage","0"
"49.05","11404","pid_11404_luid_0x00000000_0x0000e366_phys_0_eng_6_engtype_","utilization percentage","0"
"49.05","11404","pid_11404_luid_0x00000000_0x0000e366_phys_0_eng_7_engtype_","utilization percentage","0"
"49.05","11404","pid_11404_luid_0x00000000_0x0000e366_phys_0_eng_8_engtype_","utilization percentage","0"
"49.05","11404","pid_11404_luid_0x00000000_0x0000e366_phys_0_eng_9_engtype_","utilization percentage","0"
"49.05","11404","pid_11404_luid_0x00000000_0x0000e366_phys_0","dedicated usage","0"
"49.05","11404","pid_11404_luid_0x00000000_0x0000e366_phys_0","shared usage","394911744"
"50.091","11436","pid_11436_luid_0x00000000_0x0000e366_phys_0_eng_0_engtype_3d","utilization percentage","3.4890405423096"
"50.091","11436","pid_11436_luid_0x00000000_0x0000e366_phys_0_eng_10_engtype_legacyoverlay","utilization percentage","0"
"50.091","11436","pid_11436_luid_0x00000000_0x0000e366_phys_0_eng_11_engtype_","utilization percentage","0"
"50.091","11436","pid_11436_luid_0x00000000_0x0000e366_phys_0_eng_12_engtype_","utilization percentage","0"
"50.091","11436","pid_11436_luid_0x00000000_0x0000e366_phys_0_eng_1_engtype_videodecode","utilization percentage","1.06606410044794"
"50.091","11436","pid_11436_luid_0x00000000_0x0000e366_phys_0_eng_2_engtype_copy","utilization percentage","0"
"50.091","11436","pid_11436_luid_0x00000000_0x0000e366_phys_0_eng_3_engtype_videoprocessing","utilization percentage","0"
"50.091","11436","pid_11436_luid_0x00000000_0x0000e366_phys_0_eng_4_engtype_videodecode","utilization percentage","0"
"50.091","11436","pid_11436_luid_0x00000000_0x0000e366_phys_0_eng_5_engtype_","utilization percentage","0"
"50.091","11436","pid_11436_luid_0x00000000_0x0000e366_phys_0_eng_6_engtype_","utilization percentage","0"
"50.091","11436","pid_11436_luid_0x00000000_0x0000e366_phys_0_eng_7_engtype_","utilization percentage","0"
"50.091","11436","pid_11436_luid_0x00000000_0x0000e366_phys_0_eng_8_engtype_","utilization percentage","0"
"50.091","11436","pid_11436_luid_0x00000000_0x0000e366_phys_0_eng_9_engtype_","utilization percentage","0"
"50.091","11436","pid_11436_luid_0x00000000_0x0000e366_phys_0","dedicated usage","0"
"50.091","11436","pid_11436_luid_0x00000000_0x0000e366_phys_0","shared usage","81387520"
"50.115","8656","pid_8656_luid_0x00000000_0x0000e366_phys_0_eng_0_engtype_3d","utilization percentage","29.9222012913173"
"50.115","8656","pid_8656_luid_0x00000000_0x0000e366_phys_0_eng_10_engtype_legacyoverlay","utilization percentage","0"
"50.115","8656","pid_8656_luid_0x00000000_0x0000e366_phys_0_eng_11_engtype_","utilization percentage","0"
"50.115","8656","pid_8656_luid_0x00000000_0x0000e366_phys_0_eng_12_engtype_","utilization percentage","0"
"50.115","8656","pid_8656_luid_0x00000000_0x0000e366_phys_0_eng_1_engtype_videodecode","utilization percentage","4.42738558586685"
"50.115","8656","pid_8656_luid_0x00000000_0x0000e366_phys_0_eng_2_engtype_copy","utilization percentage","0"
"50.115","8656","pid_8656_luid_0x00000000_0x0000e366_phys_0_eng_3_engtype_videoprocessing","utilization percentage","0"
"50.115","8656","pid_8656_luid_0x00000000_0x0000e366_phys_0_eng_4_engtype_videodecode","utilization percentage","0"
"50.115","8656","pid_8656_luid_0x00000000_0x0000e366_phys_0_eng_5_engtype_","utilization percentage","0"
"50.115","8656","pid_8656_luid_0x00000000_0x0000e366_phys_0_eng_6_engtype_","utilization percentage","0"
"50.115","8656","pid_8656_luid_0x00000000_0x0000e366_phys_0_eng_7_engtype_","utilization percentage","0"
"50.115","8656","pid_8656_luid_0x00000000_0x0000e366_phys_0_eng_8_engtype_","utilization percentage","0"
"50.115","8656","pid_8656_luid_0x00000000_0x0000e366_phys_0_eng_9_engtype_","utilization percentage","0"
"50.115","8656","pid_8656_luid_0x00000000_0x0000e366_phys_0","dedicated usage","0"
"50.115","8656","pid_8656_luid_0x00000000_0x0000e366_phys_0","shared usage","397099008"
"50.144","11404","pid_11404_luid_0x00000000_0x0000e366_phys_0_eng_0_engtype_3d","utilization percentage","30.7183833051561"
"50.144","11404","pid_11404_luid_0x00000000_0x0000e366_phys_0_eng_10_engtype_legacyoverlay","utilization percentage","0"
"50.144","11404","pid_11404_luid_0x00000000_0x0000e366_phys_0_eng_11_engtype_","utilization percentage","0"
"50.144","11404","pid_11404_luid_0x00000000_0x0000e366_phys_0_eng_12_engtype_","utilization percentage","0"
"50.144","11404","pid_11404_luid_0x00000000_0x0000e366_phys_0_eng_1_engtype_videodecode","utilization percentage","4.72058517124645"
"50.144","11404","pid_11404_luid_0x00000000_0x0000e366_phys_0_eng_2_engtype_copy","utilization percentage","0"
"50.144","11404","pid_11404_luid_0x00000000_0x0000e366_phys_0_eng_3_engtype_videoprocessing","utilization percentage","0"
"50.144","11404","pid_11404_luid_0x00000000_0x0000e366_phys_0_eng_4_engtype_videodecode","utilization percentage","0"
"50.144","11404","pid_11404_luid_0x00000000_0x0000e366_phys_0_eng_5_engtype_","utilization percentage","0"
"50.144","11404","pid_11404_luid_0x00000000_0x0000e366_phys_0_eng_6_engtype_","utilization percentage","0"
"50.144","11404","pid_11404_luid_0x00000000_0x0000e366_phys_0_eng_7_engtype_","utilization percentage","0"
"50.144","11404","pid_11404_luid_0x00000000_0x0000e366_phys_0_eng_8_engtype_","utilization percentage","0"
"50.144","11404","pid_11404_luid_0x00000000_0x0000e366_phys_0_eng_9_engtype_","utilization percentage","0"
"50.144","11404","pid_11404_luid_0x00000000_0x0000e366_phys_0","dedicated usage","0"
"50.144","11404","pid_11404_luid_0x00000000_0x0000e366_phys_0","shared usage","394911744"
"51.174","11436","pid_11436_luid_0x00000000_0x0000e366_phys_0_eng_0_engtype_3d","utilization percentage","3.42465860960617"
"51.174","11436","pid_11436_luid_0x00000000_0x0000e366_phys_0_eng_10_engtype_legacyoverlay","utilization percentage","0"
"51.174","11436","pid_11436_luid_0x00000000_0x0000e366_phys_0_eng_11_engtype_","utilization percentage","0"
"51.174","11436","pid_11436_luid_0x00000000_0x0000e366_phys_0_eng_12_engtype_","utilization percentage","0"
"51.174","11436","pid_11436_luid_0x00000000_0x0000e366_phys_0_eng_1_engtype_videodecode","utilization percentage","1.22620800263912"
"51.174","11436","pid_11436_luid_0x00000000_0x0000e366_phys_0_eng_2_engtype_copy","utilization percentage","0"
"51.174","11436","pid_11436_luid_0x00000000_0x0000e366_phys_0_eng_3_engtype_videoprocessing","utilization percentage","0"
"51.174","11436","pid_11436_luid_0x00000000_0x0000e366_phys_0_eng_4_engtype_videodecode","utilization percentage","0"
"51.174","11436","pid_11436_luid_0x00000000_0x0000e366_phys_0_eng_5_engtype_","utilization percentage","0"
"51.174","11436","pid_11436_luid_0x00000000_0x0000e366_phys_0_eng_6_engtype_","utilization percentage","0"
"51.174","11436","pid_11436_luid_0x00000000_0x0000e366_phys_0_eng_7_engtype_","utilization percentage","0"
"51.174","11436","pid_11436_luid_0x00000000_0x0000e366_phys_0_eng_8_engtype_","utilization percentage","0"
"51.174","11436","pid_11436_luid_0x00000000_0x0000e366_phys_0_eng_9_engtype_","utilization percentage","0"
"51.174","11436","pid_11436_luid_0x00000000_0x0000e366_phys_0","dedicated usage","0"
"51.174","11436","pid_11436_luid_0x00000000_0x0000e366_phys_0","shared usage","81387520"
"51.185","8656","pid_8656_luid_0x00000000_0x0000e366_phys_0_eng_0_engtype_3d","utilization percentage","29.1504880976866"
"51.185","8656","pid_8656_luid_0x00000000_0x0000e366_phys_0_eng_10_engtype_legacyoverlay","utilization percentage","0"
"51.185","8656","pid_8656_luid_0x00000000_0x0000e366_phys_0_eng_11_engtype_","utilization percentage","0"
"51.185","8656","pid_8656_luid_0x00000000_0x0000e366_phys_0_eng_12_engtype_","utilization percentage","0"
"51.185","8656","pid_8656_luid_0x00000000_0x0000e366_phys_0_eng_1_engtype_videodecode","utilization percentage","4.32008081380492"
"51.185","8656","pid_8656_luid_0x00000000_0x0000e366_phys_0_eng_2_engtype_copy","utilization percentage","0"
"51.185","8656","pid_8656_luid_0x00000000_0x0000e366_phys_0_eng_3_engtype_videoprocessing","utilization percentage","0"
"51.185","8656","pid_8656_luid_0x00000000_0x0000e366_phys_0_eng_4_engtype_videodecode","utilization percentage","0"
"51.185","8656","pid_8656_luid_0x00000000_0x0000e366_phys_0_eng_5_engtype_","utilization percentage","0"
"51.185","8656","pid_8656_luid_0x00000000_0x0000e366_phys_0_eng_6_engtype_","utilization percentage","0"
"51.185","8656","pid_8656_luid_0x00000000_0x0000e366_phys_0_eng_7_engtype_","utilization percentage","0"
"51.185","8656","pid_8656_luid_0x00000000_0x0000e366_phys_0_eng_8_engtype_","utilization percentage","0"
"51.185","8656","pid_8656_luid_0x00000000_0x0000e366_phys_0_eng_9_engtype_","utilization percentage","0"
"51.185","8656","pid_8656_luid_0x00000000_0x0000e366_phys_0","dedicated usage","0"
"51.185","8656","pid_8656_luid_0x00000000_0x0000e366_phys_0","shared usage","397099008"
"51.201","11404","pid_11404_luid_0x00000000_0x0000e366_phys_0_eng_0_engtype_3d","utilization percentage","29.8982725384247"
"51.201","11404","pid_11404_luid_0x00000000_0x0000e366_phys_0_eng_10_engtype_legacyoverlay","utilization percentage","0"
"51.201","11404","pid_11404_luid_0x00000000_0x0000e366_phys_0_eng_11_engtype_","utilization percentage","0"
"51.201","11404","pid_11404_luid_0x00000000_0x0000e366_phys_0_eng_12_engtype_","utilization percentage","0"
"51.201","11404","pid_11404_luid_0x00000000_0x0000e366_phys_0_eng_1_engtype_videodecode","utilization percentage","5.01393027777529"
"51.201","11404","pid_11404_luid_0x00000000_0x0000e366_phys_0_eng_2_engtype_copy","utilization percentage","0"
"51.201","11404","pid_11404_luid_0x00000000_0x0000e366_phys_0_eng_3_engtype_videoprocessing","utilization percentage","0"
"51.201","11404","pid_11404_luid_0x00000000_0x0000e366_phys_0_eng_4_engtype_videodecode","utilization percentage","0"
"51.201","11404","pid_11404_luid_0x00000000_0x0000e366_phys_0_eng_5_engtype_","utilization percentage","0"
"51.201","11404","pid_11404_luid_0x00000000_0x0000e366_phys_0_eng_6_engtype_","utilization percentage","0"
"51.201","11404","pid_11404_luid_0x00000000_0x0000e366_phys_0_eng_7_engtype_","utilization percentage","0"
"51.201","11404","pid_11404_luid_0x00000000_0x0000e366_phys_0_eng_8_engtype_","utilization percentage","0"
"51.201","11404","pid_11404_luid_0x00000000_0x0000e366_phys_0_eng_9_engtype_","utilization percentage","0"
"51.201","11404","pid_11404_luid_0x00000000_0x0000e366_phys_0","dedicated usage","0"
"51.201","11404","pid_11404_luid_0x00000000_0x0000e366_phys_0","shared usage","400289792"
"52.242","11436","pid_11436_luid_0x00000000_0x0000e366_phys_0_eng_0_engtype_3d","utilization percentage","3.53487867754777"
"52.242","11436","pid_11436_luid_0x00000000_0x0000e366_phys_0_eng_10_engtype_legacyoverlay","utilization percentage","0"
"52.242","11436","pid_11436_luid_0x00000000_0x0000e366_phys_0_eng_11_engtype_","utilization percentage","0"
"52.242","11436","pid_11436_luid_0x00000000_0x0000e366_phys_0_eng_12_engtype_","utilization percentage","0"
"52.242","11436","pid_11436_luid_0x00000000_0x0000e366_phys_0_eng_1_engtype_videodecode","utilization percentage","1.1236926155162"
"52.242","11436","pid_11436_luid_0x00000000_0x0000e366_phys_0_eng_2_engtype_copy","utilization percentage","0"
"52.242","11436","pid_11436_luid_0x00000000_0x0000e366_phys_0_eng_3_engtype_videoprocessing","utilization percentage","0"
"52.242","11436","pid_11436_luid_0x00000000_0x0000e366_phys_0_eng_4_engtype_videodecode","utilization percentage","0"
"52.242","11436","pid_11436_luid_0x00000000_0x0000e366_phys_0_eng_5_engtype_","utilization percentage","0"
"52.242","11436","pid_11436_luid_0x00000000_0x0000e366_phys_0_eng_6_engtype_","utilization percentage","0"
"52.242","11436","pid_11436_luid_0x00000000_0x0000e366_phys_0_eng_7_engtype_","utilization percentage","0"
"52.242","11436","pid_11436_luid_0x00000000_0x0000e366_phys_0_eng_8_engtype_","utilization percentage","0"
"52.242","11436","pid_11436_luid_0x00000000_0x0000e366_phys_0_eng_9_engtype_","utilization percentage","0"
"52.242","11436","pid_11436_luid_0x00000000_0x0000e366_phys_0","dedicated usage","0"
"52.242","11436","pid_11436_luid_0x00000000_0x0000e366_phys_0","shared usage","81387520"
"52.252","8656","pid_8656_luid_0x00000000_0x0000e366_phys_0_eng_0_engtype_3d","utilization percentage","29.4971746159183"
"52.252","8656","pid_8656_luid_0x00000000_0x0000e366_phys_0_eng_10_engtype_legacyoverlay","utilization percentage","0"
"52.252","8656","pid_8656_luid_0x00000000_0x0000e366_phys_0_eng_11_engtype_","utilization percentage","0"
"52.252","8656","pid_8656_luid_0x00000000_0x0000e366_phys_0_eng_12_engtype_","utilization percentage","0"
"52.252","8656","pid_8656_luid_0x00000000_0x0000e366_phys_0_eng_1_engtype_videodecode","utilization percentage","4.27538615580059"
"52.252","8656","pid_8656_luid_0x00000000_0x0000e366_phys_0_eng_2_engtype_copy","utilization percentage","0"
"52.252","8656","pid_8656_luid_0x00000000_0x0000e366_phys_0_eng_3_engtype_videoprocessing","utilization percentage","0"
"52.252","8656","pid_8656_luid_0x00000000_0x0000e366_phys_0_eng_4_engtype_videodecode","utilization percentage","0"
"52.252","8656","pid_8656_luid_0x00000000_0x0000e366_phys_0_eng_5_engtype_","utilization percentage","0"
"52.252","8656","pid_8656_luid_0x00000000_0x0000e366_phys_0_eng_6_engtype_","utilization percentage","0"
"52.252","8656","pid_8656_luid_0x00000000_0x0000e366_phys_0_eng_7_engtype_","utilization percentage","0"
"52.252","8656","pid_8656_luid_0x00000000_0x0000e366_phys_0_eng_8_engtype_","utilization percentage","0"
"52.252","8656","pid_8656_luid_0x00000000_0x0000e366_phys_0_eng_9_engtype_","utilization percentage","0"
"52.252","8656","pid_8656_luid_0x00000000_0x0000e366_phys_0","dedicated usage","0"
"52.252","8656","pid_8656_luid_0x00000000_0x0000e366_phys_0","shared usage","397099008"
"52.279","11404","pid_11404_luid_0x00000000_0x0000e366_phys_0_eng_0_engtype_3d","utilization percentage","29.5902600821598"
"52.279","11404","pid_11404_luid_0x00000000_0x0000e366_phys_0_eng_10_engtype_legacyoverlay","utilization percentage","0"
"52.279","11404","pid_11404_luid_0x00000000_0x0000e366_phys_0_eng_11_engtype_","utilization percentage","0"
"52.279","11404","pid_11404_luid_0x00000000_0x0000e366_phys_0_eng_12_engtype_","utilization percentage","0"
"52.279","11404","pid_11404_luid_0x00000000_0x0000e366_phys_0_eng_1_engtype_videodecode","utilization percentage","4.7699910660051"
"52.279","11404","pid_11404_luid_0x00000000_0x0000e366_phys_0_eng_2_engtype_copy","utilization percentage","0"
"52.279","11404","pid_11404_luid_0x00000000_0x0000e366_phys_0_eng_3_engtype_videoprocessing","utilization percentage","0"
"52.279","11404","pid_11404_luid_0x00000000_0x0000e366_phys_0_eng_4_engtype_videodecode","utilization percentage","0"
"52.279","11404","pid_11404_luid_0x00000000_0x0000e366_phys_0_eng_5_engtype_","utilization percentage","0"
"52.279","11404","pid_11404_luid_0x00000000_0x0000e366_phys_0_eng_6_engtype_","utilization percentage","0"
"52.279","11404","pid_11404_luid_0x00000000_0x0000e366_phys_0_eng_7_engtype_","utilization percentage","0"
"52.279","11404","pid_11404_luid_0x00000000_0x0000e366_phys_0_eng_8_engtype_","utilization percentage","0"
"52.279","11404","pid_11404_luid_0x00000000_0x0000e366_phys_0_eng_9_engtype_","utilization percentage","0"
"52.279","11404","pid_11404_luid_0x00000000_0x0000e366_phys_0","dedicated usage","0"
"52.279","11404","pid_11404_luid_0x00000000_0x0000e366_phys_0","shared usage","394911744"
"53.309","11436","pid_11436_luid_0x00000000_0x0000e366_phys_0_eng_0_engtype_3d","utilization percentage","3.51146586574048"
"53.309","11436","pid_11436_luid_0x00000000_0x0000e366_phys_0_eng_10_engtype_legacyoverlay","utilization percentage","0"
"53.309","11436","pid_11436_luid_0x00000000_0x0000e366_phys_0_eng_11_engtype_","utilization percentage","0"
"53.309","11436","pid_11436_luid_0x00000000_0x0000e366_phys_0_eng_12_engtype_","utilization percentage","0"
"53.309","11436","pid_11436_luid_0x00000000_0x0000e366_phys_0_eng_1_engtype_videodecode","utilization percentage","1.10375205650635"
"53.309","11436","pid_11436_luid_0x00000000_0x0000e366_phys_0_eng_2_engtype_copy","utilization percentage","0"
"53.309","11436","pid_11436_luid_0x00000000_0x0000e366_phys_0_eng_3_engtype_videoprocessing","utilization percentage","0"
"53.309","11436","pid_11436_luid_0x00000000_0x0000e366_phys_0_eng_4_engtype_videodecode","utilization percentage","0"
"53.309","11436","pid_11436_luid_0x00000000_0x0000e366_phys_0_eng_5_engtype_","utilization percentage","0"
"53.309","11436","pid_11436_luid_0x00000000_0x0000e366_phys_0_eng_6_engtype_","utilization percentage","0"
"53.309","11436","pid_11436_luid_0x00000000_0x0000e366_phys_0_eng_7_engtype_","utilization percentage","0"
"53.309","11436","pid_11436_luid_0x00000000_0x0000e366_phys_0_eng_8_engtype_","utilization percentage","0"
"53.309","11436","pid_11436_luid_0x00000000_0x0000e366_phys_0_eng_9_engtype_","utilization percentage","0"
"53.309","11436","pid_11436_luid_0x00000000_0x0000e366_phys_0","dedicated usage","0"
"53.309","11436","pid_11436_luid_0x00000000_0x0000e366_phys_0","shared usage","81387520"
"53.327","8656","pid_8656_luid_0x00000000_0x0000e366_phys_0_eng_0_engtype_3d","utilization percentage","29.5281441697108"
"53.327","8656","pid_8656_luid_0x00000000_0x0000e366_phys_0_eng_10_engtype_legacyoverlay","utilization percentage","0"
"53.327","8656","pid_8656_luid_0x00000000_0x0000e366_phys_0_eng_11_engtype_","utilization percentage","0"
"53.327","8656","pid_8656_luid_0x00000000_0x0000e366_phys_0_eng_12_engtype_","utilization percentage","0"
"53.327","8656","pid_8656_luid_0x00000000_0x0000e366_phys_0_eng_1_engtype_videodecode","utilization percentage","4.40484743644684"
"53.327","8656","pid_8656_luid_0x00000000_0x0000e366_phys_0_eng_2_engtype_copy","utilization percentage","0"
"53.327","8656","pid_8656_luid_0x00000000_0x0000e366_phys_0_eng_3_engtype_videoprocessing","utilization percentage","0"
"53.327","8656","pid_8656_luid_0x00000000_0x0000e366_phys_0_eng_4_engtype_videodecode","utilization percentage","0"
"53.327","8656","pid_8656_luid_0x00000000_0x0000e366_phys_0_eng_5_engtype_","utilization percentage","0"
"53.327","8656","pid_8656_luid_0x00000000_0x0000e366_phys_0_eng_6_engtype_","utilization percentage","0"
"53.327","8656","pid_8656_luid_0x00000000_0x0000e366_phys_0_eng_7_engtype_","utilization percentage","0"
"53.327","8656","pid_8656_luid_0x00000000_0x0000e366_phys_0_eng_8_engtype_","utilization percentage","0"
"53.327","8656","pid_8656_luid_0x00000000_0x0000e366_phys_0_eng_9_engtype_","utilization percentage","0"
"53.327","8656","pid_8656_luid_0x00000000_0x0000e366_phys_0","dedicated usage","0"
"53.327","8656","pid_8656_luid_0x00000000_0x0000e366_phys_0","shared usage","397099008"
"53.356","11404","pid_11404_luid_0x00000000_0x0000e366_phys_0_eng_0_engtype_3d","utilization percentage","30.3195432533106"
"53.356","11404","pid_11404_luid_0x00000000_0x0000e366_phys_0_eng_10_engtype_legacyoverlay","utilization percentage","0"
"53.356","11404","pid_11404_luid_0x00000000_0x0000e366_phys_0_eng_11_engtype_","utilization percentage","0"
"53.356","11404","pid_11404_luid_0x00000000_0x0000e366_phys_0_eng_12_engtype_","utilization percentage","0"
"53.356","11404","pid_11404_luid_0x00000000_0x0000e366_phys_0_eng_1_engtype_videodecode","utilization percentage","4.65901701243943"
"53.356","11404","pid_11404_luid_0x00000000_0x0000e366_phys_0_eng_2_engtype_copy","utilization percentage","0"
"53.356","11404","pid_11404_luid_0x00000000_0x0000e366_phys_0_eng_3_engtype_videoprocessing","utilization percentage","0"
"53.356","11404","pid_11404_luid_0x00000000_0x0000e366_phys_0_eng_4_engtype_videodecode","utilization percentage","0"
"53.356","11404","pid_11404_luid_0x00000000_0x0000e366_phys_0_eng_5_engtype_","utilization percentage","0"
"53.356","11404","pid_11404_luid_0x00000000_0x0000e366_phys_0_eng_6_engtype_","utilization percentage","0"
"53.356","11404","pid_11404_luid_0x00000000_0x0000e366_phys_0_eng_7_engtype_","utilization percentage","0"
"53.356","11404","pid_11404_luid_0x00000000_0x0000e366_phys_0_eng_8_engtype_","utilization percentage","0"
"53.356","11404","pid_11404_luid_0x00000000_0x0000e366_phys_0_eng_9_engtype_","utilization percentage","0"
"53.356","11404","pid_11404_luid_0x00000000_0x0000e366_phys_0","dedicated usage","0"
"53.356","11404","pid_11404_luid_0x00000000_0x0000e366_phys_0","shared usage","394903552"
"54.396","11436","pid_11436_luid_0x00000000_0x0000e366_phys_0_eng_0_engtype_3d","utilization percentage","3.69335617203336"
"54.396","11436","pid_11436_luid_0x00000000_0x0000e366_phys_0_eng_10_engtype_legacyoverlay","utilization percentage","0"
"54.396","11436","pid_11436_luid_0x00000000_0x0000e366_phys_0_eng_11_engtype_","utilization percentage","0"
"54.396","11436","pid_11436_luid_0x00000000_0x0000e366_phys_0_eng_12_engtype_","utilization percentage","0"
"54.396","11436","pid_11436_luid_0x00000000_0x0000e366_phys_0_eng_1_engtype_videodecode","utilization percentage","1.17802132668667"
"54.396","11436","pid_11436_luid_0x00000000_0x0000e366_phys_0_eng_2_engtype_copy","utilization percentage","0"
"54.396","11436","pid_11436_luid_0x00000000_0x0000e366_phys_0_eng_3_engtype_videoprocessing","utilization percentage","0"
"54.396","11436","pid_11436_luid_0x00000000_0x0000e366_phys_0_eng_4_engtype_videodecode","utilization percentage","0"
"54.396","11436","pid_11436_luid_0x00000000_0x0000e366_phys_0_eng_5_engtype_","utilization percentage","0"
"54.396","11436","pid_11436_luid_0x00000000_0x0000e366_phys_0_eng_6_engtype_","utilization percentage","0"
"54.396","11436","pid_11436_luid_0x00000000_0x0000e366_phys_0_eng_7_engtype_","utilization percentage","0"
"54.396","11436","pid_11436_luid_0x00000000_0x0000e366_phys_0_eng_8_engtype_","utilization percentage","0"
"54.396","11436","pid_11436_luid_0x00000000_0x0000e366_phys_0_eng_9_engtype_","utilization percentage","0"
"54.396","11436","pid_11436_luid_0x00000000_0x0000e366_phys_0","dedicated usage","0"
"54.396","11436","pid_11436_luid_0x00000000_0x0000e366_phys_0","shared usage","81387520"
"54.407","8656","pid_8656_luid_0x00000000_0x0000e366_phys_0_eng_0_engtype_3d","utilization percentage","30.6606230364929"
"54.407","8656","pid_8656_luid_0x00000000_0x0000e366_phys_0_eng_10_engtype_legacyoverlay","utilization percentage","0"
"54.407","8656","pid_8656_luid_0x00000000_0x0000e366_phys_0_eng_11_engtype_","utilization percentage","0"
"54.407","8656","pid_8656_luid_0x00000000_0x0000e366_phys_0_eng_12_engtype_","utilization percentage","0"
"54.407","8656","pid_8656_luid_0x00000000_0x0000e366_phys_0_eng_1_engtype_videodecode","utilization percentage","4.46300119538257"
"54.407","8656","pid_8656_luid_0x00000000_0x0000e366_phys_0_eng_2_engtype_copy","utilization percentage","0"
"54.407","8656","pid_8656_luid_0x00000000_0x0000e366_phys_0_eng_3_engtype_videoprocessing","utilization percentage","0"
"54.407","8656","pid_8656_luid_0x00000000_0x0000e366_phys_0_eng_4_engtype_videodecode","utilization percentage","0"
"54.407","8656","pid_8656_luid_0x00000000_0x0000e366_phys_0_eng_5_engtype_","utilization percentage","0"
"54.407","8656","pid_8656_luid_0x00000000_0x0000e366_phys_0_eng_6_engtype_","utilization percentage","0"
"54.407","8656","pid_8656_luid_0x00000000_0x0000e366_phys_0_eng_7_engtype_","utilization percentage","0"
"54.407","8656","pid_8656_luid_0x00000000_0x0000e366_phys_0_eng_8_engtype_","utilization percentage","0"
"54.407","8656","pid_8656_luid_0x00000000_0x0000e366_phys_0_eng_9_engtype_","utilization percentage","0"
"54.407","8656","pid_8656_luid_0x00000000_0x0000e366_phys_0","dedicated usage","0"
"54.407","8656","pid_8656_luid_0x00000000_0x0000e366_phys_0","shared usage","397099008"
"54.418","11404","pid_11404_luid_0x00000000_0x0000e366_phys_0_eng_0_engtype_3d","utilization percentage","31.2617884147045"
"54.418","11404","pid_11404_luid_0x00000000_0x0000e366_phys_0_eng_10_engtype_legacyoverlay","utilization percentage","0"
"54.418","11404","pid_11404_luid_0x00000000_0x0000e366_phys_0_eng_11_engtype_","utilization percentage","0"
"54.418","11404","pid_11404_luid_0x00000000_0x0000e366_phys_0_eng_12_engtype_","utilization percentage","0"
"54.418","11404","pid_11404_luid_0x00000000_0x0000e366_phys_0_eng_1_engtype_videodecode","utilization percentage","4.94498770521564"
"54.418","11404","pid_11404_luid_0x00000000_0x0000e366_phys_0_eng_2_engtype_copy","utilization percentage","0"
"54.418","11404","pid_11404_luid_0x00000000_0x0000e366_phys_0_eng_3_engtype_videoprocessing","utilization percentage","0"
"54.418","11404","pid_11404_luid_0x00000000_0x0000e366_phys_0_eng_4_engtype_videodecode","utilization percentage","0"
"54.418","11404","pid_11404_luid_0x00000000_0x0000e366_phys_0_eng_5_engtype_","utilization percentage","0"
"54.418","11404","pid_11404_luid_0x00000000_0x0000e366_phys_0_eng_6_engtype_","utilization percentage","0"
"54.418","11404","pid_11404_luid_0x00000000_0x0000e366_phys_0_eng_7_engtype_","utilization percentage","0"
"54.418","11404","pid_11404_luid_0x00000000_0x0000e366_phys_0_eng_8_engtype_","utilization percentage","0"
"54.418","11404","pid_11404_luid_0x00000000_0x0000e366_phys_0_eng_9_engtype_","utilization percentage","0"
"54.418","11404","pid_11404_luid_0x00000000_0x0000e366_phys_0","dedicated usage","0"
"54.418","11404","pid_11404_luid_0x00000000_0x0000e366_phys_0","shared usage","394911744"
"55.45","11436","pid_11436_luid_0x00000000_0x0000e366_phys_0_eng_0_engtype_3d","utilization percentage","3.51404999983883"
"55.45","11436","pid_11436_luid_0x00000000_0x0000e366_phys_0_eng_10_engtype_legacyoverlay","utilization percentage","0"
"55.45","11436","pid_11436_luid_0x00000000_0x0000e366_phys_0_eng_11_engtype_","utilization percentage","0"
"55.45","11436","pid_11436_luid_0x00000000_0x0000e366_phys_0_eng_12_engtype_","utilization percentage","0"
"55.45","11436","pid_11436_luid_0x00000000_0x0000e366_phys_0_eng_1_engtype_videodecode","utilization percentage","1.24644083292994"
"55.45","11436","pid_11436_luid_0x00000000_0x0000e366_phys_0_eng_2_engtype_copy","utilization percentage","0"
"55.45","11436","pid_11436_luid_0x00000000_0x0000e366_phys_0_eng_3_engtype_videoprocessing","utilization percentage","0"
"55.45","11436","pid_11436_luid_0x00000000_0x0000e366_phys_0_eng_4_engtype_videodecode","utilization percentage","0"
"55.45","11436","pid_11436_luid_0x00000000_0x0000e366_phys_0_eng_5_engtype_","utilization percentage","0"
"55.45","11436","pid_11436_luid_0x00000000_0x0000e366_phys_0_eng_6_engtype_","utilization percentage","0"
"55.45","11436","pid_11436_luid_0x00000000_0x0000e366_phys_0_eng_7_engtype_","utilization percentage","0"
"55.45","11436","pid_11436_luid_0x00000000_0x0000e366_phys_0_eng_8_engtype_","utilization percentage","0"
"55.45","11436","pid_11436_luid_0x00000000_0x0000e366_phys_0_eng_9_engtype_","utilization percentage","0"
"55.45","11436","pid_11436_luid_0x00000000_0x0000e366_phys_0","dedicated usage","0"
"55.45","11436","pid_11436_luid_0x00000000_0x0000e366_phys_0","shared usage","81387520"
"55.46","8656","pid_8656_luid_0x00000000_0x0000e366_phys_0_eng_0_engtype_3d","utilization percentage","30.8446040685567"
"55.46","8656","pid_8656_luid_0x00000000_0x0000e366_phys_0_eng_10_engtype_legacyoverlay","utilization percentage","0"
"55.46","8656","pid_8656_luid_0x00000000_0x0000e366_phys_0_eng_11_engtype_","utilization percentage","0"
"55.46","8656","pid_8656_luid_0x00000000_0x0000e366_phys_0_eng_12_engtype_","utilization percentage","0"
"55.46","8656","pid_8656_luid_0x00000000_0x0000e366_phys_0_eng_1_engtype_videodecode","utilization percentage","4.5533258362585"
"55.46","8656","pid_8656_luid_0x00000000_0x0000e366_phys_0_eng_2_engtype_copy","utilization percentage","0"
"55.46","8656","pid_8656_luid_0x00000000_0x0000e366_phys_0_eng_3_engtype_videoprocessing","utilization percentage","0"
"55.46","8656","pid_8656_luid_0x00000000_0x0000e366_phys_0_eng_4_engtype_videodecode","utilization percentage","0"
"55.46","8656","pid_8656_luid_0x00000000_0x0000e366_phys_0_eng_5_engtype_","utilization percentage","0"
"55.46","8656","pid_8656_luid_0x00000000_0x0000e366_phys_0_eng_6_engtype_","utilization percentage","0"
"55.46","8656","pid_8656_luid_0x00000000_0x0000e366_phys_0_eng_7_engtype_","utilization percentage","0"
"55.46","8656","pid_8656_luid_0x00000000_0x0000e366_phys_0_eng_8_engtype_","utilization percentage","0"
"55.46","8656","pid_8656_luid_0x00000000_0x0000e366_phys_0_eng_9_engtype_","utilization percentage","0"
"55.46","8656","pid_8656_luid_0x00000000_0x0000e366_phys_0","dedicated usage","0"
"55.46","8656","pid_8656_luid_0x00000000_0x0000e366_phys_0","shared usage","402481152"
"55.473","11404","pid_11404_luid_0x00000000_0x0000e366_phys_0_eng_0_engtype_3d","utilization percentage","31.6602380292818"
"55.473","11404","pid_11404_luid_0x00000000_0x0000e366_phys_0_eng_10_engtype_legacyoverlay","utilization percentage","0"
"55.473","11404","pid_11404_luid_0x00000000_0x0000e366_phys_0_eng_11_engtype_","utilization percentage","0"
"55.473","11404","pid_11404_luid_0x00000000_0x0000e366_phys_0_eng_12_engtype_","utilization percentage","0"
"55.473","11404","pid_11404_luid_0x00000000_0x0000e366_phys_0_eng_1_engtype_videodecode","utilization percentage","4.85454556141505"
"55.473","11404","pid_11404_luid_0x00000000_0x0000e366_phys_0_eng_2_engtype_copy","utilization percentage","0"
"55.473","11404","pid_11404_luid_0x00000000_0x0000e366_phys_0_eng_3_engtype_videoprocessing","utilization percentage","0"
"55.473","11404","pid_11404_luid_0x00000000_0x0000e366_phys_0_eng_4_engtype_videodecode","utilization percentage","0"
"55.473","11404","pid_11404_luid_0x00000000_0x0000e366_phys_0_eng_5_engtype_","utilization percentage","0"
"55.473","11404","pid_11404_luid_0x00000000_0x0000e366_phys_0_eng_6_engtype_","utilization percentage","0"
"55.473","11404","pid_11404_luid_0x00000000_0x0000e366_phys_0_eng_7_engtype_","utilization percentage","0"
"55.473","11404","pid_11404_luid_0x00000000_0x0000e366_phys_0_eng_8_engtype_","utilization percentage","0"
"55.473","11404","pid_11404_luid_0x00000000_0x0000e366_phys_0_eng_9_engtype_","utilization percentage","0"
"55.473","11404","pid_11404_luid_0x00000000_0x0000e366_phys_0","dedicated usage","0"
"55.473","11404","pid_11404_luid_0x00000000_0x0000e366_phys_0","shared usage","400289792"
"56.509","11436","pid_11436_luid_0x00000000_0x0000e366_phys_0_eng_0_engtype_3d","utilization percentage","3.5524672020872"
"56.509","11436","pid_11436_luid_0x00000000_0x0000e366_phys_0_eng_10_engtype_legacyoverlay","utilization percentage","0"
"56.509","11436","pid_11436_luid_0x00000000_0x0000e366_phys_0_eng_11_engtype_","utilization percentage","0"
"56.509","11436","pid_11436_luid_0x00000000_0x0000e366_phys_0_eng_12_engtype_","utilization percentage","0"
"56.509","11436","pid_11436_luid_0x00000000_0x0000e366_phys_0_eng_1_engtype_videodecode","utilization percentage","1.12541597998756"
"56.509","11436","pid_11436_luid_0x00000000_0x0000e366_phys_0_eng_2_engtype_copy","utilization percentage","0"
"56.509","11436","pid_11436_luid_0x00000000_0x0000e366_phys_0_eng_3_engtype_videoprocessing","utilization percentage","0"
"56.509","11436","pid_11436_luid_0x00000000_0x0000e366_phys_0_eng_4_engtype_videodecode","utilization percentage","0"
"56.509","11436","pid_11436_luid_0x00000000_0x0000e366_phys_0_eng_5_engtype_","utilization percentage","0"
"56.509","11436","pid_11436_luid_0x00000000_0x0000e366_phys_0_eng_6_engtype_","utilization percentage","0"
"56.509","11436","pid_11436_luid_0x00000000_0x0000e366_phys_0_eng_7_engtype_","utilization percentage","0"
"56.509","11436","pid_11436_luid_0x00000000_0x0000e366_phys_0_eng_8_engtype_","utilization percentage","0"
"56.509","11436","pid_11436_luid_0x00000000_0x0000e366_phys_0_eng_9_engtype_","utilization percentage","0"
"56.509","11436","pid_11436_luid_0x00000000_0x0000e366_phys_0","dedicated usage","0"
"56.509","11436","pid_11436_luid_0x00000000_0x0000e366_phys_0","shared usage","81387520"
"56.54","8656","pid_8656_luid_0x00000000_0x0000e366_phys_0_eng_0_engtype_3d","utilization percentage","31.0009795108575"
"56.54","8656","pid_8656_luid_0x00000000_0x0000e366_phys_0_eng_10_engtype_legacyoverlay","utilization percentage","0"
"56.54","8656","pid_8656_luid_0x00000000_0x0000e366_phys_0_eng_11_engtype_","utilization percentage","0"
"56.54","8656","pid_8656_luid_0x00000000_0x0000e366_phys_0_eng_12_engtype_","utilization percentage","0"
"56.54","8656","pid_8656_luid_0x00000000_0x0000e366_phys_0_eng_1_engtype_videodecode","utilization percentage","4.52847845530116"
"56.54","8656","pid_8656_luid_0x00000000_0x0000e366_phys_0_eng_2_engtype_copy","utilization percentage","0"
"56.54","8656","pid_8656_luid_0x00000000_0x0000e366_phys_0_eng_3_engtype_videoprocessing","utilization percentage","0"
"56.54","8656","pid_8656_luid_0x00000000_0x0000e366_phys_0_eng_4_engtype_videodecode","utilization percentage","0"
"56.54","8656","pid_8656_luid_0x00000000_0x0000e366_phys_0_eng_5_engtype_","utilization percentage","0"
"56.54","8656","pid_8656_luid_0x00000000_0x0000e366_phys_0_eng_6_engtype_","utilization percentage","0"
"56.54","8656","pid_8656_luid_0x00000000_0x0000e366_phys_0_eng_7_engtype_","utilization percentage","0"
"56.54","8656","pid_8656_luid_0x00000000_0x0000e366_phys_0_eng_8_engtype_","utilization percentage","0"
"56.54","8656","pid_8656_luid_0x00000000_0x0000e366_phys_0_eng_9_engtype_","utilization percentage","0"
"56.54","8656","pid_8656_luid_0x00000000_0x0000e366_phys_0","dedicated usage","0"
"56.54","8656","pid_8656_luid_0x00000000_0x0000e366_phys_0","shared usage","397099008"
"56.566","11404","pid_11404_luid_0x00000000_0x0000e366_phys_0_eng_0_engtype_3d","utilization percentage","31.4337292237008"
"56.566","11404","pid_11404_luid_0x00000000_0x0000e366_phys_0_eng_10_engtype_legacyoverlay","utilization percentage","0"
"56.566","11404","pid_11404_luid_0x00000000_0x0000e366_phys_0_eng_11_engtype_","utilization percentage","0"
"56.566","11404","pid_11404_luid_0x00000000_0x0000e366_phys_0_eng_12_engtype_","utilization percentage","0"
"56.566","11404","pid_11404_luid_0x00000000_0x0000e366_phys_0_eng_1_engtype_videodecode","utilization percentage","4.80969530364458"
"56.566","11404","pid_11404_luid_0x00000000_0x0000e366_phys_0_eng_2_engtype_copy","utilization percentage","0"
"56.566","11404","pid_11404_luid_0x00000000_0x0000e366_phys_0_eng_3_engtype_videoprocessing","utilization percentage","0"
"56.566","11404","pid_11404_luid_0x00000000_0x0000e366_phys_0_eng_4_engtype_videodecode","utilization percentage","0"
"56.566","11404","pid_11404_luid_0x00000000_0x0000e366_phys_0_eng_5_engtype_","utilization percentage","0"
"56.566","11404","pid_11404_luid_0x00000000_0x0000e366_phys_0_eng_6_engtype_","utilization percentage","0"
"56.566","11404","pid_11404_luid_0x00000000_0x0000e366_phys_0_eng_7_engtype_","utilization percentage","0"
"56.566","11404","pid_11404_luid_0x00000000_0x0000e366_phys_0_eng_8_engtype_","utilization percentage","0"
"56.566","11404","pid_11404_luid_0x00000000_0x0000e366_phys_0_eng_9_engtype_","utilization percentage","0"
"56.566","11404","pid_11404_luid_0x00000000_0x0000e366_phys_0","dedicated usage","0"
"56.566","11404","pid_11404_luid_0x00000000_0x0000e366_phys_0","shared usage","394903552"
"57.608","11436","pid_11436_luid_0x00000000_0x0000e366_phys_0_eng_0_engtype_3d","utilization percentage","3.60253363206507"
"57.608","11436","pid_11436_luid_0x00000000_0x0000e366_phys_0_eng_10_engtype_legacyoverlay","utilization percentage","0"
"57.608","11436","pid_11436_luid_0x00000000_0x0000e366_phys_0_eng_11_engtype_","utilization percentage","0"
"57.608","11436","pid_11436_luid_0x00000000_0x0000e366_phys_0_eng_12_engtype_","utilization percentage","0"
"57.608","11436","pid_11436_luid_0x00000000_0x0000e366_phys_0_eng_1_engtype_videodecode","utilization percentage","1.16199718987793"
"57.608","11436","pid_11436_luid_0x00000000_0x0000e366_phys_0_eng_2_engtype_copy","utilization percentage","0"
"57.608","11436","pid_11436_luid_0x00000000_0x0000e366_phys_0_eng_3_engtype_videoprocessing","utilization percentage","0"
"57.608","11436","pid_11436_luid_0x00000000_0x0000e366_phys_0_eng_4_engtype_videodecode","utilization percentage","0"
"57.608","11436","pid_11436_luid_0x00000000_0x0000e366_phys_0_eng_5_engtype_","utilization percentage","0"
"57.608","11436","pid_11436_luid_0x00000000_0x0000e366_phys_0_eng_6_engtype_","utilization percentage","0"
"57.608","11436","pid_11436_luid_0x00000000_0x0000e366_phys_0_eng_7_engtype_","utilization percentage","0"
"57.608","11436","pid_11436_luid_0x00000000_0x0000e366_phys_0_eng_8_engtype_","utilization percentage","0"
"57.608","11436","pid_11436_luid_0x00000000_0x0000e366_phys_0_eng_9_engtype_","utilization percentage","0"
"57.608","11436","pid_11436_luid_0x00000000_0x0000e366_phys_0","dedicated usage","0"
"57.608","11436","pid_11436_luid_0x00000000_0x0000e366_phys_0","shared usage","81387520"
"57.622","8656","pid_8656_luid_0x00000000_0x0000e366_phys_0_eng_0_engtype_3d","utilization percentage","30.8449535625194"
"57.622","8656","pid_8656_luid_0x00000000_0x0000e366_phys_0_eng_10_engtype_legacyoverlay","utilization percentage","0"
"57.622","8656","pid_8656_luid_0x00000000_0x0000e366_phys_0_eng_11_engtype_","utilization percentage","0"
"57.622","8656","pid_8656_luid_0x00000000_0x0000e366_phys_0_eng_12_engtype_","utilization percentage","0"
"57.622","8656","pid_8656_luid_0x00000000_0x0000e366_phys_0_eng_1_engtype_videodecode","utilization percentage","4.49002041620064"
"57.622","8656","pid_8656_luid_0x00000000_0x0000e366_phys_0_eng_2_engtype_copy","utilization percentage","0"
"57.622","8656","pid_8656_luid_0x00000000_0x0000e366_phys_0_eng_3_engtype_videoprocessing","utilization percentage","0"
"57.622","8656","pid_8656_luid_0x00000000_0x0000e366_phys_0_eng_4_engtype_videodecode","utilization percentage","0"
"57.622","8656","pid_8656_luid_0x00000000_0x0000e366_phys_0_eng_5_engtype_","utilization percentage","0"
"57.622","8656","pid_8656_luid_0x00000000_0x0000e366_phys_0_eng_6_engtype_","utilization percentage","0"
"57.622","8656","pid_8656_luid_0x00000000_0x0000e366_phys_0_eng_7_engtype_","utilization percentage","0"
"57.622","8656","pid_8656_luid_0x00000000_0x0000e366_phys_0_eng_8_engtype_","utilization percentage","0"
"57.622","8656","pid_8656_luid_0x00000000_0x0000e366_phys_0_eng_9_engtype_","utilization percentage","0"
"57.622","8656","pid_8656_luid_0x00000000_0x0000e366_phys_0","dedicated usage","0"
"57.622","8656","pid_8656_luid_0x00000000_0x0000e366_phys_0","shared usage","402481152"
"57.639","11404","pid_11404_luid_0x00000000_0x0000e366_phys_0_eng_0_engtype_3d","utilization percentage","31.3155532074811"
"57.639","11404","pid_11404_luid_0x00000000_0x0000e366_phys_0_eng_10_engtype_legacyoverlay","utilization percentage","0"
"57.639","11404","pid_11404_luid_0x00000000_0x0000e366_phys_0_eng_11_engtype_","utilization percentage","0"
"57.639","11404","pid_11404_luid_0x00000000_0x0000e366_phys_0_eng_12_engtype_","utilization percentage","0"
"57.639","11404","pid_11404_luid_0x00000000_0x0000e366_phys_0_eng_1_engtype_videodecode","utilization percentage","4.87632366365964"
"57.639","11404","pid_11404_luid_0x00000000_0x0000e366_phys_0_eng_2_engtype_copy","utilization percentage","0"
"57.639","11404","pid_11404_luid_0x00000000_0x0000e366_phys_0_eng_3_engtype_videoprocessing","utilization percentage","0"
"57.639","11404","pid_11404_luid_0x00000000_0x0000e366_phys_0_eng_4_engtype_videodecode","utilization percentage","0"
"57.639","11404","pid_11404_luid_0x00000000_0x0000e366_phys_0_eng_5_engtype_","utilization percentage","0"
"57.639","11404","pid_11404_luid_0x00000000_0x0000e366_phys_0_eng_6_engtype_","utilization percentage","0"
"57.639","11404","pid_11404_luid_0x00000000_0x0000e366_phys_0_eng_7_engtype_","utilization percentage","0"
"57.639","11404","pid_11404_luid_0x00000000_0x0000e366_phys_0_eng_8_engtype_","utilization percentage","0"
"57.639","11404","pid_11404_luid_0x00000000_0x0000e366_phys_0_eng_9_engtype_","utilization percentage","0"
"57.639","11404","pid_11404_luid_0x00000000_0x0000e366_phys_0","dedicated usage","0"
"57.639","11404","pid_11404_luid_0x00000000_0x0000e366_phys_0","shared usage","400289792"
"58.68","11436","pid_11436_luid_0x00000000_0x0000e366_phys_0_eng_0_engtype_3d","utilization percentage","3.58443526883404"
"58.68","11436","pid_11436_luid_0x00000000_0x0000e366_phys_0_eng_10_engtype_legacyoverlay","utilization percentage","0"
"58.68","11436","pid_11436_luid_0x00000000_0x0000e366_phys_0_eng_11_engtype_","utilization percentage","0"
"58.68","11436","pid_11436_luid_0x00000000_0x0000e366_phys_0_eng_12_engtype_","utilization percentage","0"
"58.68","11436","pid_11436_luid_0x00000000_0x0000e366_phys_0_eng_1_engtype_videodecode","utilization percentage","1.18433422215262"
"58.68","11436","pid_11436_luid_0x00000000_0x0000e366_phys_0_eng_2_engtype_copy","utilization percentage","0"
"58.68","11436","pid_11436_luid_0x00000000_0x0000e366_phys_0_eng_3_engtype_videoprocessing","utilization percentage","0"
"58.68","11436","pid_11436_luid_0x00000000_0x0000e366_phys_0_eng_4_engtype_videodecode","utilization percentage","0"
"58.68","11436","pid_11436_luid_0x00000000_0x0000e366_phys_0_eng_5_engtype_","utilization percentage","0"
"58.68","11436","pid_11436_luid_0x00000000_0x0000e366_phys_0_eng_6_engtype_","utilization percentage","0"
"58.68","11436","pid_11436_luid_0x00000000_0x0000e366_phys_0_eng_7_engtype_","utilization percentage","0"
"58.68","11436","pid_11436_luid_0x00000000_0x0000e366_phys_0_eng_8_engtype_","utilization percentage","0"
"58.68","11436","pid_11436_luid_0x00000000_0x0000e366_phys_0_eng_9_engtype_","utilization percentage","0"
"58.68","11436","pid_11436_luid_0x00000000_0x0000e366_phys_0","dedicated usage","0"
"58.68","11436","pid_11436_luid_0x00000000_0x0000e366_phys_0","shared usage","81387520"
"58.691","8656","pid_8656_luid_0x00000000_0x0000e366_phys_0_eng_0_engtype_3d","utilization percentage","30.9542992146976"
"58.691","8656","pid_8656_luid_0x00000000_0x0000e366_phys_0_eng_10_engtype_legacyoverlay","utilization percentage","0"
"58.691","8656","pid_8656_luid_0x00000000_0x0000e366_phys_0_eng_11_engtype_","utilization percentage","0"
"58.691","8656","pid_8656_luid_0x00000000_0x0000e366_phys_0_eng_12_engtype_","utilization percentage","0"
"58.691","8656","pid_8656_luid_0x00000000_0x0000e366_phys_0_eng_1_engtype_videodecode","utilization percentage","4.49784506765886"
"58.691","8656","pid_8656_luid_0x00000000_0x0000e366_phys_0_eng_2_engtype_copy","utilization percentage","0"
"58.691","8656","pid_8656_luid_0x00000000_0x0000e366_phys_0_eng_3_engtype_videoprocessing","utilization percentage","0"
"58.691","8656","pid_8656_luid_0x00000000_0x0000e366_phys_0_eng_4_engtype_videodecode","utilization percentage","0"
"58.691","8656","pid_8656_luid_0x00000000_0x0000e366_phys_0_eng_5_engtype_","utilization percentage","0"
"58.691","8656","pid_8656_luid_0x00000000_0x0000e366_phys_0_eng_6_engtype_","utilization percentage","0"
"58.691","8656","pid_8656_luid_0x00000000_0x0000e366_phys_0_eng_7_engtype_","utilization percentage","0"
"58.691","8656","pid_8656_luid_0x00000000_0x0000e366_phys_0_eng_8_engtype_","utilization percentage","0"
"58.691","8656","pid_8656_luid_0x00000000_0x0000e366_phys_0_eng_9_engtype_","utilization percentage","0"
"58.691","8656","pid_8656_luid_0x00000000_0x0000e366_phys_0","dedicated usage","0"
"58.691","8656","pid_8656_luid_0x00000000_0x0000e366_phys_0","shared usage","397099008"
"58.727","11404","pid_11404_luid_0x00000000_0x0000e366_phys_0_eng_0_engtype_3d","utilization percentage","31.1736376292622"
"58.727","11404","pid_11404_luid_0x00000000_0x0000e366_phys_0_eng_10_engtype_legacyoverlay","utilization percentage","0"
"58.727","11404","pid_11404_luid_0x00000000_0x0000e366_phys_0_eng_11_engtype_","utilization percentage","0"
"58.727","11404","pid_11404_luid_0x00000000_0x0000e366_phys_0_eng_12_engtype_","utilization percentage","0"
"58.727","11404","pid_11404_luid_0x00000000_0x0000e366_phys_0_eng_1_engtype_videodecode","utilization percentage","4.92247417087423"
"58.727","11404","pid_11404_luid_0x00000000_0x0000e366_phys_0_eng_2_engtype_copy","utilization percentage","0"
"58.727","11404","pid_11404_luid_0x00000000_0x0000e366_phys_0_eng_3_engtype_videoprocessing","utilization percentage","0"
"58.727","11404","pid_11404_luid_0x00000000_0x0000e366_phys_0_eng_4_engtype_videodecode","utilization percentage","0"
"58.727","11404","pid_11404_luid_0x00000000_0x0000e366_phys_0_eng_5_engtype_","utilization percentage","0"
"58.727","11404","pid_11404_luid_0x00000000_0x0000e366_phys_0_eng_6_engtype_","utilization percentage","0"
"58.727","11404","pid_11404_luid_0x00000000_0x0000e366_phys_0_eng_7_engtype_","utilization percentage","0"
"58.727","11404","pid_11404_luid_0x00000000_0x0000e366_phys_0_eng_8_engtype_","utilization percentage","0"
"58.727","11404","pid_11404_luid_0x00000000_0x0000e366_phys_0_eng_9_engtype_","utilization percentage","0"
"58.727","11404","pid_11404_luid_0x00000000_0x0000e366_phys_0","dedicated usage","0"
"58.727","11404","pid_11404_luid_0x00000000_0x0000e366_phys_0","shared usage","400289792"
"59.767","11436","pid_11436_luid_0x00000000_0x0000e366_phys_0_eng_0_engtype_3d","utilization percentage","3.50888532742875"
"59.767","11436","pid_11436_luid_0x00000000_0x0000e366_phys_0_eng_10_engtype_legacyoverlay","utilization percentage","0"
"59.767","11436","pid_11436_luid_0x00000000_0x0000e366_phys_0_eng_11_engtype_","utilization percentage","0"
"59.767","11436","pid_11436_luid_0x00000000_0x0000e366_phys_0_eng_12_engtype_","utilization percentage","0"
"59.767","11436","pid_11436_luid_0x00000000_0x0000e366_phys_0_eng_1_engtype_videodecode","utilization percentage","1.24123515267965"
"59.767","11436","pid_11436_luid_0x00000000_0x0000e366_phys_0_eng_2_engtype_copy","utilization percentage","0"
"59.767","11436","pid_11436_luid_0x00000000_0x0000e366_phys_0_eng_3_engtype_videoprocessing","utilization percentage","0"
"59.767","11436","pid_11436_luid_0x00000000_0x0000e366_phys_0_eng_4_engtype_videodecode","utilization percentage","0"
"59.767","11436","pid_11436_luid_0x00000000_0x0000e366_phys_0_eng_5_engtype_","utilization percentage","0"
"59.767","11436","pid_11436_luid_0x00000000_0x0000e366_phys_0_eng_6_engtype_","utilization percentage","0"
"59.767","11436","pid_11436_luid_0x00000000_0x0000e366_phys_0_eng_7_engtype_","utilization percentage","0"
"59.767","11436","pid_11436_luid_0x00000000_0x0000e366_phys_0_eng_8_engtype_","utilization percentage","0"
"59.767","11436","pid_11436_luid_0x00000000_0x0000e366_phys_0_eng_9_engtype_","utilization percentage","0"
"59.767","11436","pid_11436_luid_0x00000000_0x0000e366_phys_0","dedicated usage","0"
"59.767","11436","pid_11436_luid_0x00000000_0x0000e366_phys_0","shared usage","81387520"
"59.779","8656","pid_8656_luid_0x00000000_0x0000e366_phys_0_eng_0_engtype_3d","utilization percentage","30.648159964437"
"59.779","8656","pid_8656_luid_0x00000000_0x0000e366_phys_0_eng_10_engtype_legacyoverlay","utilization percentage","0"
"59.779","8656","pid_8656_luid_0x00000000_0x0000e366_phys_0_eng_11_engtype_","utilization percentage","0"
"59.779","8656","pid_8656_luid_0x00000000_0x0000e366_phys_0_eng_12_engtype_","utilization percentage","0"
"59.779","8656","pid_8656_luid_0x00000000_0x0000e366_phys_0_eng_1_engtype_videodecode","utilization percentage","4.56009614100878"
"59.779","8656","pid_8656_luid_0x00000000_0x0000e366_phys_0_eng_2_engtype_copy","utilization percentage","0"
"59.779","8656","pid_8656_luid_0x00000000_0x0000e366_phys_0_eng_3_engtype_videoprocessing","utilization percentage","0"
"59.779","8656","pid_8656_luid_0x00000000_0x0000e366_phys_0_eng_4_engtype_videodecode","utilization percentage","0"
"59.779","8656","pid_8656_luid_0x00000000_0x0000e366_phys_0_eng_5_engtype_","utilization percentage","0"
"59.779","8656","pid_8656_luid_0x00000000_0x0000e366_phys_0_eng_6_engtype_","utilization percentage","0"
"59.779","8656","pid_8656_luid_0x00000000_0x0000e366_phys_0_eng_7_engtype_","utilization percentage","0"
"59.779","8656","pid_8656_luid_0x00000000_0x0000e366_phys_0_eng_8_engtype_","utilization percentage","0"
"59.779","8656","pid_8656_luid_0x00000000_0x0000e366_phys_0_eng_9_engtype_","utilization percentage","0"
"59.779","8656","pid_8656_luid_0x00000000_0x0000e366_phys_0","dedicated usage","0"
"59.779","8656","pid_8656_luid_0x00000000_0x0000e366_phys_0","shared usage","397099008"
"59.789","11404","pid_11404_luid_0x00000000_0x0000e366_phys_0_eng_0_engtype_3d","utilization percentage","30.647460194606"
"59.789","11404","pid_11404_luid_0x00000000_0x0000e366_phys_0_eng_10_engtype_legacyoverlay","utilization percentage","0"
"59.789","11404","pid_11404_luid_0x00000000_0x0000e366_phys_0_eng_11_engtype_","utilization percentage","0"
"59.789","11404","pid_11404_luid_0x00000000_0x0000e366_phys_0_eng_12_engtype_","utilization percentage","0"
"59.789","11404","pid_11404_luid_0x00000000_0x0000e366_phys_0_eng_1_engtype_videodecode","utilization percentage","4.94159039635884"
"59.789","11404","pid_11404_luid_0x00000000_0x0000e366_phys_0_eng_2_engtype_copy","utilization percentage","0"
"59.789","11404","pid_11404_luid_0x00000000_0x0000e366_phys_0_eng_3_engtype_videoprocessing","utilization percentage","0"
"59.789","11404","pid_11404_luid_0x00000000_0x0000e366_phys_0_eng_4_engtype_videodecode","utilization percentage","0"
"59.789","11404","pid_11404_luid_0x00000000_0x0000e366_phys_0_eng_5_engtype_","utilization percentage","0"
"59.789","11404","pid_11404_luid_0x00000000_0x0000e366_phys_0_eng_6_engtype_","utilization percentage","0"
"59.789","11404","pid_11404_luid_0x00000000_0x0000e366_phys_0_eng_7_engtype_","utilization percentage","0"
"59.789","11404","pid_11404_luid_0x00000000_0x0000e366_phys_0_eng_8_engtype_","utilization percentage","0"
"59.789","11404","pid_11404_luid_0x00000000_0x0000e366_phys_0_eng_9_engtype_","utilization percentage","0"
"59.789","11404","pid_11404_luid_0x00000000_0x0000e366_phys_0","dedicated usage","0"
"59.789","11404","pid_11404_luid_0x00000000_0x0000e366_phys_0","shared usage","394911744"
"60.824","11436","pid_11436_luid_0x00000000_0x0000e366_phys_0_eng_0_engtype_3d","utilization percentage","3.72574052833761"
"60.824","11436","pid_11436_luid_0x00000000_0x0000e366_phys_0_eng_10_engtype_legacyoverlay","utilization percentage","0"
"60.824","11436","pid_11436_luid_0x00000000_0x0000e366_phys_0_eng_11_engtype_","utilization percentage","0"
"60.824","11436","pid_11436_luid_0x00000000_0x0000e366_phys_0_eng_12_engtype_","utilization percentage","0"
"60.824","11436","pid_11436_luid_0x00000000_0x0000e366_phys_0_eng_1_engtype_videodecode","utilization percentage","1.32638168235415"
"60.824","11436","pid_11436_luid_0x00000000_0x0000e366_phys_0_eng_2_engtype_copy","utilization percentage","0"
"60.824","11436","pid_11436_luid_0x00000000_0x0000e366_phys_0_eng_3_engtype_videoprocessing","utilization percentage","0"
"60.824","11436","pid_11436_luid_0x00000000_0x0000e366_phys_0_eng_4_engtype_videodecode","utilization percentage","0"
"60.824","11436","pid_11436_luid_0x00000000_0x0000e366_phys_0_eng_5_engtype_","utilization percentage","0"
"60.824","11436","pid_11436_luid_0x00000000_0x0000e366_phys_0_eng_6_engtype_","utilization percentage","0"
"60.824","11436","pid_11436_luid_0x00000000_0x0000e366_phys_0_eng_7_engtype_","utilization percentage","0"
"60.824","11436","pid_11436_luid_0x00000000_0x0000e366_phys_0_eng_8_engtype_","utilization percentage","0"
"60.824","11436","pid_11436_luid_0x00000000_0x0000e366_phys_0_eng_9_engtype_","utilization percentage","0"
"60.824","11436","pid_11436_luid_0x00000000_0x0000e366_phys_0","dedicated usage","0"
"60.824","11436","pid_11436_luid_0x00000000_0x0000e366_phys_0","shared usage","81387520"
"60.836","8656","pid_8656_luid_0x00000000_0x0000e366_phys_0_eng_0_engtype_3d","utilization percentage","29.0530215103683"
"60.836","8656","pid_8656_luid_0x00000000_0x0000e366_phys_0_eng_10_engtype_legacyoverlay","utilization percentage","0"
"60.836","8656","pid_8656_luid_0x00000000_0x0000e366_phys_0_eng_11_engtype_","utilization percentage","0"
"60.836","8656","pid_8656_luid_0x00000000_0x0000e366_phys_0_eng_12_engtype_","utilization percentage","0"
"60.836","8656","pid_8656_luid_0x00000000_0x0000e366_phys_0_eng_1_engtype_videodecode","utilization percentage","4.16984323131914"
"60.836","8656","pid_8656_luid_0x00000000_0x0000e366_phys_0_eng_2_engtype_copy","utilization percentage","0"
"60.836","8656","pid_8656_luid_0x00000000_0x0000e366_phys_0_eng_3_engtype_videoprocessing","utilization percentage","0"
"60.836","8656","pid_8656_luid_0x00000000_0x0000e366_phys_0_eng_4_engtype_videodecode","utilization percentage","0"
"60.836","8656","pid_8656_luid_0x00000000_0x0000e366_phys_0_eng_5_engtype_","utilization percentage","0"
"60.836","8656","pid_8656_luid_0x00000000_0x0000e366_phys_0_eng_6_engtype_","utilization percentage","0"
"60.836","8656","pid_8656_luid_0x00000000_0x0000e366_phys_0_eng_7_engtype_","utilization percentage","0"
"60.836","8656","pid_8656_luid_0x00000000_0x0000e366_phys_0_eng_8_engtype_","utilization percentage","0"
"60.836","8656","pid_8656_luid_0x00000000_0x0000e366_phys_0_eng_9_engtype_","utilization percentage","0"
"60.836","8656","pid_8656_luid_0x00000000_0x0000e366_phys_0","dedicated usage","0"
"60.836","8656","pid_8656_luid_0x00000000_0x0000e366_phys_0","shared usage","402481152"
"60.865","11404","pid_11404_luid_0x00000000_0x0000e366_phys_0_eng_0_engtype_3d","utilization percentage","30.2011457631644"
"60.865","11404","pid_11404_luid_0x00000000_0x0000e366_phys_0_eng_10_engtype_legacyoverlay","utilization percentage","0"
"60.865","11404","pid_11404_luid_0x00000000_0x0000e366_phys_0_eng_11_engtype_","utilization percentage","0"
"60.865","11404","pid_11404_luid_0x00000000_0x0000e366_phys_0_eng_12_engtype_","utilization percentage","0"
"60.865","11404","pid_11404_luid_0x00000000_0x0000e366_phys_0_eng_1_engtype_videodecode","utilization percentage","4.76226779786505"
"60.865","11404","pid_11404_luid_0x00000000_0x0000e366_phys_0_eng_2_engtype_copy","utilization percentage","0"
"60.865","11404","pid_11404_luid_0x00000000_0x0000e366_phys_0_eng_3_engtype_videoprocessing","utilization percentage","0"
"60.865","11404","pid_11404_luid_0x00000000_0x0000e366_phys_0_eng_4_engtype_videodecode","utilization percentage","0"
"60.865","11404","pid_11404_luid_0x00000000_0x0000e366_phys_0_eng_5_engtype_","utilization percentage","0"
"60.865","11404","pid_11404_luid_0x00000000_0x0000e366_phys_0_eng_6_engtype_","utilization percentage","0"
"60.865","11404","pid_11404_luid_0x00000000_0x0000e366_phys_0_eng_7_engtype_","utilization percentage","0"
"60.865","11404","pid_11404_luid_0x00000000_0x0000e366_phys_0_eng_8_engtype_","utilization percentage","0"
"60.865","11404","pid_11404_luid_0x00000000_0x0000e366_phys_0_eng_9_engtype_","utilization percentage","0"
"60.865","11404","pid_11404_luid_0x00000000_0x0000e366_phys_0","dedicated usage","0"
"60.865","11404","pid_11404_luid_0x00000000_0x0000e366_phys_0","shared usage","400289792"
"61.891","11436","pid_11436_luid_0x00000000_0x0000e366_phys_0_eng_0_engtype_3d","utilization percentage","3.45623690165997"
"61.891","11436","pid_11436_luid_0x00000000_0x0000e366_phys_0_eng_10_engtype_legacyoverlay","utilization percentage","0"
"61.891","11436","pid_11436_luid_0x00000000_0x0000e366_phys_0_eng_11_engtype_","utilization percentage","0"
"61.891","11436","pid_11436_luid_0x00000000_0x0000e366_phys_0_eng_12_engtype_","utilization percentage","0"
"61.891","11436","pid_11436_luid_0x00000000_0x0000e366_phys_0_eng_1_engtype_videodecode","utilization percentage","1.23368518398888"
"61.891","11436","pid_11436_luid_0x00000000_0x0000e366_phys_0_eng_2_engtype_copy","utilization percentage","0"
"61.891","11436","pid_11436_luid_0x00000000_0x0000e366_phys_0_eng_3_engtype_videoprocessing","utilization percentage","0"
"61.891","11436","pid_11436_luid_0x00000000_0x0000e366_phys_0_eng_4_engtype_videodecode","utilization percentage","0"
"61.891","11436","pid_11436_luid_0x00000000_0x0000e366_phys_0_eng_5_engtype_","utilization percentage","0"
"61.891","11436","pid_11436_luid_0x00000000_0x0000e366_phys_0_eng_6_engtype_","utilization percentage","0"
"61.891","11436","pid_11436_luid_0x00000000_0x0000e366_phys_0_eng_7_engtype_","utilization percentage","0"
"61.891","11436","pid_11436_luid_0x00000000_0x0000e366_phys_0_eng_8_engtype_","utilization percentage","0"
"61.891","11436","pid_11436_luid_0x00000000_0x0000e366_phys_0_eng_9_engtype_","utilization percentage","0"
"61.891","11436","pid_11436_luid_0x00000000_0x0000e366_phys_0","dedicated usage","0"
"61.891","11436","pid_11436_luid_0x00000000_0x0000e366_phys_0","shared usage","81387520"
"61.901","8656","pid_8656_luid_0x00000000_0x0000e366_phys_0_eng_0_engtype_3d","utilization percentage","27.7943725272844"
"61.901","8656","pid_8656_luid_0x00000000_0x0000e366_phys_0_eng_10_engtype_legacyoverlay","utilization percentage","0"
"61.901","8656","pid_8656_luid_0x00000000_0x0000e366_phys_0_eng_11_engtype_","utilization percentage","0"
"61.901","8656","pid_8656_luid_0x00000000_0x0000e366_phys_0_eng_12_engtype_","utilization percentage","0"
"61.901","8656","pid_8656_luid_0x00000000_0x0000e366_phys_0_eng_1_engtype_videodecode","utilization percentage","4.13872252848575"
"61.901","8656","pid_8656_luid_0x00000000_0x0000e366_phys_0_eng_2_engtype_copy","utilization percentage","0"
"61.901","8656","pid_8656_luid_0x00000000_0x0000e366_phys_0_eng_3_engtype_videoprocessing","utilization percentage","0"
"61.901","8656","pid_8656_luid_0x00000000_0x0000e366_phys_0_eng_4_engtype_videodecode","utilization percentage","0"
"61.901","8656","pid_8656_luid_0x00000000_0x0000e366_phys_0_eng_5_engtype_","utilization percentage","0"
"61.901","8656","pid_8656_luid_0x00000000_0x0000e366_phys_0_eng_6_engtype_","utilization percentage","0"
"61.901","8656","pid_8656_luid_0x00000000_0x0000e366_phys_0_eng_7_engtype_","utilization percentage","0"
"61.901","8656","pid_8656_luid_0x00000000_0x0000e366_phys_0_eng_8_engtype_","utilization percentage","0"
"61.901","8656","pid_8656_luid_0x00000000_0x0000e366_phys_0_eng_9_engtype_","utilization percentage","0"
"61.901","8656","pid_8656_luid_0x00000000_0x0000e366_phys_0","dedicated usage","0"
"61.901","8656","pid_8656_luid_0x00000000_0x0000e366_phys_0","shared usage","397099008"
"61.916","11404","pid_11404_luid_0x00000000_0x0000e366_phys_0_eng_0_engtype_3d","utilization percentage","27.9485820066753"
"61.916","11404","pid_11404_luid_0x00000000_0x0000e366_phys_0_eng_10_engtype_legacyoverlay","utilization percentage","0"
"61.916","11404","pid_11404_luid_0x00000000_0x0000e366_phys_0_eng_11_engtype_","utilization percentage","0"
"61.916","11404","pid_11404_luid_0x00000000_0x0000e366_phys_0_eng_12_engtype_","utilization percentage","0"
"61.916","11404","pid_11404_luid_0x00000000_0x0000e366_phys_0_eng_1_engtype_videodecode","utilization percentage","4.83062245938831"
"61.916","11404","pid_11404_luid_0x00000000_0x0000e366_phys_0_eng_2_engtype_copy","utilization percentage","0"
"61.916","11404","pid_11404_luid_0x00000000_0x0000e366_phys_0_eng_3_engtype_videoprocessing","utilization percentage","0"
"61.916","11404","pid_11404_luid_0x00000000_0x0000e366_phys_0_eng_4_engtype_videodecode","utilization percentage","0"
"61.916","11404","pid_11404_luid_0x00000000_0x0000e366_phys_0_eng_5_engtype_","utilization percentage","0"
"61.916","11404","pid_11404_luid_0x00000000_0x0000e366_phys_0_eng_6_engtype_","utilization percentage","0"
"61.916","11404","pid_11404_luid_0x00000000_0x0000e366_phys_0_eng_7_engtype_","utilization percentage","0"
"61.916","11404","pid_11404_luid_0x00000000_0x0000e366_phys_0_eng_8_engtype_","utilization percentage","0"
"61.916","11404","pid_11404_luid_0x00000000_0x0000e366_phys_0_eng_9_engtype_","utilization percentage","0"
"61.916","11404","pid_11404_luid_0x00000000_0x0000e366_phys_0","dedicated usage","0"
"61.916","11404","pid_11404_luid_0x00000000_0x0000e366_phys_0","shared usage","400289792"
"62.944","11436","pid_11436_luid_0x00000000_0x0000e366_phys_0_eng_0_engtype_3d","utilization percentage","3.56772655530774"
"62.944","11436","pid_11436_luid_0x00000000_0x0000e366_phys_0_eng_10_engtype_legacyoverlay","utilization percentage","0"
"62.944","11436","pid_11436_luid_0x00000000_0x0000e366_phys_0_eng_11_engtype_","utilization percentage","0"
"62.944","11436","pid_11436_luid_0x00000000_0x0000e366_phys_0_eng_12_engtype_","utilization percentage","0"
"62.944","11436","pid_11436_luid_0x00000000_0x0000e366_phys_0_eng_1_engtype_videodecode","utilization percentage","1.19110824200902"
"62.944","11436","pid_11436_luid_0x00000000_0x0000e366_phys_0_eng_2_engtype_copy","utilization percentage","0"
"62.944","11436","pid_11436_luid_0x00000000_0x0000e366_phys_0_eng_3_engtype_videoprocessing","utilization percentage","0"
"62.944","11436","pid_11436_luid_0x00000000_0x0000e366_phys_0_eng_4_engtype_videodecode","utilization percentage","0"
"62.944","11436","pid_11436_luid_0x00000000_0x0000e366_phys_0_eng_5_engtype_","utilization percentage","0"
"62.944","11436","pid_11436_luid_0x00000000_0x0000e366_phys_0_eng_6_engtype_","utilization percentage","0"
"62.944","11436","pid_11436_luid_0x00000000_0x0000e366_phys_0_eng_7_engtype_","utilization percentage","0"
"62.944","11436","pid_11436_luid_0x00000000_0x0000e366_phys_0_eng_8_engtype_","utilization percentage","0"
"62.944","11436","pid_11436_luid_0x00000000_0x0000e366_phys_0_eng_9_engtype_","utilization percentage","0"
"62.944","11436","pid_11436_luid_0x00000000_0x0000e366_phys_0","dedicated usage","0"
"62.944","11436","pid_11436_luid_0x00000000_0x0000e366_phys_0","shared usage","81387520"
"62.96","8656","pid_8656_luid_0x00000000_0x0000e366_phys_0_eng_0_engtype_3d","utilization percentage","28.2137729446587"
"62.96","8656","pid_8656_luid_0x00000000_0x0000e366_phys_0_eng_10_engtype_legacyoverlay","utilization percentage","0"
"62.96","8656","pid_8656_luid_0x00000000_0x0000e366_phys_0_eng_11_engtype_","utilization percentage","0"
"62.96","8656","pid_8656_luid_0x00000000_0x0000e366_phys_0_eng_12_engtype_","utilization percentage","0"
"62.96","8656","pid_8656_luid_0x00000000_0x0000e366_phys_0_eng_1_engtype_videodecode","utilization percentage","4.22635276611413"
"62.96","8656","pid_8656_luid_0x00000000_0x0000e366_phys_0_eng_2_engtype_copy","utilization percentage","0"
"62.96","8656","pid_8656_luid_0x00000000_0x0000e366_phys_0_eng_3_engtype_videoprocessing","utilization percentage","0"
"62.96","8656","pid_8656_luid_0x00000000_0x0000e366_phys_0_eng_4_engtype_videodecode","utilization percentage","0"
"62.96","8656","pid_8656_luid_0x00000000_0x0000e366_phys_0_eng_5_engtype_","utilization percentage","0"
"62.96","8656","pid_8656_luid_0x00000000_0x0000e366_phys_0_eng_6_engtype_","utilization percentage","0"
"62.96","8656","pid_8656_luid_0x00000000_0x0000e366_phys_0_eng_7_engtype_","utilization percentage","0"
"62.96","8656","pid_8656_luid_0x00000000_0x0000e366_phys_0_eng_8_engtype_","utilization percentage","0"
"62.96","8656","pid_8656_luid_0x00000000_0x0000e366_phys_0_eng_9_engtype_","utilization percentage","0"
"62.96","8656","pid_8656_luid_0x00000000_0x0000e366_phys_0","dedicated usage","0"
"62.96","8656","pid_8656_luid_0x00000000_0x0000e366_phys_0","shared usage","397099008"
"62.989","11404","pid_11404_luid_0x00000000_0x0000e366_phys_0_eng_0_engtype_3d","utilization percentage","29.0707207687572"
"62.989","11404","pid_11404_luid_0x00000000_0x0000e366_phys_0_eng_10_engtype_legacyoverlay","utilization percentage","0"
"62.989","11404","pid_11404_luid_0x00000000_0x0000e366_phys_0_eng_11_engtype_","utilization percentage","0"
"62.989","11404","pid_11404_luid_0x00000000_0x0000e366_phys_0_eng_12_engtype_","utilization percentage","0"
"62.989","11404","pid_11404_luid_0x00000000_0x0000e366_phys_0_eng_1_engtype_videodecode","utilization percentage","4.96729774873699"
"62.989","11404","pid_11404_luid_0x00000000_0x0000e366_phys_0_eng_2_engtype_copy","utilization percentage","0"
"62.989","11404","pid_11404_luid_0x00000000_0x0000e366_phys_0_eng_3_engtype_videoprocessing","utilization percentage","0"
"62.989","11404","pid_11404_luid_0x00000000_0x0000e366_phys_0_eng_4_engtype_videodecode","utilization percentage","0"
"62.989","11404","pid_11404_luid_0x00000000_0x0000e366_phys_0_eng_5_engtype_","utilization percentage","0"
"62.989","11404","pid_11404_luid_0x00000000_0x0000e366_phys_0_eng_6_engtype_","utilization percentage","0"
"62.989","11404","pid_11404_luid_0x00000000_0x0000e366_phys_0_eng_7_engtype_","utilization percentage","0"
"62.989","11404","pid_11404_luid_0x00000000_0x0000e366_phys_0_eng_8_engtype_","utilization percentage","0"
"62.989","11404","pid_11404_luid_0x00000000_0x0000e366_phys_0_eng_9_engtype_","utilization percentage","0"
"62.989","11404","pid_11404_luid_0x00000000_0x0000e366_phys_0","dedicated usage","0"
"62.989","11404","pid_11404_luid_0x00000000_0x0000e366_phys_0","shared usage","394911744"
"64.027","11436","pid_11436_luid_0x00000000_0x0000e366_phys_0_eng_0_engtype_3d","utilization percentage","3.36975665200693"
"64.027","11436","pid_11436_luid_0x00000000_0x0000e366_phys_0_eng_10_engtype_legacyoverlay","utilization percentage","0"
"64.027","11436","pid_11436_luid_0x00000000_0x0000e366_phys_0_eng_11_engtype_","utilization percentage","0"
"64.027","11436","pid_11436_luid_0x00000000_0x0000e366_phys_0_eng_12_engtype_","utilization percentage","0"
"64.027","11436","pid_11436_luid_0x00000000_0x0000e366_phys_0_eng_1_engtype_videodecode","utilization percentage","0.888644098601282"
"64.027","11436","pid_11436_luid_0x00000000_0x0000e366_phys_0_eng_2_engtype_copy","utilization percentage","0"
"64.027","11436","pid_11436_luid_0x00000000_0x0000e366_phys_0_eng_3_engtype_videoprocessing","utilization percentage","0"
"64.027","11436","pid_11436_luid_0x00000000_0x0000e366_phys_0_eng_4_engtype_videodecode","utilization percentage","0"
"64.027","11436","pid_11436_luid_0x00000000_0x0000e366_phys_0_eng_5_engtype_","utilization percentage","0"
"64.027","11436","pid_11436_luid_0x00000000_0x0000e366_phys_0_eng_6_engtype_","utilization percentage","0"
"64.027","11436","pid_11436_luid_0x00000000_0x0000e366_phys_0_eng_7_engtype_","utilization percentage","0"
"64.027","11436","pid_11436_luid_0x00000000_0x0000e366_phys_0_eng_8_engtype_","utilization percentage","0"
"64.027","11436","pid_11436_luid_0x00000000_0x0000e366_phys_0_eng_9_engtype_","utilization percentage","0"
"64.027","11436","pid_11436_luid_0x00000000_0x0000e366_phys_0","dedicated usage","0"
"64.027","11436","pid_11436_luid_0x00000000_0x0000e366_phys_0","shared usage","81387520"
"64.042","8656","pid_8656_luid_0x00000000_0x0000e366_phys_0_eng_0_engtype_3d","utilization percentage","28.9916516056059"
"64.042","8656","pid_8656_luid_0x00000000_0x0000e366_phys_0_eng_10_engtype_legacyoverlay","utilization percentage","0"
"64.042","8656","pid_8656_luid_0x00000000_0x0000e366_phys_0_eng_11_engtype_","utilization percentage","0"
"64.042","8656","pid_8656_luid_0x00000000_0x0000e366_phys_0_eng_12_engtype_","utilization percentage","0"
"64.042","8656","pid_8656_luid_0x00000000_0x0000e366_phys_0_eng_1_engtype_videodecode","utilization percentage","4.2076313679687"
"64.042","8656","pid_8656_luid_0x00000000_0x0000e366_phys_0_eng_2_engtype_copy","utilization percentage","0"
"64.042","8656","pid_8656_luid_0x00000000_0x0000e366_phys_0_eng_3_engtype_videoprocessing","utilization percentage","0"
"64.042","8656","pid_8656_luid_0x00000000_0x0000e366_phys_0_eng_4_engtype_videodecode","utilization percentage","0"
"64.042","8656","pid_8656_luid_0x00000000_0x0000e366_phys_0_eng_5_engtype_","utilization percentage","0"
"64.042","8656","pid_8656_luid_0x00000000_0x0000e366_phys_0_eng_6_engtype_","utilization percentage","0"
"64.042","8656","pid_8656_luid_0x00000000_0x0000e366_phys_0_eng_7_engtype_","utilization percentage","0"
"64.042","8656","pid_8656_luid_0x00000000_0x0000e366_phys_0_eng_8_engtype_","utilization percentage","0"
"64.042","8656","pid_8656_luid_0x00000000_0x0000e366_phys_0_eng_9_engtype_","utilization percentage","0"
"64.042","8656","pid_8656_luid_0x00000000_0x0000e366_phys_0","dedicated usage","0"
"64.042","8656","pid_8656_luid_0x00000000_0x0000e366_phys_0","shared usage","397099008"
"64.069","11404","pid_11404_luid_0x00000000_0x0000e366_phys_0_eng_0_engtype_3d","utilization percentage","29.8346466209253"
"64.069","11404","pid_11404_luid_0x00000000_0x0000e366_phys_0_eng_10_engtype_legacyoverlay","utilization percentage","0"
"64.069","11404","pid_11404_luid_0x00000000_0x0000e366_phys_0_eng_11_engtype_","utilization percentage","0"
"64.069","11404","pid_11404_luid_0x00000000_0x0000e366_phys_0_eng_12_engtype_","utilization percentage","0"
"64.069","11404","pid_11404_luid_0x00000000_0x0000e366_phys_0_eng_1_engtype_videodecode","utilization percentage","4.92323702557659"
"64.069","11404","pid_11404_luid_0x00000000_0x0000e366_phys_0_eng_2_engtype_copy","utilization percentage","0"
"64.069","11404","pid_11404_luid_0x00000000_0x0000e366_phys_0_eng_3_engtype_videoprocessing","utilization percentage","0"
"64.069","11404","pid_11404_luid_0x00000000_0x0000e366_phys_0_eng_4_engtype_videodecode","utilization percentage","0"
"64.069","11404","pid_11404_luid_0x00000000_0x0000e366_phys_0_eng_5_engtype_","utilization percentage","0"
"64.069","11404","pid_11404_luid_0x00000000_0x0000e366_phys_0_eng_6_engtype_","utilization percentage","0"
"64.069","11404","pid_11404_luid_0x00000000_0x0000e366_phys_0_eng_7_engtype_","utilization percentage","0"
"64.069","11404","pid_11404_luid_0x00000000_0x0000e366_phys_0_eng_8_engtype_","utilization percentage","0"
"64.069","11404","pid_11404_luid_0x00000000_0x0000e366_phys_0_eng_9_engtype_","utilization percentage","0"
"64.069","11404","pid_11404_luid_0x00000000_0x0000e366_phys_0","dedicated usage","0"
"64.069","11404","pid_11404_luid_0x00000000_0x0000e366_phys_0","shared usage","394903552"
"65.11","11436","pid_11436_luid_0x00000000_0x0000e366_phys_0_eng_0_engtype_3d","utilization percentage","3.48239169609461"
"65.11","11436","pid_11436_luid_0x00000000_0x0000e366_phys_0_eng_10_engtype_legacyoverlay","utilization percentage","0"
"65.11","11436","pid_11436_luid_0x00000000_0x0000e366_phys_0_eng_11_engtype_","utilization percentage","0"
"65.11","11436","pid_11436_luid_0x00000000_0x0000e366_phys_0_eng_12_engtype_","utilization percentage","0"
"65.11","11436","pid_11436_luid_0x00000000_0x0000e366_phys_0_eng_1_engtype_videodecode","utilization percentage","0.961741470269653"
"65.11","11436","pid_11436_luid_0x00000000_0x0000e366_phys_0_eng_2_engtype_copy","utilization percentage","0"
"65.11","11436","pid_11436_luid_0x00000000_0x0000e366_phys_0_eng_3_engtype_videoprocessing","utilization percentage","0"
"65.11","11436","pid_11436_luid_0x00000000_0x0000e366_phys_0_eng_4_engtype_videodecode","utilization percentage","0"
"65.11","11436","pid_11436_luid_0x00000000_0x0000e366_phys_0_eng_5_engtype_","utilization percentage","0"
"65.11","11436","pid_11436_luid_0x00000000_0x0000e366_phys_0_eng_6_engtype_","utilization percentage","0"
"65.11","11436","pid_11436_luid_0x00000000_0x0000e366_phys_0_eng_7_engtype_","utilization percentage","0"
"65.11","11436","pid_11436_luid_0x00000000_0x0000e366_phys_0_eng_8_engtype_","utilization percentage","0"
"65.11","11436","pid_11436_luid_0x00000000_0x0000e366_phys_0_eng_9_engtype_","utilization percentage","0"
"65.11","11436","pid_11436_luid_0x00000000_0x0000e366_phys_0","dedicated usage","0"
"65.11","11436","pid_11436_luid_0x00000000_0x0000e366_phys_0","shared usage","81387520"
"65.122","8656","pid_8656_luid_0x00000000_0x0000e366_phys_0_eng_0_engtype_3d","utilization percentage","30.610750692776"
"65.122","8656","pid_8656_luid_0x00000000_0x0000e366_phys_0_eng_10_engtype_legacyoverlay","utilization percentage","0"
"65.122","8656","pid_8656_luid_0x00000000_0x0000e366_phys_0_eng_11_engtype_","utilization percentage","0"
"65.122","8656","pid_8656_luid_0x00000000_0x0000e366_phys_0_eng_12_engtype_","utilization percentage","0"
"65.122","8656","pid_8656_luid_0x00000000_0x0000e366_phys_0_eng_1_engtype_videodecode","utilization percentage","4.59362364305677"
"65.122","8656","pid_8656_luid_0x00000000_0x0000e366_phys_0_eng_2_engtype_copy","utilization percentage","0"
"65.122","8656","pid_8656_luid_0x00000000_0x0000e366_phys_0_eng_3_engtype_videoprocessing","utilization percentage","0"
"65.122","8656","pid_8656_luid_0x00000000_0x0000e366_phys_0_eng_4_engtype_videodecode","utilization percentage","0"
"65.122","8656","pid_8656_luid_0x00000000_0x0000e366_phys_0_eng_5_engtype_","utilization percentage","0"
"65.122","8656","pid_8656_luid_0x00000000_0x0000e366_phys_0_eng_6_engtype_","utilization percentage","0"
"65.122","8656","pid_8656_luid_0x00000000_0x0000e366_phys_0_eng_7_engtype_","utilization percentage","0"
"65.122","8656","pid_8656_luid_0x00000000_0x0000e366_phys_0_eng_8_engtype_","utilization percentage","0"
"65.122","8656","pid_8656_luid_0x00000000_0x0000e366_phys_0_eng_9_engtype_","utilization percentage","0"
"65.122","8656","pid_8656_luid_0x00000000_0x0000e366_phys_0","dedicated usage","0"
"65.122","8656","pid_8656_luid_0x00000000_0x0000e366_phys_0","shared usage","402481152"
"65.137","11404","pid_11404_luid_0x00000000_0x0000e366_phys_0_eng_0_engtype_3d","utilization percentage","30.9816818496349"
"65.137","11404","pid_11404_luid_0x00000000_0x0000e366_phys_0_eng_10_engtype_legacyoverlay","utilization percentage","0"
"65.137","11404","pid_11404_luid_0x00000000_0x0000e366_phys_0_eng_11_engtype_","utilization percentage","0"
"65.137","11404","pid_11404_luid_0x00000000_0x0000e366_phys_0_eng_12_engtype_","utilization percentage","0"
"65.137","11404","pid_11404_luid_0x00000000_0x0000e366_phys_0_eng_1_engtype_videodecode","utilization percentage","4.87377391521925"
"65.137","11404","pid_11404_luid_0x00000000_0x0000e366_phys_0_eng_2_engtype_copy","utilization percentage","0"
"65.137","11404","pid_11404_luid_0x00000000_0x0000e366_phys_0_eng_3_engtype_videoprocessing","utilization percentage","0"
"65.137","11404","pid_11404_luid_0x00000000_0x0000e366_phys_0_eng_4_engtype_videodecode","utilization percentage","0"
"65.137","11404","pid_11404_luid_0x00000000_0x0000e366_phys_0_eng_5_engtype_","utilization percentage","0"
"65.137","11404","pid_11404_luid_0x00000000_0x0000e366_phys_0_eng_6_engtype_","utilization percentage","0"
"65.137","11404","pid_11404_luid_0x00000000_0x0000e366_phys_0_eng_7_engtype_","utilization percentage","0"
"65.137","11404","pid_11404_luid_0x00000000_0x0000e366_phys_0_eng_8_engtype_","utilization percentage","0"
"65.137","11404","pid_11404_luid_0x00000000_0x0000e366_phys_0_eng_9_engtype_","utilization percentage","0"
"65.137","11404","pid_11404_luid_0x00000000_0x0000e366_phys_0","dedicated usage","0"
"65.137","11404","pid_11404_luid_0x00000000_0x0000e366_phys_0","shared usage","400289792"
