"elapsedSeconds","processId","instance","counter","value"
"1.746","11436","pid_11436_luid_0x00000000_0x0000e366_phys_0_eng_0_engtype_3d","utilization percentage","4.02461566913477"
"1.746","11436","pid_11436_luid_0x00000000_0x0000e366_phys_0_eng_10_engtype_legacyoverlay","utilization percentage","0"
"1.746","11436","pid_11436_luid_0x00000000_0x0000e366_phys_0_eng_11_engtype_","utilization percentage","0"
"1.746","11436","pid_11436_luid_0x00000000_0x0000e366_phys_0_eng_12_engtype_","utilization percentage","0"
"1.746","11436","pid_11436_luid_0x00000000_0x0000e366_phys_0_eng_1_engtype_videodecode","utilization percentage","1.8803175117831"
"1.746","11436","pid_11436_luid_0x00000000_0x0000e366_phys_0_eng_2_engtype_copy","utilization percentage","0"
"1.746","11436","pid_11436_luid_0x00000000_0x0000e366_phys_0_eng_3_engtype_videoprocessing","utilization percentage","0"
"1.746","11436","pid_11436_luid_0x00000000_0x0000e366_phys_0_eng_4_engtype_videodecode","utilization percentage","0"
"1.746","11436","pid_11436_luid_0x00000000_0x0000e366_phys_0_eng_5_engtype_","utilization percentage","0"
"1.746","11436","pid_11436_luid_0x00000000_0x0000e366_phys_0_eng_6_engtype_","utilization percentage","0"
"1.746","11436","pid_11436_luid_0x00000000_0x0000e366_phys_0_eng_7_engtype_","utilization percentage","0"
"1.746","11436","pid_11436_luid_0x00000000_0x0000e366_phys_0_eng_8_engtype_","utilization percentage","0"
"1.746","11436","pid_11436_luid_0x00000000_0x0000e366_phys_0_eng_9_engtype_","utilization percentage","0"
"1.746","11436","pid_11436_luid_0x00000000_0x0000e366_phys_0","dedicated usage","0"
"1.746","11436","pid_11436_luid_0x00000000_0x0000e366_phys_0","shared usage","81387520"
"1.929","9996","pid_9996_luid_0x00000000_0x0000e366_phys_0_eng_0_engtype_3d","utilization percentage","20.1880040895711"
"1.929","9996","pid_9996_luid_0x00000000_0x0000e366_phys_0_eng_10_engtype_legacyoverlay","utilization percentage","0"
"1.929","9996","pid_9996_luid_0x00000000_0x0000e366_phys_0_eng_11_engtype_","utilization percentage","0"
"1.929","9996","pid_9996_luid_0x00000000_0x0000e366_phys_0_eng_12_engtype_","utilization percentage","0"
"1.929","9996","pid_9996_luid_0x00000000_0x0000e366_phys_0_eng_1_engtype_videodecode","utilization percentage","3.66552849031938"
"1.929","9996","pid_9996_luid_0x00000000_0x0000e366_phys_0_eng_2_engtype_copy","utilization percentage","0"
"1.929","9996","pid_9996_luid_0x00000000_0x0000e366_phys_0_eng_3_engtype_videoprocessing","utilization percentage","0"
"1.929","9996","pid_9996_luid_0x00000000_0x0000e366_phys_0_eng_4_engtype_videodecode","utilization percentage","0"
"1.929","9996","pid_9996_luid_0x00000000_0x0000e366_phys_0_eng_5_engtype_","utilization percentage","0"
"1.929","9996","pid_9996_luid_0x00000000_0x0000e366_phys_0_eng_6_engtype_","utilization percentage","0"
"1.929","9996","pid_9996_luid_0x00000000_0x0000e366_phys_0_eng_7_engtype_","utilization percentage","0"
"1.929","9996","pid_9996_luid_0x00000000_0x0000e366_phys_0_eng_8_engtype_","utilization percentage","0"
"1.929","9996","pid_9996_luid_0x00000000_0x0000e366_phys_0_eng_9_engtype_","utilization percentage","0"
"1.929","9996","pid_9996_luid_0x00000000_0x0000e366_phys_0","dedicated usage","0"
"1.929","9996","pid_9996_luid_0x00000000_0x0000e366_phys_0","shared usage","307908608"
"1.951","13672","pid_13672_luid_0x00000000_0x0000e366_phys_0_eng_0_engtype_3d","utilization percentage","22.0287852612634"
"1.951","13672","pid_13672_luid_0x00000000_0x0000e366_phys_0_eng_10_engtype_legacyoverlay","utilization percentage","0"
"1.951","13672","pid_13672_luid_0x00000000_0x0000e366_phys_0_eng_11_engtype_","utilization percentage","0"
"1.951","13672","pid_13672_luid_0x00000000_0x0000e366_phys_0_eng_12_engtype_","utilization percentage","0"
"1.951","13672","pid_13672_luid_0x00000000_0x0000e366_phys_0_eng_1_engtype_videodecode","utilization percentage","0"
"1.951","13672","pid_13672_luid_0x00000000_0x0000e366_phys_0_eng_2_engtype_copy","utilization percentage","0"
"1.951","13672","pid_13672_luid_0x00000000_0x0000e366_phys_0_eng_3_engtype_videoprocessing","utilization percentage","0"
"1.951","13672","pid_13672_luid_0x00000000_0x0000e366_phys_0_eng_4_engtype_videodecode","utilization percentage","5.65126636319908"
"1.951","13672","pid_13672_luid_0x00000000_0x0000e366_phys_0_eng_5_engtype_","utilization percentage","0"
"1.951","13672","pid_13672_luid_0x00000000_0x0000e366_phys_0_eng_6_engtype_","utilization percentage","0"
"1.951","13672","pid_13672_luid_0x00000000_0x0000e366_phys_0_eng_7_engtype_","utilization percentage","0"
"1.951","13672","pid_13672_luid_0x00000000_0x0000e366_phys_0_eng_8_engtype_","utilization percentage","0"
"1.951","13672","pid_13672_luid_0x00000000_0x0000e366_phys_0_eng_9_engtype_","utilization percentage","0"
"1.951","13672","pid_13672_luid_0x00000000_0x0000e366_phys_0","dedicated usage","0"
"1.951","13672","pid_13672_luid_0x00000000_0x0000e366_phys_0","shared usage","305082368"
"2.987","11436","pid_11436_luid_0x00000000_0x0000e366_phys_0_eng_0_engtype_3d","utilization percentage","4.26904846640883"
"2.987","11436","pid_11436_luid_0x00000000_0x0000e366_phys_0_eng_10_engtype_legacyoverlay","utilization percentage","0"
"2.987","11436","pid_11436_luid_0x00000000_0x0000e366_phys_0_eng_11_engtype_","utilization percentage","0"
"2.987","11436","pid_11436_luid_0x00000000_0x0000e366_phys_0_eng_12_engtype_","utilization percentage","0"
"2.987","11436","pid_11436_luid_0x00000000_0x0000e366_phys_0_eng_1_engtype_videodecode","utilization percentage","1.85932963344413"
"2.987","11436","pid_11436_luid_0x00000000_0x0000e366_phys_0_eng_2_engtype_copy","utilization percentage","0"
"2.987","11436","pid_11436_luid_0x00000000_0x0000e366_phys_0_eng_3_engtype_videoprocessing","utilization percentage","0"
"2.987","11436","pid_11436_luid_0x00000000_0x0000e366_phys_0_eng_4_engtype_videodecode","utilization percentage","0"
"2.987","11436","pid_11436_luid_0x00000000_0x0000e366_phys_0_eng_5_engtype_","utilization percentage","0"
"2.987","11436","pid_11436_luid_0x00000000_0x0000e366_phys_0_eng_6_engtype_","utilization percentage","0"
"2.987","11436","pid_11436_luid_0x00000000_0x0000e366_phys_0_eng_7_engtype_","utilization percentage","0"
"2.987","11436","pid_11436_luid_0x00000000_0x0000e366_phys_0_eng_8_engtype_","utilization percentage","0"
"2.987","11436","pid_11436_luid_0x00000000_0x0000e366_phys_0_eng_9_engtype_","utilization percentage","0"
"2.987","11436","pid_11436_luid_0x00000000_0x0000e366_phys_0","dedicated usage","0"
"2.987","11436","pid_11436_luid_0x00000000_0x0000e366_phys_0","shared usage","81387520"
"3.013","9996","pid_9996_luid_0x00000000_0x0000e366_phys_0_eng_0_engtype_3d","utilization percentage","21.2986239798007"
"3.013","9996","pid_9996_luid_0x00000000_0x0000e366_phys_0_eng_10_engtype_legacyoverlay","utilization percentage","0"
"3.013","9996","pid_9996_luid_0x00000000_0x0000e366_phys_0_eng_11_engtype_","utilization percentage","0"
"3.013","9996","pid_9996_luid_0x00000000_0x0000e366_phys_0_eng_12_engtype_","utilization percentage","0"
"3.013","9996","pid_9996_luid_0x00000000_0x0000e366_phys_0_eng_1_engtype_videodecode","utilization percentage","4.17696030721856"
"3.013","9996","pid_9996_luid_0x00000000_0x0000e366_phys_0_eng_2_engtype_copy","utilization percentage","0"
"3.013","9996","pid_9996_luid_0x00000000_0x0000e366_phys_0_eng_3_engtype_videoprocessing","utilization percentage","0"
"3.013","9996","pid_9996_luid_0x00000000_0x0000e366_phys_0_eng_4_engtype_videodecode","utilization percentage","0"
"3.013","9996","pid_9996_luid_0x00000000_0x0000e366_phys_0_eng_5_engtype_","utilization percentage","0"
"3.013","9996","pid_9996_luid_0x00000000_0x0000e366_phys_0_eng_6_engtype_","utilization percentage","0"
"3.013","9996","pid_9996_luid_0x00000000_0x0000e366_phys_0_eng_7_engtype_","utilization percentage","0"
"3.013","9996","pid_9996_luid_0x00000000_0x0000e366_phys_0_eng_8_engtype_","utilization percentage","0"
"3.013","9996","pid_9996_luid_0x00000000_0x0000e366_phys_0_eng_9_engtype_","utilization percentage","0"
"3.013","9996","pid_9996_luid_0x00000000_0x0000e366_phys_0","dedicated usage","0"
"3.013","9996","pid_9996_luid_0x00000000_0x0000e366_phys_0","shared usage","307908608"
"3.038","13672","pid_13672_luid_0x00000000_0x0000e366_phys_0_eng_0_engtype_3d","utilization percentage","23.399344794242"
"3.038","13672","pid_13672_luid_0x00000000_0x0000e366_phys_0_eng_10_engtype_legacyoverlay","utilization percentage","0"
"3.038","13672","pid_13672_luid_0x00000000_0x0000e366_phys_0_eng_11_engtype_","utilization percentage","0"
"3.038","13672","pid_13672_luid_0x00000000_0x0000e366_phys_0_eng_12_engtype_","utilization percentage","0"
"3.038","13672","pid_13672_luid_0x00000000_0x0000e366_phys_0_eng_1_engtype_videodecode","utilization percentage","0"
"3.038","13672","pid_13672_luid_0x00000000_0x0000e366_phys_0_eng_2_engtype_copy","utilization percentage","0"
"3.038","13672","pid_13672_luid_0x00000000_0x0000e366_phys_0_eng_3_engtype_videoprocessing","utilization percentage","0"
"3.038","13672","pid_13672_luid_0x00000000_0x0000e366_phys_0_eng_4_engtype_videodecode","utilization percentage","6.15075899963907"
"3.038","13672","pid_13672_luid_0x00000000_0x0000e366_phys_0_eng_5_engtype_","utilization percentage","0"
"3.038","13672","pid_13672_luid_0x00000000_0x0000e366_phys_0_eng_6_engtype_","utilization percentage","0"
"3.038","13672","pid_13672_luid_0x00000000_0x0000e366_phys_0_eng_7_engtype_","utilization percentage","0"
"3.038","13672","pid_13672_luid_0x00000000_0x0000e366_phys_0_eng_8_engtype_","utilization percentage","0"
"3.038","13672","pid_13672_luid_0x00000000_0x0000e366_phys_0_eng_9_engtype_","utilization percentage","0"
"3.038","13672","pid_13672_luid_0x00000000_0x0000e366_phys_0","dedicated usage","0"
"3.038","13672","pid_13672_luid_0x00000000_0x0000e366_phys_0","shared usage","305082368"
"4.078","11436","pid_11436_luid_0x00000000_0x0000e366_phys_0_eng_0_engtype_3d","utilization percentage","3.8140740933968"
"4.078","11436","pid_11436_luid_0x00000000_0x0000e366_phys_0_eng_10_engtype_legacyoverlay","utilization percentage","0"
"4.078","11436","pid_11436_luid_0x00000000_0x0000e366_phys_0_eng_11_engtype_","utilization percentage","0"
"4.078","11436","pid_11436_luid_0x00000000_0x0000e366_phys_0_eng_12_engtype_","utilization percentage","0"
"4.078","11436","pid_11436_luid_0x00000000_0x0000e366_phys_0_eng_1_engtype_videodecode","utilization percentage","1.96378483982707"
"4.078","11436","pid_11436_luid_0x00000000_0x0000e366_phys_0_eng_2_engtype_copy","utilization percentage","0"
"4.078","11436","pid_11436_luid_0x00000000_0x0000e366_phys_0_eng_3_engtype_videoprocessing","utilization percentage","0"
"4.078","11436","pid_11436_luid_0x00000000_0x0000e366_phys_0_eng_4_engtype_videodecode","utilization percentage","0"
"4.078","11436","pid_11436_luid_0x00000000_0x0000e366_phys_0_eng_5_engtype_","utilization percentage","0"
"4.078","11436","pid_11436_luid_0x00000000_0x0000e366_phys_0_eng_6_engtype_","utilization percentage","0"
"4.078","11436","pid_11436_luid_0x00000000_0x0000e366_phys_0_eng_7_engtype_","utilization percentage","0"
"4.078","11436","pid_11436_luid_0x00000000_0x0000e366_phys_0_eng_8_engtype_","utilization percentage","0"
"4.078","11436","pid_11436_luid_0x00000000_0x0000e366_phys_0_eng_9_engtype_","utilization percentage","0"
"4.078","11436","pid_11436_luid_0x00000000_0x0000e366_phys_0","dedicated usage","0"
"4.078","11436","pid_11436_luid_0x00000000_0x0000e366_phys_0","shared usage","81387520"
"4.087","9996","pid_9996_luid_0x00000000_0x0000e366_phys_0_eng_0_engtype_3d","utilization percentage","22.3627767427407"
"4.087","9996","pid_9996_luid_0x00000000_0x0000e366_phys_0_eng_10_engtype_legacyoverlay","utilization percentage","0"
"4.087","9996","pid_9996_luid_0x00000000_0x0000e366_phys_0_eng_11_engtype_","utilization percentage","0"
"4.087","9996","pid_9996_luid_0x00000000_0x0000e366_phys_0_eng_12_engtype_","utilization percentage","0"
"4.087","9996","pid_9996_luid_0x00000000_0x0000e366_phys_0_eng_1_engtype_videodecode","utilization percentage","4.02899263056683"
"4.087","9996","pid_9996_luid_0x00000000_0x0000e366_phys_0_eng_2_engtype_copy","utilization percentage","0"
"4.087","9996","pid_9996_luid_0x00000000_0x0000e366_phys_0_eng_3_engtype_videoprocessing","utilization percentage","0"
"4.087","9996","pid_9996_luid_0x00000000_0x0000e366_phys_0_eng_4_engtype_videodecode","utilization percentage","0"
"4.087","9996","pid_9996_luid_0x00000000_0x0000e366_phys_0_eng_5_engtype_","utilization percentage","0"
"4.087","9996","pid_9996_luid_0x00000000_0x0000e366_phys_0_eng_6_engtype_","utilization percentage","0"
"4.087","9996","pid_9996_luid_0x00000000_0x0000e366_phys_0_eng_7_engtype_","utilization percentage","0"
"4.087","9996","pid_9996_luid_0x00000000_0x0000e366_phys_0_eng_8_engtype_","utilization percentage","0"
"4.087","9996","pid_9996_luid_0x00000000_0x0000e366_phys_0_eng_9_engtype_","utilization percentage","0"
"4.087","9996","pid_9996_luid_0x00000000_0x0000e366_phys_0","dedicated usage","0"
"4.087","9996","pid_9996_luid_0x00000000_0x0000e366_phys_0","shared usage","307908608"
"4.099","13672","pid_13672_luid_0x00000000_0x0000e366_phys_0_eng_0_engtype_3d","utilization percentage","23.6934667272587"
"4.099","13672","pid_13672_luid_0x00000000_0x0000e366_phys_0_eng_10_engtype_legacyoverlay","utilization percentage","0"
"4.099","13672","pid_13672_luid_0x00000000_0x0000e366_phys_0_eng_11_engtype_","utilization percentage","0"
"4.099","13672","pid_13672_luid_0x00000000_0x0000e366_phys_0_eng_12_engtype_","utilization percentage","0"
"4.099","13672","pid_13672_luid_0x00000000_0x0000e366_phys_0_eng_1_engtype_videodecode","utilization percentage","0"
"4.099","13672","pid_13672_luid_0x00000000_0x0000e366_phys_0_eng_2_engtype_copy","utilization percentage","0"
"4.099","13672","pid_13672_luid_0x00000000_0x0000e366_phys_0_eng_3_engtype_videoprocessing","utilization percentage","0"
"4.099","13672","pid_13672_luid_0x00000000_0x0000e366_phys_0_eng_4_engtype_videodecode","utilization percentage","6.0413425978682"
"4.099","13672","pid_13672_luid_0x00000000_0x0000e366_phys_0_eng_5_engtype_","utilization percentage","0"
"4.099","13672","pid_13672_luid_0x00000000_0x0000e366_phys_0_eng_6_engtype_","utilization percentage","0"
"4.099","13672","pid_13672_luid_0x00000000_0x0000e366_phys_0_eng_7_engtype_","utilization percentage","0"
"4.099","13672","pid_13672_luid_0x00000000_0x0000e366_phys_0_eng_8_engtype_","utilization percentage","0"
"4.099","13672","pid_13672_luid_0x00000000_0x0000e366_phys_0_eng_9_engtype_","utilization percentage","0"
"4.099","13672","pid_13672_luid_0x00000000_0x0000e366_phys_0","dedicated usage","0"
"4.099","13672","pid_13672_luid_0x00000000_0x0000e366_phys_0","shared usage","305082368"
"5.116","11436","pid_11436_luid_0x00000000_0x0000e366_phys_0_eng_0_engtype_3d","utilization percentage","4.2504464724343"
"5.116","11436","pid_11436_luid_0x00000000_0x0000e366_phys_0_eng_10_engtype_legacyoverlay","utilization percentage","0"
"5.116","11436","pid_11436_luid_0x00000000_0x0000e366_phys_0_eng_11_engtype_","utilization percentage","0"
"5.116","11436","pid_11436_luid_0x00000000_0x0000e366_phys_0_eng_12_engtype_","utilization percentage","0"
"5.116","11436","pid_11436_luid_0x00000000_0x0000e366_phys_0_eng_1_engtype_videodecode","utilization percentage","1.84428274468327"
"5.116","11436","pid_11436_luid_0x00000000_0x0000e366_phys_0_eng_2_engtype_copy","utilization percentage","0"
"5.116","11436","pid_11436_luid_0x00000000_0x0000e366_phys_0_eng_3_engtype_videoprocessing","utilization percentage","0"
"5.116","11436","pid_11436_luid_0x00000000_0x0000e366_phys_0_eng_4_engtype_videodecode","utilization percentage","0"
"5.116","11436","pid_11436_luid_0x00000000_0x0000e366_phys_0_eng_5_engtype_","utilization percentage","0"
"5.116","11436","pid_11436_luid_0x00000000_0x0000e366_phys_0_eng_6_engtype_","utilization percentage","0"
"5.116","11436","pid_11436_luid_0x00000000_0x0000e366_phys_0_eng_7_engtype_","utilization percentage","0"
"5.116","11436","pid_11436_luid_0x00000000_0x0000e366_phys_0_eng_8_engtype_","utilization percentage","0"
"5.116","11436","pid_11436_luid_0x00000000_0x0000e366_phys_0_eng_9_engtype_","utilization percentage","0"
"5.116","11436","pid_11436_luid_0x00000000_0x0000e366_phys_0","dedicated usage","0"
"5.116","11436","pid_11436_luid_0x00000000_0x0000e366_phys_0","shared usage","81387520"
"5.127","9996","pid_9996_luid_0x00000000_0x0000e366_phys_0_eng_0_engtype_3d","utilization percentage","23.1145570242107"
"5.127","9996","pid_9996_luid_0x00000000_0x0000e366_phys_0_eng_10_engtype_legacyoverlay","utilization percentage","0"
"5.127","9996","pid_9996_luid_0x00000000_0x0000e366_phys_0_eng_11_engtype_","utilization percentage","0"
"5.127","9996","pid_9996_luid_0x00000000_0x0000e366_phys_0_eng_12_engtype_","utilization percentage","0"
"5.127","9996","pid_9996_luid_0x00000000_0x0000e366_phys_0_eng_1_engtype_videodecode","utilization percentage","4.23759654304148"
"5.127","9996","pid_9996_luid_0x00000000_0x0000e366_phys_0_eng_2_engtype_copy","utilization percentage","0"
"5.127","9996","pid_9996_luid_0x00000000_0x0000e366_phys_0_eng_3_engtype_videoprocessing","utilization percentage","0"
"5.127","9996","pid_9996_luid_0x00000000_0x0000e366_phys_0_eng_4_engtype_videodecode","utilization percentage","0"
"5.127","9996","pid_9996_luid_0x00000000_0x0000e366_phys_0_eng_5_engtype_","utilization percentage","0"
"5.127","9996","pid_9996_luid_0x00000000_0x0000e366_phys_0_eng_6_engtype_","utilization percentage","0"
"5.127","9996","pid_9996_luid_0x00000000_0x0000e366_phys_0_eng_7_engtype_","utilization percentage","0"
"5.127","9996","pid_9996_luid_0x00000000_0x0000e366_phys_0_eng_8_engtype_","utilization percentage","0"
"5.127","9996","pid_9996_luid_0x00000000_0x0000e366_phys_0_eng_9_engtype_","utilization percentage","0"
"5.127","9996","pid_9996_luid_0x00000000_0x0000e366_phys_0","dedicated usage","0"
"5.127","9996","pid_9996_luid_0x00000000_0x0000e366_phys_0","shared usage","307908608"
"5.149","13672","pid_13672_luid_0x00000000_0x0000e366_phys_0_eng_0_engtype_3d","utilization percentage","25.0900265667956"
"5.149","13672","pid_13672_luid_0x00000000_0x0000e366_phys_0_eng_10_engtype_legacyoverlay","utilization percentage","0"
"5.149","13672","pid_13672_luid_0x00000000_0x0000e366_phys_0_eng_11_engtype_","utilization percentage","0"
"5.149","13672","pid_13672_luid_0x00000000_0x0000e366_phys_0_eng_12_engtype_","utilization percentage","0"
"5.149","13672","pid_13672_luid_0x00000000_0x0000e366_phys_0_eng_1_engtype_videodecode","utilization percentage","0"
"5.149","13672","pid_13672_luid_0x00000000_0x0000e366_phys_0_eng_2_engtype_copy","utilization percentage","0"
"5.149","13672","pid_13672_luid_0x00000000_0x0000e366_phys_0_eng_3_engtype_videoprocessing","utilization percentage","0"
"5.149","13672","pid_13672_luid_0x00000000_0x0000e366_phys_0_eng_4_engtype_videodecode","utilization percentage","6.29720711504636"
"5.149","13672","pid_13672_luid_0x00000000_0x0000e366_phys_0_eng_5_engtype_","utilization percentage","0"
"5.149","13672","pid_13672_luid_0x00000000_0x0000e366_phys_0_eng_6_engtype_","utilization percentage","0"
"5.149","13672","pid_13672_luid_0x00000000_0x0000e366_phys_0_eng_7_engtype_","utilization percentage","0"
"5.149","13672","pid_13672_luid_0x00000000_0x0000e366_phys_0_eng_8_engtype_","utilization percentage","0"
"5.149","13672","pid_13672_luid_0x00000000_0x0000e366_phys_0_eng_9_engtype_","utilization percentage","0"
"5.149","13672","pid_13672_luid_0x00000000_0x0000e366_phys_0","dedicated usage","0"
"5.149","13672","pid_13672_luid_0x00000000_0x0000e366_phys_0","shared usage","305082368"
"6.19","11436","pid_11436_luid_0x00000000_0x0000e366_phys_0_eng_0_engtype_3d","utilization percentage","4.44666324740201"
"6.19","11436","pid_11436_luid_0x00000000_0x0000e366_phys_0_eng_10_engtype_legacyoverlay","utilization percentage","0"
"6.19","11436","pid_11436_luid_0x00000000_0x0000e366_phys_0_eng_11_engtype_","utilization percentage","0"
"6.19","11436","pid_11436_luid_0x00000000_0x0000e366_phys_0_eng_12_engtype_","utilization percentage","0"
"6.19","11436","pid_11436_luid_0x00000000_0x0000e366_phys_0_eng_1_engtype_videodecode","utilization percentage","1.60788729442339"
"6.19","11436","pid_11436_luid_0x00000000_0x0000e366_phys_0_eng_2_engtype_copy","utilization percentage","0"
"6.19","11436","pid_11436_luid_0x00000000_0x0000e366_phys_0_eng_3_engtype_videoprocessing","utilization percentage","0"
"6.19","11436","pid_11436_luid_0x00000000_0x0000e366_phys_0_eng_4_engtype_videodecode","utilization percentage","0"
"6.19","11436","pid_11436_luid_0x00000000_0x0000e366_phys_0_eng_5_engtype_","utilization percentage","0"
"6.19","11436","pid_11436_luid_0x00000000_0x0000e366_phys_0_eng_6_engtype_","utilization percentage","0"
"6.19","11436","pid_11436_luid_0x00000000_0x0000e366_phys_0_eng_7_engtype_","utilization percentage","0"
"6.19","11436","pid_11436_luid_0x00000000_0x0000e366_phys_0_eng_8_engtype_","utilization percentage","0"
"6.19","11436","pid_11436_luid_0x00000000_0x0000e366_phys_0_eng_9_engtype_","utilization percentage","0"
"6.19","11436","pid_11436_luid_0x00000000_0x0000e366_phys_0","dedicated usage","0"
"6.19","11436","pid_11436_luid_0x00000000_0x0000e366_phys_0","shared usage","81387520"
"6.214","9996","pid_9996_luid_0x00000000_0x0000e366_phys_0_eng_0_engtype_3d","utilization percentage","24.9238846886715"
"6.214","9996","pid_9996_luid_0x00000000_0x0000e366_phys_0_eng_10_engtype_legacyoverlay","utilization percentage","0"
"6.214","9996","pid_9996_luid_0x00000000_0x0000e366_phys_0_eng_11_engtype_","utilization percentage","0"
"6.214","9996","pid_9996_luid_0x00000000_0x0000e366_phys_0_eng_12_engtype_","utilization percentage","0"
"6.214","9996","pid_9996_luid_0x00000000_0x0000e366_phys_0_eng_1_engtype_videodecode","utilization percentage","4.61384421784228"
"6.214","9996","pid_9996_luid_0x00000000_0x0000e366_phys_0_eng_2_engtype_copy","utilization percentage","0"
"6.214","9996","pid_9996_luid_0x00000000_0x0000e366_phys_0_eng_3_engtype_videoprocessing","utilization percentage","0"
"6.214","9996","pid_9996_luid_0x00000000_0x0000e366_phys_0_eng_4_engtype_videodecode","utilization percentage","0"
"6.214","9996","pid_9996_luid_0x00000000_0x0000e366_phys_0_eng_5_engtype_","utilization percentage","0"
"6.214","9996","pid_9996_luid_0x00000000_0x0000e366_phys_0_eng_6_engtype_","utilization percentage","0"
"6.214","9996","pid_9996_luid_0x00000000_0x0000e366_phys_0_eng_7_engtype_","utilization percentage","0"
"6.214","9996","pid_9996_luid_0x00000000_0x0000e366_phys_0_eng_8_engtype_","utilization percentage","0"
"6.214","9996","pid_9996_luid_0x00000000_0x0000e366_phys_0_eng_9_engtype_","utilization percentage","0"
"6.214","9996","pid_9996_luid_0x00000000_0x0000e366_phys_0","dedicated usage","0"
"6.214","9996","pid_9996_luid_0x00000000_0x0000e366_phys_0","shared usage","307908608"
"6.235","13672","pid_13672_luid_0x00000000_0x0000e366_phys_0_eng_0_engtype_3d","utilization percentage","26.2395898821715"
"6.235","13672","pid_13672_luid_0x00000000_0x0000e366_phys_0_eng_10_engtype_legacyoverlay","utilization percentage","0"
"6.235","13672","pid_13672_luid_0x00000000_0x0000e366_phys_0_eng_11_engtype_","utilization percentage","0"
"6.235","13672","pid_13672_luid_0x00000000_0x0000e366_phys_0_eng_12_engtype_","utilization percentage","0"
"6.235","13672","pid_13672_luid_0x00000000_0x0000e366_phys_0_eng_1_engtype_videodecode","utilization percentage","0"
"6.235","13672","pid_13672_luid_0x00000000_0x0000e366_phys_0_eng_2_engtype_copy","utilization percentage","0"
"6.235","13672","pid_13672_luid_0x00000000_0x0000e366_phys_0_eng_3_engtype_videoprocessing","utilization percentage","0"
"6.235","13672","pid_13672_luid_0x00000000_0x0000e366_phys_0_eng_4_engtype_videodecode","utilization percentage","6.0302906073496"
"6.235","13672","pid_13672_luid_0x00000000_0x0000e366_phys_0_eng_5_engtype_","utilization percentage","0"
"6.235","13672","pid_13672_luid_0x00000000_0x0000e366_phys_0_eng_6_engtype_","utilization percentage","0"
"6.235","13672","pid_13672_luid_0x00000000_0x0000e366_phys_0_eng_7_engtype_","utilization percentage","0"
"6.235","13672","pid_13672_luid_0x00000000_0x0000e366_phys_0_eng_8_engtype_","utilization percentage","0"
"6.235","13672","pid_13672_luid_0x00000000_0x0000e366_phys_0_eng_9_engtype_","utilization percentage","0"
"6.235","13672","pid_13672_luid_0x00000000_0x0000e366_phys_0","dedicated usage","0"
"6.235","13672","pid_13672_luid_0x00000000_0x0000e366_phys_0","shared usage","305082368"
"7.263","11436","pid_11436_luid_0x00000000_0x0000e366_phys_0_eng_0_engtype_3d","utilization percentage","4.19497886461502"
"7.263","11436","pid_11436_luid_0x00000000_0x0000e366_phys_0_eng_10_engtype_legacyoverlay","utilization percentage","0"
"7.263","11436","pid_11436_luid_0x00000000_0x0000e366_phys_0_eng_11_engtype_","utilization percentage","0"
"7.263","11436","pid_11436_luid_0x00000000_0x0000e366_phys_0_eng_12_engtype_","utilization percentage","0"
"7.263","11436","pid_11436_luid_0x00000000_0x0000e366_phys_0_eng_1_engtype_videodecode","utilization percentage","1.22848726398323"
"7.263","11436","pid_11436_luid_0x00000000_0x0000e366_phys_0_eng_2_engtype_copy","utilization percentage","0"
"7.263","11436","pid_11436_luid_0x00000000_0x0000e366_phys_0_eng_3_engtype_videoprocessing","utilization percentage","0"
"7.263","11436","pid_11436_luid_0x00000000_0x0000e366_phys_0_eng_4_engtype_videodecode","utilization percentage","0"
"7.263","11436","pid_11436_luid_0x00000000_0x0000e366_phys_0_eng_5_engtype_","utilization percentage","0"
"7.263","11436","pid_11436_luid_0x00000000_0x0000e366_phys_0_eng_6_engtype_","utilization percentage","0"
"7.263","11436","pid_11436_luid_0x00000000_0x0000e366_phys_0_eng_7_engtype_","utilization percentage","0"
"7.263","11436","pid_11436_luid_0x00000000_0x0000e366_phys_0_eng_8_engtype_","utilization percentage","0"
"7.263","11436","pid_11436_luid_0x00000000_0x0000e366_phys_0_eng_9_engtype_","utilization percentage","0"
"7.263","11436","pid_11436_luid_0x00000000_0x0000e366_phys_0","dedicated usage","0"
"7.263","11436","pid_11436_luid_0x00000000_0x0000e366_phys_0","shared usage","81387520"
"7.274","9996","pid_9996_luid_0x00000000_0x0000e366_phys_0_eng_0_engtype_3d","utilization percentage","25.5179678724259"
"7.274","9996","pid_9996_luid_0x00000000_0x0000e366_phys_0_eng_10_engtype_legacyoverlay","utilization percentage","0"
"7.274","9996","pid_9996_luid_0x00000000_0x0000e366_phys_0_eng_11_engtype_","utilization percentage","0"
"7.274","9996","pid_9996_luid_0x00000000_0x0000e366_phys_0_eng_12_engtype_","utilization percentage","0"
"7.274","9996","pid_9996_luid_0x00000000_0x0000e366_phys_0_eng_1_engtype_videodecode","utilization percentage","4.91899903770827"
"7.274","9996","pid_9996_luid_0x00000000_0x0000e366_phys_0_eng_2_engtype_copy","utilization percentage","0"
"7.274","9996","pid_9996_luid_0x00000000_0x0000e366_phys_0_eng_3_engtype_videoprocessing","utilization percentage","0"
"7.274","9996","pid_9996_luid_0x00000000_0x0000e366_phys_0_eng_4_engtype_videodecode","utilization percentage","0"
"7.274","9996","pid_9996_luid_0x00000000_0x0000e366_phys_0_eng_5_engtype_","utilization percentage","0"
"7.274","9996","pid_9996_luid_0x00000000_0x0000e366_phys_0_eng_6_engtype_","utilization percentage","0"
"7.274","9996","pid_9996_luid_0x00000000_0x0000e366_phys_0_eng_7_engtype_","utilization percentage","0"
"7.274","9996","pid_9996_luid_0x00000000_0x0000e366_phys_0_eng_8_engtype_","utilization percentage","0"
"7.274","9996","pid_9996_luid_0x00000000_0x0000e366_phys_0_eng_9_engtype_","utilization percentage","0"
"7.274","9996","pid_9996_luid_0x00000000_0x0000e366_phys_0","dedicated usage","0"
"7.274","9996","pid_9996_luid_0x00000000_0x0000e366_phys_0","shared usage","307908608"
"7.294","13672","pid_13672_luid_0x00000000_0x0000e366_phys_0_eng_0_engtype_3d","utilization percentage","26.7529213492359"
"7.294","13672","pid_13672_luid_0x00000000_0x0000e366_phys_0_eng_10_engtype_legacyoverlay","utilization percentage","0"
"7.294","13672","pid_13672_luid_0x00000000_0x0000e366_phys_0_eng_11_engtype_","utilization percentage","0"
"7.294","13672","pid_13672_luid_0x00000000_0x0000e366_phys_0_eng_12_engtype_","utilization percentage","0"
"7.294","13672","pid_13672_luid_0x00000000_0x0000e366_phys_0_eng_1_engtype_videodecode","utilization percentage","0"
"7.294","13672","pid_13672_luid_0x00000000_0x0000e366_phys_0_eng_2_engtype_copy","utilization percentage","0"
"7.294","13672","pid_13672_luid_0x00000000_0x0000e366_phys_0_eng_3_engtype_videoprocessing","utilization percentage","0"
"7.294","13672","pid_13672_luid_0x00000000_0x0000e366_phys_0_eng_4_engtype_videodecode","utilization percentage","6.30796764135663"
"7.294","13672","pid_13672_luid_0x00000000_0x0000e366_phys_0_eng_5_engtype_","utilization percentage","0"
"7.294","13672","pid_13672_luid_0x00000000_0x0000e366_phys_0_eng_6_engtype_","utilization percentage","0"
"7.294","13672","pid_13672_luid_0x00000000_0x0000e366_phys_0_eng_7_engtype_","utilization percentage","0"
"7.294","13672","pid_13672_luid_0x00000000_0x0000e366_phys_0_eng_8_engtype_","utilization percentage","0"
"7.294","13672","pid_13672_luid_0x00000000_0x0000e366_phys_0_eng_9_engtype_","utilization percentage","0"
"7.294","13672","pid_13672_luid_0x00000000_0x0000e366_phys_0","dedicated usage","0"
"7.294","13672","pid_13672_luid_0x00000000_0x0000e366_phys_0","shared usage","305123328"
"8.331","11436","pid_11436_luid_0x00000000_0x0000e366_phys_0_eng_0_engtype_3d","utilization percentage","4.0610010737067"
"8.331","11436","pid_11436_luid_0x00000000_0x0000e366_phys_0_eng_10_engtype_legacyoverlay","utilization percentage","0"
"8.331","11436","pid_11436_luid_0x00000000_0x0000e366_phys_0_eng_11_engtype_","utilization percentage","0"
"8.331","11436","pid_11436_luid_0x00000000_0x0000e366_phys_0_eng_12_engtype_","utilization percentage","0"
"8.331","11436","pid_11436_luid_0x00000000_0x0000e366_phys_0_eng_1_engtype_videodecode","utilization percentage","1.47576144121292"
"8.331","11436","pid_11436_luid_0x00000000_0x0000e366_phys_0_eng_2_engtype_copy","utilization percentage","0"
"8.331","11436","pid_11436_luid_0x00000000_0x0000e366_phys_0_eng_3_engtype_videoprocessing","utilization percentage","0"
"8.331","11436","pid_11436_luid_0x00000000_0x0000e366_phys_0_eng_4_engtype_videodecode","utilization percentage","0"
"8.331","11436","pid_11436_luid_0x00000000_0x0000e366_phys_0_eng_5_engtype_","utilization percentage","0"
"8.331","11436","pid_11436_luid_0x00000000_0x0000e366_phys_0_eng_6_engtype_","utilization percentage","0"
"8.331","11436","pid_11436_luid_0x00000000_0x0000e366_phys_0_eng_7_engtype_","utilization percentage","0"
"8.331","11436","pid_11436_luid_0x00000000_0x0000e366_phys_0_eng_8_engtype_","utilization percentage","0"
"8.331","11436","pid_11436_luid_0x00000000_0x0000e366_phys_0_eng_9_engtype_","utilization percentage","0"
"8.331","11436","pid_11436_luid_0x00000000_0x0000e366_phys_0","dedicated usage","0"
"8.331","11436","pid_11436_luid_0x00000000_0x0000e366_phys_0","shared usage","81387520"
"8.35","9996","pid_9996_luid_0x00000000_0x0000e366_phys_0_eng_0_engtype_3d","utilization percentage","21.6143638095855"
"8.35","9996","pid_9996_luid_0x00000000_0x0000e366_phys_0_eng_10_engtype_legacyoverlay","utilization percentage","0"
"8.35","9996","pid_9996_luid_0x00000000_0x0000e366_phys_0_eng_11_engtype_","utilization percentage","0"
"8.35","9996","pid_9996_luid_0x00000000_0x0000e366_phys_0_eng_12_engtype_","utilization percentage","0"
"8.35","9996","pid_9996_luid_0x00000000_0x0000e366_phys_0_eng_1_engtype_videodecode","utilization percentage","3.91071397468689"
"8.35","9996","pid_9996_luid_0x00000000_0x0000e366_phys_0_eng_2_engtype_copy","utilization percentage","0"
"8.35","9996","pid_9996_luid_0x00000000_0x0000e366_phys_0_eng_3_engtype_videoprocessing","utilization percentage","0"
"8.35","9996","pid_9996_luid_0x00000000_0x0000e366_phys_0_eng_4_engtype_videodecode","utilization percentage","0"
"8.35","9996","pid_9996_luid_0x00000000_0x0000e366_phys_0_eng_5_engtype_","utilization percentage","0"
"8.35","9996","pid_9996_luid_0x00000000_0x0000e366_phys_0_eng_6_engtype_","utilization percentage","0"
"8.35","9996","pid_9996_luid_0x00000000_0x0000e366_phys_0_eng_7_engtype_","utilization percentage","0"
"8.35","9996","pid_9996_luid_0x00000000_0x0000e366_phys_0_eng_8_engtype_","utilization percentage","0"
"8.35","9996","pid_9996_luid_0x00000000_0x0000e366_phys_0_eng_9_engtype_","utilization percentage","0"
"8.35","9996","pid_9996_luid_0x00000000_0x0000e366_phys_0","dedicated usage","0"
"8.35","9996","pid_9996_luid_0x00000000_0x0000e366_phys_0","shared usage","307908608"
"8.371","13672","pid_13672_luid_0x00000000_0x0000e366_phys_0_eng_0_engtype_3d","utilization percentage","23.2767737932411"
"8.371","13672","pid_13672_luid_0x00000000_0x0000e366_phys_0_eng_10_engtype_legacyoverlay","utilization percentage","0"
"8.371","13672","pid_13672_luid_0x00000000_0x0000e366_phys_0_eng_11_engtype_","utilization percentage","0"
"8.371","13672","pid_13672_luid_0x00000000_0x0000e366_phys_0_eng_12_engtype_","utilization percentage","0"
"8.371","13672","pid_13672_luid_0x00000000_0x0000e366_phys_0_eng_1_engtype_videodecode","utilization percentage","0"
"8.371","13672","pid_13672_luid_0x00000000_0x0000e366_phys_0_eng_2_engtype_copy","utilization percentage","0"
"8.371","13672","pid_13672_luid_0x00000000_0x0000e366_phys_0_eng_3_engtype_videoprocessing","utilization percentage","0"
"8.371","13672","pid_13672_luid_0x00000000_0x0000e366_phys_0_eng_4_engtype_videodecode","utilization percentage","5.77540146011375"
"8.371","13672","pid_13672_luid_0x00000000_0x0000e366_phys_0_eng_5_engtype_","utilization percentage","0"
"8.371","13672","pid_13672_luid_0x00000000_0x0000e366_phys_0_eng_6_engtype_","utilization percentage","0"
"8.371","13672","pid_13672_luid_0x00000000_0x0000e366_phys_0_eng_7_engtype_","utilization percentage","0"
"8.371","13672","pid_13672_luid_0x00000000_0x0000e366_phys_0_eng_8_engtype_","utilization percentage","0"
"8.371","13672","pid_13672_luid_0x00000000_0x0000e366_phys_0_eng_9_engtype_","utilization percentage","0"
"8.371","13672","pid_13672_luid_0x00000000_0x0000e366_phys_0","dedicated usage","0"
"8.371","13672","pid_13672_luid_0x00000000_0x0000e366_phys_0","shared usage","305123328"
"9.406","11436","pid_11436_luid_0x00000000_0x0000e366_phys_0_eng_0_engtype_3d","utilization percentage","4.00787289459459"
"9.406","11436","pid_11436_luid_0x00000000_0x0000e366_phys_0_eng_10_engtype_legacyoverlay","utilization percentage","0"
"9.406","11436","pid_11436_luid_0x00000000_0x0000e366_phys_0_eng_11_engtype_","utilization percentage","0"
"9.406","11436","pid_11436_luid_0x00000000_0x0000e366_phys_0_eng_12_engtype_","utilization percentage","0"
"9.406","11436","pid_11436_luid_0x00000000_0x0000e366_phys_0_eng_1_engtype_videodecode","utilization percentage","1.63277893066633"
"9.406","11436","pid_11436_luid_0x00000000_0x0000e366_phys_0_eng_2_engtype_copy","utilization percentage","0"
"9.406","11436","pid_11436_luid_0x00000000_0x0000e366_phys_0_eng_3_engtype_videoprocessing","utilization percentage","0"
"9.406","11436","pid_11436_luid_0x00000000_0x0000e366_phys_0_eng_4_engtype_videodecode","utilization percentage","0"
"9.406","11436","pid_11436_luid_0x00000000_0x0000e366_phys_0_eng_5_engtype_","utilization percentage","0"
"9.406","11436","pid_11436_luid_0x00000000_0x0000e366_phys_0_eng_6_engtype_","utilization percentage","0"
"9.406","11436","pid_11436_luid_0x00000000_0x0000e366_phys_0_eng_7_engtype_","utilization percentage","0"
"9.406","11436","pid_11436_luid_0x00000000_0x0000e366_phys_0_eng_8_engtype_","utilization percentage","0"
"9.406","11436","pid_11436_luid_0x00000000_0x0000e366_phys_0_eng_9_engtype_","utilization percentage","0"
"9.406","11436","pid_11436_luid_0x00000000_0x0000e366_phys_0","dedicated usage","0"
"9.406","11436","pid_11436_luid_0x00000000_0x0000e366_phys_0","shared usage","81387520"
"9.431","9996","pid_9996_luid_0x00000000_0x0000e366_phys_0_eng_0_engtype_3d","utilization percentage","22.0417069723279"
"9.431","9996","pid_9996_luid_0x00000000_0x0000e366_phys_0_eng_10_engtype_legacyoverlay","utilization percentage","0"
"9.431","9996","pid_9996_luid_0x00000000_0x0000e366_phys_0_eng_11_engtype_","utilization percentage","0"
"9.431","9996","pid_9996_luid_0x00000000_0x0000e366_phys_0_eng_12_engtype_","utilization percentage","0"
"9.431","9996","pid_9996_luid_0x00000000_0x0000e366_phys_0_eng_1_engtype_videodecode","utilization percentage","4.04510528792927"
"9.431","9996","pid_9996_luid_0x00000000_0x0000e366_phys_0_eng_2_engtype_copy","utilization percentage","0"
"9.431","9996","pid_9996_luid_0x00000000_0x0000e366_phys_0_eng_3_engtype_videoprocessing","utilization percentage","0"
"9.431","9996","pid_9996_luid_0x00000000_0x0000e366_phys_0_eng_4_engtype_videodecode","utilization percentage","0"
"9.431","9996","pid_9996_luid_0x00000000_0x0000e366_phys_0_eng_5_engtype_","utilization percentage","0"
"9.431","9996","pid_9996_luid_0x00000000_0x0000e366_phys_0_eng_6_engtype_","utilization percentage","0"
"9.431","9996","pid_9996_luid_0x00000000_0x0000e366_phys_0_eng_7_engtype_","utilization percentage","0"
"9.431","9996","pid_9996_luid_0x00000000_0x0000e366_phys_0_eng_8_engtype_","utilization percentage","0"
"9.431","9996","pid_9996_luid_0x00000000_0x0000e366_phys_0_eng_9_engtype_","utilization percentage","0"
"9.431","9996","pid_9996_luid_0x00000000_0x0000e366_phys_0","dedicated usage","0"
"9.431","9996","pid_9996_luid_0x00000000_0x0000e366_phys_0","shared usage","307908608"
"9.453","13672","pid_13672_luid_0x00000000_0x0000e366_phys_0_eng_0_engtype_3d","utilization percentage","24.1320744335583"
"9.453","13672","pid_13672_luid_0x00000000_0x0000e366_phys_0_eng_10_engtype_legacyoverlay","utilization percentage","0"
"9.453","13672","pid_13672_luid_0x00000000_0x0000e366_phys_0_eng_11_engtype_","utilization percentage","0"
"9.453","13672","pid_13672_luid_0x00000000_0x0000e366_phys_0_eng_12_engtype_","utilization percentage","0"
"9.453","13672","pid_13672_luid_0x00000000_0x0000e366_phys_0_eng_1_engtype_videodecode","utilization percentage","0"
"9.453","13672","pid_13672_luid_0x00000000_0x0000e366_phys_0_eng_2_engtype_copy","utilization percentage","0"
"9.453","13672","pid_13672_luid_0x00000000_0x0000e366_phys_0_eng_3_engtype_videoprocessing","utilization percentage","0"
"9.453","13672","pid_13672_luid_0x00000000_0x0000e366_phys_0_eng_4_engtype_videodecode","utilization percentage","5.99363461768671"
"9.453","13672","pid_13672_luid_0x00000000_0x0000e366_phys_0_eng_5_engtype_","utilization percentage","0"
"9.453","13672","pid_13672_luid_0x00000000_0x0000e366_phys_0_eng_6_engtype_","utilization percentage","0"
"9.453","13672","pid_13672_luid_0x00000000_0x0000e366_phys_0_eng_7_engtype_","utilization percentage","0"
"9.453","13672","pid_13672_luid_0x00000000_0x0000e366_phys_0_eng_8_engtype_","utilization percentage","0"
"9.453","13672","pid_13672_luid_0x00000000_0x0000e366_phys_0_eng_9_engtype_","utilization percentage","0"
"9.453","13672","pid_13672_luid_0x00000000_0x0000e366_phys_0","dedicated usage","0"
"9.453","13672","pid_13672_luid_0x00000000_0x0000e366_phys_0","shared usage","305123328"
"10.484","11436","pid_11436_luid_0x00000000_0x0000e366_phys_0_eng_0_engtype_3d","utilization percentage","4.34331473953933"
"10.484","11436","pid_11436_luid_0x00000000_0x0000e366_phys_0_eng_10_engtype_legacyoverlay","utilization percentage","0"
"10.484","11436","pid_11436_luid_0x00000000_0x0000e366_phys_0_eng_11_engtype_","utilization percentage","0"
"10.484","11436","pid_11436_luid_0x00000000_0x0000e366_phys_0_eng_12_engtype_","utilization percentage","0"
"10.484","11436","pid_11436_luid_0x00000000_0x0000e366_phys_0_eng_1_engtype_videodecode","utilization percentage","1.49395246684269"
"10.484","11436","pid_11436_luid_0x00000000_0x0000e366_phys_0_eng_2_engtype_copy","utilization percentage","0"
"10.484","11436","pid_11436_luid_0x00000000_0x0000e366_phys_0_eng_3_engtype_videoprocessing","utilization percentage","0"
"10.484","11436","pid_11436_luid_0x00000000_0x0000e366_phys_0_eng_4_engtype_videodecode","utilization percentage","0"
"10.484","11436","pid_11436_luid_0x00000000_0x0000e366_phys_0_eng_5_engtype_","utilization percentage","0"
"10.484","11436","pid_11436_luid_0x00000000_0x0000e366_phys_0_eng_6_engtype_","utilization percentage","0"
"10.484","11436","pid_11436_luid_0x00000000_0x0000e366_phys_0_eng_7_engtype_","utilization percentage","0"
"10.484","11436","pid_11436_luid_0x00000000_0x0000e366_phys_0_eng_8_engtype_","utilization percentage","0"
"10.484","11436","pid_11436_luid_0x00000000_0x0000e366_phys_0_eng_9_engtype_","utilization percentage","0"
"10.484","11436","pid_11436_luid_0x00000000_0x0000e366_phys_0","dedicated usage","0"
"10.484","11436","pid_11436_luid_0x00000000_0x0000e366_phys_0","shared usage","81387520"
"10.494","9996","pid_9996_luid_0x00000000_0x0000e366_phys_0_eng_0_engtype_3d","utilization percentage","24.60392511892"
"10.494","9996","pid_9996_luid_0x00000000_0x0000e366_phys_0_eng_10_engtype_legacyoverlay","utilization percentage","0"
"10.494","9996","pid_9996_luid_0x00000000_0x0000e366_phys_0_eng_11_engtype_","utilization percentage","0"
"10.494","9996","pid_9996_luid_0x00000000_0x0000e366_phys_0_eng_12_engtype_","utilization percentage","0"
"10.494","9996","pid_9996_luid_0x00000000_0x0000e366_phys_0_eng_1_engtype_videodecode","utilization percentage","4.35138905588067"
"10.494","9996","pid_9996_luid_0x00000000_0x0000e366_phys_0_eng_2_engtype_copy","utilization percentage","0"
"10.494","9996","pid_9996_luid_0x00000000_0x0000e366_phys_0_eng_3_engtype_videoprocessing","utilization percentage","0"
"10.494","9996","pid_9996_luid_0x00000000_0x0000e366_phys_0_eng_4_engtype_videodecode","utilization percentage","0"
"10.494","9996","pid_9996_luid_0x00000000_0x0000e366_phys_0_eng_5_engtype_","utilization percentage","0"
"10.494","9996","pid_9996_luid_0x00000000_0x0000e366_phys_0_eng_6_engtype_","utilization percentage","0"
"10.494","9996","pid_9996_luid_0x00000000_0x0000e366_phys_0_eng_7_engtype_","utilization percentage","0"
"10.494","9996","pid_9996_luid_0x00000000_0x0000e366_phys_0_eng_8_engtype_","utilization percentage","0"
"10.494","9996","pid_9996_luid_0x00000000_0x0000e366_phys_0_eng_9_engtype_","utilization percentage","0"
"10.494","9996","pid_9996_luid_0x00000000_0x0000e366_phys_0","dedicated usage","0"
"10.494","9996","pid_9996_luid_0x00000000_0x0000e366_phys_0","shared usage","307908608"
"10.505","13672","pid_13672_luid_0x00000000_0x0000e366_phys_0_eng_0_engtype_3d","utilization percentage","25.3760744935869"
"10.505","13672","pid_13672_luid_0x00000000_0x0000e366_phys_0_eng_10_engtype_legacyoverlay","utilization percentage","0"
"10.505","13672","pid_13672_luid_0x00000000_0x0000e366_phys_0_eng_11_engtype_","utilization percentage","0"
"10.505","13672","pid_13672_luid_0x00000000_0x0000e366_phys_0_eng_12_engtype_","utilization percentage","0"
"10.505","13672","pid_13672_luid_0x00000000_0x0000e366_phys_0_eng_1_engtype_videodecode","utilization percentage","0"
"10.505","13672","pid_13672_luid_0x00000000_0x0000e366_phys_0_eng_2_engtype_copy","utilization percentage","0"
"10.505","13672","pid_13672_luid_0x00000000_0x0000e366_phys_0_eng_3_engtype_videoprocessing","utilization percentage","0"
"10.505","13672","pid_13672_luid_0x00000000_0x0000e366_phys_0_eng_4_engtype_videodecode","utilization percentage","5.95464607379184"
"10.505","13672","pid_13672_luid_0x00000000_0x0000e366_phys_0_eng_5_engtype_","utilization percentage","0"
"10.505","13672","pid_13672_luid_0x00000000_0x0000e366_phys_0_eng_6_engtype_","utilization percentage","0"
"10.505","13672","pid_13672_luid_0x00000000_0x0000e366_phys_0_eng_7_engtype_","utilization percentage","0"
"10.505","13672","pid_13672_luid_0x00000000_0x0000e366_phys_0_eng_8_engtype_","utilization percentage","0"
"10.505","13672","pid_13672_luid_0x00000000_0x0000e366_phys_0_eng_9_engtype_","utilization percentage","0"
"10.505","13672","pid_13672_luid_0x00000000_0x0000e366_phys_0","dedicated usage","0"
"10.505","13672","pid_13672_luid_0x00000000_0x0000e366_phys_0","shared usage","305123328"
"11.525","11436","pid_11436_luid_0x00000000_0x0000e366_phys_0_eng_0_engtype_3d","utilization percentage","4.29370659477799"
"11.525","11436","pid_11436_luid_0x00000000_0x0000e366_phys_0_eng_10_engtype_legacyoverlay","utilization percentage","0"
"11.525","11436","pid_11436_luid_0x00000000_0x0000e366_phys_0_eng_11_engtype_","utilization percentage","0"
"11.525","11436","pid_11436_luid_0x00000000_0x0000e366_phys_0_eng_12_engtype_","utilization percentage","0"
"11.525","11436","pid_11436_luid_0x00000000_0x0000e366_phys_0_eng_1_engtype_videodecode","utilization percentage","1.30859783053894"
"11.525","11436","pid_11436_luid_0x00000000_0x0000e366_phys_0_eng_2_engtype_copy","utilization percentage","0"
"11.525","11436","pid_11436_luid_0x00000000_0x0000e366_phys_0_eng_3_engtype_videoprocessing","utilization percentage","0"
"11.525","11436","pid_11436_luid_0x00000000_0x0000e366_phys_0_eng_4_engtype_videodecode","utilization percentage","0"
"11.525","11436","pid_11436_luid_0x00000000_0x0000e366_phys_0_eng_5_engtype_","utilization percentage","0"
"11.525","11436","pid_11436_luid_0x00000000_0x0000e366_phys_0_eng_6_engtype_","utilization percentage","0"
"11.525","11436","pid_11436_luid_0x00000000_0x0000e366_phys_0_eng_7_engtype_","utilization percentage","0"
"11.525","11436","pid_11436_luid_0x00000000_0x0000e366_phys_0_eng_8_engtype_","utilization percentage","0"
"11.525","11436","pid_11436_luid_0x00000000_0x0000e366_phys_0_eng_9_engtype_","utilization percentage","0"
"11.525","11436","pid_11436_luid_0x00000000_0x0000e366_phys_0","dedicated usage","0"
"11.525","11436","pid_11436_luid_0x00000000_0x0000e366_phys_0","shared usage","81387520"
"11.537","9996","pid_9996_luid_0x00000000_0x0000e366_phys_0_eng_0_engtype_3d","utilization percentage","26.8702745932573"
"11.537","9996","pid_9996_luid_0x00000000_0x0000e366_phys_0_eng_10_engtype_legacyoverlay","utilization percentage","0"
"11.537","9996","pid_9996_luid_0x00000000_0x0000e366_phys_0_eng_11_engtype_","utilization percentage","0"
"11.537","9996","pid_9996_luid_0x00000000_0x0000e366_phys_0_eng_12_engtype_","utilization percentage","0"
"11.537","9996","pid_9996_luid_0x00000000_0x0000e366_phys_0_eng_1_engtype_videodecode","utilization percentage","5.07597841878859"
"11.537","9996","pid_9996_luid_0x00000000_0x0000e366_phys_0_eng_2_engtype_copy","utilization percentage","0"
"11.537","9996","pid_9996_luid_0x00000000_0x0000e366_phys_0_eng_3_engtype_videoprocessing","utilization percentage","0"
"11.537","9996","pid_9996_luid_0x00000000_0x0000e366_phys_0_eng_4_engtype_videodecode","utilization percentage","0"
"11.537","9996","pid_9996_luid_0x00000000_0x0000e366_phys_0_eng_5_engtype_","utilization percentage","0"
"11.537","9996","pid_9996_luid_0x00000000_0x0000e366_phys_0_eng_6_engtype_","utilization percentage","0"
"11.537","9996","pid_9996_luid_0x00000000_0x0000e366_phys_0_eng_7_engtype_","utilization percentage","0"
"11.537","9996","pid_9996_luid_0x00000000_0x0000e366_phys_0_eng_8_engtype_","utilization percentage","0"
"11.537","9996","pid_9996_luid_0x00000000_0x0000e366_phys_0_eng_9_engtype_","utilization percentage","0"
"11.537","9996","pid_9996_luid_0x00000000_0x0000e366_phys_0","dedicated usage","0"
"11.537","9996","pid_9996_luid_0x00000000_0x0000e366_phys_0","shared usage","307908608"
"11.559","13672","pid_13672_luid_0x00000000_0x0000e366_phys_0_eng_0_engtype_3d","utilization percentage","28.6390328855731"
"11.559","13672","pid_13672_luid_0x00000000_0x0000e366_phys_0_eng_10_engtype_legacyoverlay","utilization percentage","0"
"11.559","13672","pid_13672_luid_0x00000000_0x0000e366_phys_0_eng_11_engtype_","utilization percentage","0"
"11.559","13672","pid_13672_luid_0x00000000_0x0000e366_phys_0_eng_12_engtype_","utilization percentage","0"
"11.559","13672","pid_13672_luid_0x00000000_0x0000e366_phys_0_eng_1_engtype_videodecode","utilization percentage","0"
"11.559","13672","pid_13672_luid_0x00000000_0x0000e366_phys_0_eng_2_engtype_copy","utilization percentage","0"
"11.559","13672","pid_13672_luid_0x00000000_0x0000e366_phys_0_eng_3_engtype_videoprocessing","utilization percentage","0"
"11.559","13672","pid_13672_luid_0x00000000_0x0000e366_phys_0_eng_4_engtype_videodecode","utilization percentage","6.46239884648037"
"11.559","13672","pid_13672_luid_0x00000000_0x0000e366_phys_0_eng_5_engtype_","utilization percentage","0"
"11.559","13672","pid_13672_luid_0x00000000_0x0000e366_phys_0_eng_6_engtype_","utilization percentage","0"
"11.559","13672","pid_13672_luid_0x00000000_0x0000e366_phys_0_eng_7_engtype_","utilization percentage","0"
"11.559","13672","pid_13672_luid_0x00000000_0x0000e366_phys_0_eng_8_engtype_","utilization percentage","0"
"11.559","13672","pid_13672_luid_0x00000000_0x0000e366_phys_0_eng_9_engtype_","utilization percentage","0"
"11.559","13672","pid_13672_luid_0x00000000_0x0000e366_phys_0","dedicated usage","0"
"11.559","13672","pid_13672_luid_0x00000000_0x0000e366_phys_0","shared usage","305123328"
"12.598","11436","pid_11436_luid_0x00000000_0x0000e366_phys_0_eng_0_engtype_3d","utilization percentage","4.4648769389773"
"12.598","11436","pid_11436_luid_0x00000000_0x0000e366_phys_0_eng_10_engtype_legacyoverlay","utilization percentage","0"
"12.598","11436","pid_11436_luid_0x00000000_0x0000e366_phys_0_eng_11_engtype_","utilization percentage","0"
"12.598","11436","pid_11436_luid_0x00000000_0x0000e366_phys_0_eng_12_engtype_","utilization percentage","0"
"12.598","11436","pid_11436_luid_0x00000000_0x0000e366_phys_0_eng_1_engtype_videodecode","utilization percentage","1.49007264500292"
"12.598","11436","pid_11436_luid_0x00000000_0x0000e366_phys_0_eng_2_engtype_copy","utilization percentage","0"
"12.598","11436","pid_11436_luid_0x00000000_0x0000e366_phys_0_eng_3_engtype_videoprocessing","utilization percentage","0"
"12.598","11436","pid_11436_luid_0x00000000_0x0000e366_phys_0_eng_4_engtype_videodecode","utilization percentage","0"
"12.598","11436","pid_11436_luid_0x00000000_0x0000e366_phys_0_eng_5_engtype_","utilization percentage","0"
"12.598","11436","pid_11436_luid_0x00000000_0x0000e366_phys_0_eng_6_engtype_","utilization percentage","0"
"12.598","11436","pid_11436_luid_0x00000000_0x0000e366_phys_0_eng_7_engtype_","utilization percentage","0"
"12.598","11436","pid_11436_luid_0x00000000_0x0000e366_phys_0_eng_8_engtype_","utilization percentage","0"
"12.598","11436","pid_11436_luid_0x00000000_0x0000e366_phys_0_eng_9_engtype_","utilization percentage","0"
"12.598","11436","pid_11436_luid_0x00000000_0x0000e366_phys_0","dedicated usage","0"
"12.598","11436","pid_11436_luid_0x00000000_0x0000e366_phys_0","shared usage","81387520"
"12.607","9996","pid_9996_luid_0x00000000_0x0000e366_phys_0_eng_0_engtype_3d","utilization percentage","27.4980574806755"
"12.607","9996","pid_9996_luid_0x00000000_0x0000e366_phys_0_eng_10_engtype_legacyoverlay","utilization percentage","0"
"12.607","9996","pid_9996_luid_0x00000000_0x0000e366_phys_0_eng_11_engtype_","utilization percentage","0"
"12.607","9996","pid_9996_luid_0x00000000_0x0000e366_phys_0_eng_12_engtype_","utilization percentage","0"
"12.607","9996","pid_9996_luid_0x00000000_0x0000e366_phys_0_eng_1_engtype_videodecode","utilization percentage","5.24417766184803"
"12.607","9996","pid_9996_luid_0x00000000_0x0000e366_phys_0_eng_2_engtype_copy","utilization percentage","0"
"12.607","9996","pid_9996_luid_0x00000000_0x0000e366_phys_0_eng_3_engtype_videoprocessing","utilization percentage","0"
"12.607","9996","pid_9996_luid_0x00000000_0x0000e366_phys_0_eng_4_engtype_videodecode","utilization percentage","0"
"12.607","9996","pid_9996_luid_0x00000000_0x0000e366_phys_0_eng_5_engtype_","utilization percentage","0"
"12.607","9996","pid_9996_luid_0x00000000_0x0000e366_phys_0_eng_6_engtype_","utilization percentage","0"
"12.607","9996","pid_9996_luid_0x00000000_0x0000e366_phys_0_eng_7_engtype_","utilization percentage","0"
"12.607","9996","pid_9996_luid_0x00000000_0x0000e366_phys_0_eng_8_engtype_","utilization percentage","0"
"12.607","9996","pid_9996_luid_0x00000000_0x0000e366_phys_0_eng_9_engtype_","utilization percentage","0"
"12.607","9996","pid_9996_luid_0x00000000_0x0000e366_phys_0","dedicated usage","0"
"12.607","9996","pid_9996_luid_0x00000000_0x0000e366_phys_0","shared usage","307908608"
"12.632","13672","pid_13672_luid_0x00000000_0x0000e366_phys_0_eng_0_engtype_3d","utilization percentage","29.045706622164"
"12.632","13672","pid_13672_luid_0x00000000_0x0000e366_phys_0_eng_10_engtype_legacyoverlay","utilization percentage","0"
"12.632","13672","pid_13672_luid_0x00000000_0x0000e366_phys_0_eng_11_engtype_","utilization percentage","0"
"12.632","13672","pid_13672_luid_0x00000000_0x0000e366_phys_0_eng_12_engtype_","utilization percentage","0"
"12.632","13672","pid_13672_luid_0x00000000_0x0000e366_phys_0_eng_1_engtype_videodecode","utilization percentage","0"
"12.632","13672","pid_13672_luid_0x00000000_0x0000e366_phys_0_eng_2_engtype_copy","utilization percentage","0"
"12.632","13672","pid_13672_luid_0x00000000_0x0000e366_phys_0_eng_3_engtype_videoprocessing","utilization percentage","0"
"12.632","13672","pid_13672_luid_0x00000000_0x0000e366_phys_0_eng_4_engtype_videodecode","utilization percentage","6.37421311189359"
"12.632","13672","pid_13672_luid_0x00000000_0x0000e366_phys_0_eng_5_engtype_","utilization percentage","0"
"12.632","13672","pid_13672_luid_0x00000000_0x0000e366_phys_0_eng_6_engtype_","utilization percentage","0"
"12.632","13672","pid_13672_luid_0x00000000_0x0000e366_phys_0_eng_7_engtype_","utilization percentage","0"
"12.632","13672","pid_13672_luid_0x00000000_0x0000e366_phys_0_eng_8_engtype_","utilization percentage","0"
"12.632","13672","pid_13672_luid_0x00000000_0x0000e366_phys_0_eng_9_engtype_","utilization percentage","0"
"12.632","13672","pid_13672_luid_0x00000000_0x0000e366_phys_0","dedicated usage","0"
"12.632","13672","pid_13672_luid_0x00000000_0x0000e366_phys_0","shared usage","305123328"
"13.671","11436","pid_11436_luid_0x00000000_0x0000e366_phys_0_eng_0_engtype_3d","utilization percentage","4.4147722321404"
"13.671","11436","pid_11436_luid_0x00000000_0x0000e366_phys_0_eng_10_engtype_legacyoverlay","utilization percentage","0"
"13.671","11436","pid_11436_luid_0x00000000_0x0000e366_phys_0_eng_11_engtype_","utilization percentage","0"
"13.671","11436","pid_11436_luid_0x00000000_0x0000e366_phys_0_eng_12_engtype_","utilization percentage","0"
"13.671","11436","pid_11436_luid_0x00000000_0x0000e366_phys_0_eng_1_engtype_videodecode","utilization percentage","1.75613766030055"
"13.671","11436","pid_11436_luid_0x00000000_0x0000e366_phys_0_eng_2_engtype_copy","utilization percentage","0"
"13.671","11436","pid_11436_luid_0x00000000_0x0000e366_phys_0_eng_3_engtype_videoprocessing","utilization percentage","0"
"13.671","11436","pid_11436_luid_0x00000000_0x0000e366_phys_0_eng_4_engtype_videodecode","utilization percentage","0"
"13.671","11436","pid_11436_luid_0x00000000_0x0000e366_phys_0_eng_5_engtype_","utilization percentage","0"
"13.671","11436","pid_11436_luid_0x00000000_0x0000e366_phys_0_eng_6_engtype_","utilization percentage","0"
"13.671","11436","pid_11436_luid_0x00000000_0x0000e366_phys_0_eng_7_engtype_","utilization percentage","0"
"13.671","11436","pid_11436_luid_0x00000000_0x0000e366_phys_0_eng_8_engtype_","utilization percentage","0"
"13.671","11436","pid_11436_luid_0x00000000_0x0000e366_phys_0_eng_9_engtype_","utilization percentage","0"
"13.671","11436","pid_11436_luid_0x00000000_0x0000e366_phys_0","dedicated usage","0"
"13.671","11436","pid_11436_luid_0x00000000_0x0000e366_phys_0","shared usage","81387520"
"13.683","9996","pid_9996_luid_0x00000000_0x0000e366_phys_0_eng_0_engtype_3d","utilization percentage","28.2127656996558"
"13.683","9996","pid_9996_luid_0x00000000_0x0000e366_phys_0_eng_10_engtype_legacyoverlay","utilization percentage","0"
"13.683","9996","pid_9996_luid_0x00000000_0x0000e366_phys_0_eng_11_engtype_","utilization percentage","0"
"13.683","9996","pid_9996_luid_0x00000000_0x0000e366_phys_0_eng_12_engtype_","utilization percentage","0"
"13.683","9996","pid_9996_luid_0x00000000_0x0000e366_phys_0_eng_1_engtype_videodecode","utilization percentage","5.29001706051239"
"13.683","9996","pid_9996_luid_0x00000000_0x0000e366_phys_0_eng_2_engtype_copy","utilization percentage","0"
"13.683","9996","pid_9996_luid_0x00000000_0x0000e366_phys_0_eng_3_engtype_videoprocessing","utilization percentage","0"
"13.683","9996","pid_9996_luid_0x00000000_0x0000e366_phys_0_eng_4_engtype_videodecode","utilization percentage","0"
"13.683","9996","pid_9996_luid_0x00000000_0x0000e366_phys_0_eng_5_engtype_","utilization percentage","0"
"13.683","9996","pid_9996_luid_0x00000000_0x0000e366_phys_0_eng_6_engtype_","utilization percentage","0"
"13.683","9996","pid_9996_luid_0x00000000_0x0000e366_phys_0_eng_7_engtype_","utilization percentage","0"
"13.683","9996","pid_9996_luid_0x00000000_0x0000e366_phys_0_eng_8_engtype_","utilization percentage","0"
"13.683","9996","pid_9996_luid_0x00000000_0x0000e366_phys_0_eng_9_engtype_","utilization percentage","0"
"13.683","9996","pid_9996_luid_0x00000000_0x0000e366_phys_0","dedicated usage","0"
"13.683","9996","pid_9996_luid_0x00000000_0x0000e366_phys_0","shared usage","307908608"
"13.709","13672","pid_13672_luid_0x00000000_0x0000e366_phys_0_eng_0_engtype_3d","utilization percentage","28.3013908907768"
"13.709","13672","pid_13672_luid_0x00000000_0x0000e366_phys_0_eng_10_engtype_legacyoverlay","utilization percentage","0"
"13.709","13672","pid_13672_luid_0x00000000_0x0000e366_phys_0_eng_11_engtype_","utilization percentage","0"
"13.709","13672","pid_13672_luid_0x00000000_0x0000e366_phys_0_eng_12_engtype_","utilization percentage","0"
"13.709","13672","pid_13672_luid_0x00000000_0x0000e366_phys_0_eng_1_engtype_videodecode","utilization percentage","0"
"13.709","13672","pid_13672_luid_0x00000000_0x0000e366_phys_0_eng_2_engtype_copy","utilization percentage","0"
"13.709","13672","pid_13672_luid_0x00000000_0x0000e366_phys_0_eng_3_engtype_videoprocessing","utilization percentage","0"
"13.709","13672","pid_13672_luid_0x00000000_0x0000e366_phys_0_eng_4_engtype_videodecode","utilization percentage","6.61173377398945"
"13.709","13672","pid_13672_luid_0x00000000_0x0000e366_phys_0_eng_5_engtype_","utilization percentage","0"
"13.709","13672","pid_13672_luid_0x00000000_0x0000e366_phys_0_eng_6_engtype_","utilization percentage","0"
"13.709","13672","pid_13672_luid_0x00000000_0x0000e366_phys_0_eng_7_engtype_","utilization percentage","0"
"13.709","13672","pid_13672_luid_0x00000000_0x0000e366_phys_0_eng_8_engtype_","utilization percentage","0"
"13.709","13672","pid_13672_luid_0x00000000_0x0000e366_phys_0_eng_9_engtype_","utilization percentage","0"
"13.709","13672","pid_13672_luid_0x00000000_0x0000e366_phys_0","dedicated usage","0"
"13.709","13672","pid_13672_luid_0x00000000_0x0000e366_phys_0","shared usage","305123328"
"14.743","11436","pid_11436_luid_0x00000000_0x0000e366_phys_0_eng_0_engtype_3d","utilization percentage","4.38941584608693"
"14.743","11436","pid_11436_luid_0x00000000_0x0000e366_phys_0_eng_10_engtype_legacyoverlay","utilization percentage","0"
"14.743","11436","pid_11436_luid_0x00000000_0x0000e366_phys_0_eng_11_engtype_","utilization percentage","0"
"14.743","11436","pid_11436_luid_0x00000000_0x0000e366_phys_0_eng_12_engtype_","utilization percentage","0"
"14.743","11436","pid_11436_luid_0x00000000_0x0000e366_phys_0_eng_1_engtype_videodecode","utilization percentage","1.41874964075355"
"14.743","11436","pid_11436_luid_0x00000000_0x0000e366_phys_0_eng_2_engtype_copy","utilization percentage","0"
"14.743","11436","pid_11436_luid_0x00000000_0x0000e366_phys_0_eng_3_engtype_videoprocessing","utilization percentage","0"
"14.743","11436","pid_11436_luid_0x00000000_0x0000e366_phys_0_eng_4_engtype_videodecode","utilization percentage","0"
"14.743","11436","pid_11436_luid_0x00000000_0x0000e366_phys_0_eng_5_engtype_","utilization percentage","0"
"14.743","11436","pid_11436_luid_0x00000000_0x0000e366_phys_0_eng_6_engtype_","utilization percentage","0"
"14.743","11436","pid_11436_luid_0x00000000_0x0000e366_phys_0_eng_7_engtype_","utilization percentage","0"
"14.743","11436","pid_11436_luid_0x00000000_0x0000e366_phys_0_eng_8_engtype_","utilization percentage","0"
"14.743","11436","pid_11436_luid_0x00000000_0x0000e366_phys_0_eng_9_engtype_","utilization percentage","0"
"14.743","11436","pid_11436_luid_0x00000000_0x0000e366_phys_0","dedicated usage","0"
"14.743","11436","pid_11436_luid_0x00000000_0x0000e366_phys_0","shared usage","81387520"
"14.752","9996","pid_9996_luid_0x00000000_0x0000e366_phys_0_eng_0_engtype_3d","utilization percentage","27.5131664407744"
"14.752","9996","pid_9996_luid_0x00000000_0x0000e366_phys_0_eng_10_engtype_legacyoverlay","utilization percentage","0"
"14.752","9996","pid_9996_luid_0x00000000_0x0000e366_phys_0_eng_11_engtype_","utilization percentage","0"
"14.752","9996","pid_9996_luid_0x00000000_0x0000e366_phys_0_eng_12_engtype_","utilization percentage","0"
"14.752","9996","pid_9996_luid_0x00000000_0x0000e366_phys_0_eng_1_engtype_videodecode","utilization percentage","5.08033920728188"
"14.752","9996","pid_9996_luid_0x00000000_0x0000e366_phys_0_eng_2_engtype_copy","utilization percentage","0"
"14.752","9996","pid_9996_luid_0x00000000_0x0000e366_phys_0_eng_3_engtype_videoprocessing","utilization percentage","0"
"14.752","9996","pid_9996_luid_0x00000000_0x0000e366_phys_0_eng_4_engtype_videodecode","utilization percentage","0"
"14.752","9996","pid_9996_luid_0x00000000_0x0000e366_phys_0_eng_5_engtype_","utilization percentage","0"
"14.752","9996","pid_9996_luid_0x00000000_0x0000e366_phys_0_eng_6_engtype_","utilization percentage","0"
"14.752","9996","pid_9996_luid_0x00000000_0x0000e366_phys_0_eng_7_engtype_","utilization percentage","0"
"14.752","9996","pid_9996_luid_0x00000000_0x0000e366_phys_0_eng_8_engtype_","utilization percentage","0"
"14.752","9996","pid_9996_luid_0x00000000_0x0000e366_phys_0_eng_9_engtype_","utilization percentage","0"
"14.752","9996","pid_9996_luid_0x00000000_0x0000e366_phys_0","dedicated usage","0"
"14.752","9996","pid_9996_luid_0x00000000_0x0000e366_phys_0","shared usage","307908608"
"14.777","13672","pid_13672_luid_0x00000000_0x0000e366_phys_0_eng_0_engtype_3d","utilization percentage","29.0425499448516"
"14.777","13672","pid_13672_luid_0x00000000_0x0000e366_phys_0_eng_10_engtype_legacyoverlay","utilization percentage","0"
"14.777","13672","pid_13672_luid_0x00000000_0x0000e366_phys_0_eng_11_engtype_","utilization percentage","0"
"14.777","13672","pid_13672_luid_0x00000000_0x0000e366_phys_0_eng_12_engtype_","utilization percentage","0"
"14.777","13672","pid_13672_luid_0x00000000_0x0000e366_phys_0_eng_1_engtype_videodecode","utilization percentage","0"
"14.777","13672","pid_13672_luid_0x00000000_0x0000e366_phys_0_eng_2_engtype_copy","utilization percentage","0"
"14.777","13672","pid_13672_luid_0x00000000_0x0000e366_phys_0_eng_3_engtype_videoprocessing","utilization percentage","0"
"14.777","13672","pid_13672_luid_0x00000000_0x0000e366_phys_0_eng_4_engtype_videodecode","utilization percentage","6.38256661950358"
"14.777","13672","pid_13672_luid_0x00000000_0x0000e366_phys_0_eng_5_engtype_","utilization percentage","0"
"14.777","13672","pid_13672_luid_0x00000000_0x0000e366_phys_0_eng_6_engtype_","utilization percentage","0"
"14.777","13672","pid_13672_luid_0x00000000_0x0000e366_phys_0_eng_7_engtype_","utilization percentage","0"
"14.777","13672","pid_13672_luid_0x00000000_0x0000e366_phys_0_eng_8_engtype_","utilization percentage","0"
"14.777","13672","pid_13672_luid_0x00000000_0x0000e366_phys_0_eng_9_engtype_","utilization percentage","0"
"14.777","13672","pid_13672_luid_0x00000000_0x0000e366_phys_0","dedicated usage","0"
"14.777","13672","pid_13672_luid_0x00000000_0x0000e366_phys_0","shared usage","305123328"
"15.821","11436","pid_11436_luid_0x00000000_0x0000e366_phys_0_eng_0_engtype_3d","utilization percentage","4.43371779080224"
"15.821","11436","pid_11436_luid_0x00000000_0x0000e366_phys_0_eng_10_engtype_legacyoverlay","utilization percentage","0"
"15.821","11436","pid_11436_luid_0x00000000_0x0000e366_phys_0_eng_11_engtype_","utilization percentage","0"
"15.821","11436","pid_11436_luid_0x00000000_0x0000e366_phys_0_eng_12_engtype_","utilization percentage","0"
"15.821","11436","pid_11436_luid_0x00000000_0x0000e366_phys_0_eng_1_engtype_videodecode","utilization percentage","1.34695575557769"
"15.821","11436","pid_11436_luid_0x00000000_0x0000e366_phys_0_eng_2_engtype_copy","utilization percentage","0"
"15.821","11436","pid_11436_luid_0x00000000_0x0000e366_phys_0_eng_3_engtype_videoprocessing","utilization percentage","0"
"15.821","11436","pid_11436_luid_0x00000000_0x0000e366_phys_0_eng_4_engtype_videodecode","utilization percentage","0"
"15.821","11436","pid_11436_luid_0x00000000_0x0000e366_phys_0_eng_5_engtype_","utilization percentage","0"
"15.821","11436","pid_11436_luid_0x00000000_0x0000e366_phys_0_eng_6_engtype_","utilization percentage","0"
"15.821","11436","pid_11436_luid_0x00000000_0x0000e366_phys_0_eng_7_engtype_","utilization percentage","0"
"15.821","11436","pid_11436_luid_0x00000000_0x0000e366_phys_0_eng_8_engtype_","utilization percentage","0"
"15.821","11436","pid_11436_luid_0x00000000_0x0000e366_phys_0_eng_9_engtype_","utilization percentage","0"
"15.821","11436","pid_11436_luid_0x00000000_0x0000e366_phys_0","dedicated usage","0"
"15.821","11436","pid_11436_luid_0x00000000_0x0000e366_phys_0","shared usage","81387520"
"15.844","9996","pid_9996_luid_0x00000000_0x0000e366_phys_0_eng_0_engtype_3d","utilization percentage","27.2361459510328"
"15.844","9996","pid_9996_luid_0x00000000_0x0000e366_phys_0_eng_10_engtype_legacyoverlay","utilization percentage","0"
"15.844","9996","pid_9996_luid_0x00000000_0x0000e366_phys_0_eng_11_engtype_","utilization percentage","0"
"15.844","9996","pid_9996_luid_0x00000000_0x0000e366_phys_0_eng_12_engtype_","utilization percentage","0"
"15.844","9996","pid_9996_luid_0x00000000_0x0000e366_phys_0_eng_1_engtype_videodecode","utilization percentage","5.1847697152403"
"15.844","9996","pid_9996_luid_0x00000000_0x0000e366_phys_0_eng_2_engtype_copy","utilization percentage","0"
"15.844","9996","pid_9996_luid_0x00000000_0x0000e366_phys_0_eng_3_engtype_videoprocessing","utilization percentage","0"
"15.844","9996","pid_9996_luid_0x00000000_0x0000e366_phys_0_eng_4_engtype_videodecode","utilization percentage","0"
"15.844","9996","pid_9996_luid_0x00000000_0x0000e366_phys_0_eng_5_engtype_","utilization percentage","0"
"15.844","9996","pid_9996_luid_0x00000000_0x0000e366_phys_0_eng_6_engtype_","utilization percentage","0"
"15.844","9996","pid_9996_luid_0x00000000_0x0000e366_phys_0_eng_7_engtype_","utilization percentage","0"
"15.844","9996","pid_9996_luid_0x00000000_0x0000e366_phys_0_eng_8_engtype_","utilization percentage","0"
"15.844","9996","pid_9996_luid_0x00000000_0x0000e366_phys_0_eng_9_engtype_","utilization percentage","0"
"15.844","9996","pid_9996_luid_0x00000000_0x0000e366_phys_0","dedicated usage","0"
"15.844","9996","pid_9996_luid_0x00000000_0x0000e366_phys_0","shared usage","307908608"
"15.874","13672","pid_13672_luid_0x00000000_0x0000e366_phys_0_eng_0_engtype_3d","utilization percentage","29.0352065830188"
"15.874","13672","pid_13672_luid_0x00000000_0x0000e366_phys_0_eng_10_engtype_legacyoverlay","utilization percentage","0"
"15.874","13672","pid_13672_luid_0x00000000_0x0000e366_phys_0_eng_11_engtype_","utilization percentage","0"
"15.874","13672","pid_13672_luid_0x00000000_0x0000e366_phys_0_eng_12_engtype_","utilization percentage","0"
"15.874","13672","pid_13672_luid_0x00000000_0x0000e366_phys_0_eng_1_engtype_videodecode","utilization percentage","0"
"15.874","13672","pid_13672_luid_0x00000000_0x0000e366_phys_0_eng_2_engtype_copy","utilization percentage","0"
"15.874","13672","pid_13672_luid_0x00000000_0x0000e366_phys_0_eng_3_engtype_videoprocessing","utilization percentage","0"
"15.874","13672","pid_13672_luid_0x00000000_0x0000e366_phys_0_eng_4_engtype_videodecode","utilization percentage","6.41731763757961"
"15.874","13672","pid_13672_luid_0x00000000_0x0000e366_phys_0_eng_5_engtype_","utilization percentage","0"
"15.874","13672","pid_13672_luid_0x00000000_0x0000e366_phys_0_eng_6_engtype_","utilization percentage","0"
"15.874","13672","pid_13672_luid_0x00000000_0x0000e366_phys_0_eng_7_engtype_","utilization percentage","0"
"15.874","13672","pid_13672_luid_0x00000000_0x0000e366_phys_0_eng_8_engtype_","utilization percentage","0"
"15.874","13672","pid_13672_luid_0x00000000_0x0000e366_phys_0_eng_9_engtype_","utilization percentage","0"
"15.874","13672","pid_13672_luid_0x00000000_0x0000e366_phys_0","dedicated usage","0"
"15.874","13672","pid_13672_luid_0x00000000_0x0000e366_phys_0","shared usage","305123328"
"16.902","11436","pid_11436_luid_0x00000000_0x0000e366_phys_0_eng_0_engtype_3d","utilization percentage","4.26822944443686"
"16.902","11436","pid_11436_luid_0x00000000_0x0000e366_phys_0_eng_10_engtype_legacyoverlay","utilization percentage","0"
"16.902","11436","pid_11436_luid_0x00000000_0x0000e366_phys_0_eng_11_engtype_","utilization percentage","0"
"16.902","11436","pid_11436_luid_0x00000000_0x0000e366_phys_0_eng_12_engtype_","utilization percentage","0"
"16.902","11436","pid_11436_luid_0x00000000_0x0000e366_phys_0_eng_1_engtype_videodecode","utilization percentage","1.61706310028349"
"16.902","11436","pid_11436_luid_0x00000000_0x0000e366_phys_0_eng_2_engtype_copy","utilization percentage","0"
"16.902","11436","pid_11436_luid_0x00000000_0x0000e366_phys_0_eng_3_engtype_videoprocessing","utilization percentage","0"
"16.902","11436","pid_11436_luid_0x00000000_0x0000e366_phys_0_eng_4_engtype_videodecode","utilization percentage","0"
"16.902","11436","pid_11436_luid_0x00000000_0x0000e366_phys_0_eng_5_engtype_","utilization percentage","0"
"16.902","11436","pid_11436_luid_0x00000000_0x0000e366_phys_0_eng_6_engtype_","utilization percentage","0"
"16.902","11436","pid_11436_luid_0x00000000_0x0000e366_phys_0_eng_7_engtype_","utilization percentage","0"
"16.902","11436","pid_11436_luid_0x00000000_0x0000e366_phys_0_eng_8_engtype_","utilization percentage","0"
"16.902","11436","pid_11436_luid_0x00000000_0x0000e366_phys_0_eng_9_engtype_","utilization percentage","0"
"16.902","11436","pid_11436_luid_0x00000000_0x0000e366_phys_0","dedicated usage","0"
"16.902","11436","pid_11436_luid_0x00000000_0x0000e366_phys_0","shared usage","81387520"
"16.912","9996","pid_9996_luid_0x00000000_0x0000e366_phys_0_eng_0_engtype_3d","utilization percentage","26.568898325822"
"16.912","9996","pid_9996_luid_0x00000000_0x0000e366_phys_0_eng_10_engtype_legacyoverlay","utilization percentage","0"
"16.912","9996","pid_9996_luid_0x00000000_0x0000e366_phys_0_eng_11_engtype_","utilization percentage","0"
"16.912","9996","pid_9996_luid_0x00000000_0x0000e366_phys_0_eng_12_engtype_","utilization percentage","0"
"16.912","9996","pid_9996_luid_0x00000000_0x0000e366_phys_0_eng_1_engtype_videodecode","utilization percentage","4.89772090192508"
"16.912","9996","pid_9996_luid_0x00000000_0x0000e366_phys_0_eng_2_engtype_copy","utilization percentage","0"
"16.912","9996","pid_9996_luid_0x00000000_0x0000e366_phys_0_eng_3_engtype_videoprocessing","utilization percentage","0"
"16.912","9996","pid_9996_luid_0x00000000_0x0000e366_phys_0_eng_4_engtype_videodecode","utilization percentage","0"
"16.912","9996","pid_9996_luid_0x00000000_0x0000e366_phys_0_eng_5_engtype_","utilization percentage","0"
"16.912","9996","pid_9996_luid_0x00000000_0x0000e366_phys_0_eng_6_engtype_","utilization percentage","0"
"16.912","9996","pid_9996_luid_0x00000000_0x0000e366_phys_0_eng_7_engtype_","utilization percentage","0"
"16.912","9996","pid_9996_luid_0x00000000_0x0000e366_phys_0_eng_8_engtype_","utilization percentage","0"
"16.912","9996","pid_9996_luid_0x00000000_0x0000e366_phys_0_eng_9_engtype_","utilization percentage","0"
"16.912","9996","pid_9996_luid_0x00000000_0x0000e366_phys_0","dedicated usage","0"
"16.912","9996","pid_9996_luid_0x00000000_0x0000e366_phys_0","shared usage","307908608"
"16.929","13672","pid_13672_luid_0x00000000_0x0000e366_phys_0_eng_0_engtype_3d","utilization percentage","27.3853004799131"
"16.929","13672","pid_13672_luid_0x00000000_0x0000e366_phys_0_eng_10_engtype_legacyoverlay","utilization percentage","0"
"16.929","13672","pid_13672_luid_0x00000000_0x0000e366_phys_0_eng_11_engtype_","utilization percentage","0"
"16.929","13672","pid_13672_luid_0x00000000_0x0000e366_phys_0_eng_12_engtype_","utilization percentage","0"
"16.929","13672","pid_13672_luid_0x00000000_0x0000e366_phys_0_eng_1_engtype_videodecode","utilization percentage","0"
"16.929","13672","pid_13672_luid_0x00000000_0x0000e366_phys_0_eng_2_engtype_copy","utilization percentage","0"
"16.929","13672","pid_13672_luid_0x00000000_0x0000e366_phys_0_eng_3_engtype_videoprocessing","utilization percentage","0"
"16.929","13672","pid_13672_luid_0x00000000_0x0000e366_phys_0_eng_4_engtype_videodecode","utilization percentage","6.13339649500692"
"16.929","13672","pid_13672_luid_0x00000000_0x0000e366_phys_0_eng_5_engtype_","utilization percentage","0"
"16.929","13672","pid_13672_luid_0x00000000_0x0000e366_phys_0_eng_6_engtype_","utilization percentage","0"
"16.929","13672","pid_13672_luid_0x00000000_0x0000e366_phys_0_eng_7_engtype_","utilization percentage","0"
"16.929","13672","pid_13672_luid_0x00000000_0x0000e366_phys_0_eng_8_engtype_","utilization percentage","0"
"16.929","13672","pid_13672_luid_0x00000000_0x0000e366_phys_0_eng_9_engtype_","utilization percentage","0"
"16.929","13672","pid_13672_luid_0x00000000_0x0000e366_phys_0","dedicated usage","0"
"16.929","13672","pid_13672_luid_0x00000000_0x0000e366_phys_0","shared usage","305123328"
"17.958","11436","pid_11436_luid_0x00000000_0x0000e366_phys_0_eng_0_engtype_3d","utilization percentage","4.0337732417901"
"17.958","11436","pid_11436_luid_0x00000000_0x0000e366_phys_0_eng_10_engtype_legacyoverlay","utilization percentage","0"
"17.958","11436","pid_11436_luid_0x00000000_0x0000e366_phys_0_eng_11_engtype_","utilization percentage","0"
"17.958","11436","pid_11436_luid_0x00000000_0x0000e366_phys_0_eng_12_engtype_","utilization percentage","0"
"17.958","11436","pid_11436_luid_0x00000000_0x0000e366_phys_0_eng_1_engtype_videodecode","utilization percentage","1.8168720561063"
"17.958","11436","pid_11436_luid_0x00000000_0x0000e366_phys_0_eng_2_engtype_copy","utilization percentage","0"
"17.958","11436","pid_11436_luid_0x00000000_0x0000e366_phys_0_eng_3_engtype_videoprocessing","utilization percentage","0"
"17.958","11436","pid_11436_luid_0x00000000_0x0000e366_phys_0_eng_4_engtype_videodecode","utilization percentage","0"
"17.958","11436","pid_11436_luid_0x00000000_0x0000e366_phys_0_eng_5_engtype_","utilization percentage","0"
"17.958","11436","pid_11436_luid_0x00000000_0x0000e366_phys_0_eng_6_engtype_","utilization percentage","0"
"17.958","11436","pid_11436_luid_0x00000000_0x0000e366_phys_0_eng_7_engtype_","utilization percentage","0"
"17.958","11436","pid_11436_luid_0x00000000_0x0000e366_phys_0_eng_8_engtype_","utilization percentage","0"
"17.958","11436","pid_11436_luid_0x00000000_0x0000e366_phys_0_eng_9_engtype_","utilization percentage","0"
"17.958","11436","pid_11436_luid_0x00000000_0x0000e366_phys_0","dedicated usage","0"
"17.958","11436","pid_11436_luid_0x00000000_0x0000e366_phys_0","shared usage","81387520"
"17.967","9996","pid_9996_luid_0x00000000_0x0000e366_phys_0_eng_0_engtype_3d","utilization percentage","21.2494483681083"
"17.967","9996","pid_9996_luid_0x00000000_0x0000e366_phys_0_eng_10_engtype_legacyoverlay","utilization percentage","0"
"17.967","9996","pid_9996_luid_0x00000000_0x0000e366_phys_0_eng_11_engtype_","utilization percentage","0"
"17.967","9996","pid_9996_luid_0x00000000_0x0000e366_phys_0_eng_12_engtype_","utilization percentage","0"
"17.967","9996","pid_9996_luid_0x00000000_0x0000e366_phys_0_eng_1_engtype_videodecode","utilization percentage","3.8038468110414"
"17.967","9996","pid_9996_luid_0x00000000_0x0000e366_phys_0_eng_2_engtype_copy","utilization percentage","0"
"17.967","9996","pid_9996_luid_0x00000000_0x0000e366_phys_0_eng_3_engtype_videoprocessing","utilization percentage","0"
"17.967","9996","pid_9996_luid_0x00000000_0x0000e366_phys_0_eng_4_engtype_videodecode","utilization percentage","0"
"17.967","9996","pid_9996_luid_0x00000000_0x0000e366_phys_0_eng_5_engtype_","utilization percentage","0"
"17.967","9996","pid_9996_luid_0x00000000_0x0000e366_phys_0_eng_6_engtype_","utilization percentage","0"
"17.967","9996","pid_9996_luid_0x00000000_0x0000e366_phys_0_eng_7_engtype_","utilization percentage","0"
"17.967","9996","pid_9996_luid_0x00000000_0x0000e366_phys_0_eng_8_engtype_","utilization percentage","0"
"17.967","9996","pid_9996_luid_0x00000000_0x0000e366_phys_0_eng_9_engtype_","utilization percentage","0"
"17.967","9996","pid_9996_luid_0x00000000_0x0000e366_phys_0","dedicated usage","0"
"17.967","9996","pid_9996_luid_0x00000000_0x0000e366_phys_0","shared usage","307908608"
"17.979","13672","pid_13672_luid_0x00000000_0x0000e366_phys_0_eng_0_engtype_3d","utilization percentage","22.8326010797288"
"17.979","13672","pid_13672_luid_0x00000000_0x0000e366_phys_0_eng_10_engtype_legacyoverlay","utilization percentage","0"
"17.979","13672","pid_13672_luid_0x00000000_0x0000e366_phys_0_eng_11_engtype_","utilization percentage","0"
"17.979","13672","pid_13672_luid_0x00000000_0x0000e366_phys_0_eng_12_engtype_","utilization percentage","0"
"17.979","13672","pid_13672_luid_0x00000000_0x0000e366_phys_0_eng_1_engtype_videodecode","utilization percentage","0"
"17.979","13672","pid_13672_luid_0x00000000_0x0000e366_phys_0_eng_2_engtype_copy","utilization percentage","0"
"17.979","13672","pid_13672_luid_0x00000000_0x0000e366_phys_0_eng_3_engtype_videoprocessing","utilization percentage","0"
"17.979","13672","pid_13672_luid_0x00000000_0x0000e366_phys_0_eng_4_engtype_videodecode","utilization percentage","5.8313014378367"
"17.979","13672","pid_13672_luid_0x00000000_0x0000e366_phys_0_eng_5_engtype_","utilization percentage","0"
"17.979","13672","pid_13672_luid_0x00000000_0x0000e366_phys_0_eng_6_engtype_","utilization percentage","0"
"17.979","13672","pid_13672_luid_0x00000000_0x0000e366_phys_0_eng_7_engtype_","utilization percentage","0"
"17.979","13672","pid_13672_luid_0x00000000_0x0000e366_phys_0_eng_8_engtype_","utilization percentage","0"
"17.979","13672","pid_13672_luid_0x00000000_0x0000e366_phys_0_eng_9_engtype_","utilization percentage","0"
"17.979","13672","pid_13672_luid_0x00000000_0x0000e366_phys_0","dedicated usage","0"
"17.979","13672","pid_13672_luid_0x00000000_0x0000e366_phys_0","shared usage","305123328"
"19.004","11436","pid_11436_luid_0x00000000_0x0000e366_phys_0_eng_0_engtype_3d","utilization percentage","4.23734763124647"
"19.004","11436","pid_11436_luid_0x00000000_0x0000e366_phys_0_eng_10_engtype_legacyoverlay","utilization percentage","0"
"19.004","11436","pid_11436_luid_0x00000000_0x0000e366_phys_0_eng_11_engtype_","utilization percentage","0"
"19.004","11436","pid_11436_luid_0x00000000_0x0000e366_phys_0_eng_12_engtype_","utilization percentage","0"
"19.004","11436","pid_11436_luid_0x00000000_0x0000e366_phys_0_eng_1_engtype_videodecode","utilization percentage","1.7577652285906"
"19.004","11436","pid_11436_luid_0x00000000_0x0000e366_phys_0_eng_2_engtype_copy","utilization percentage","0"
"19.004","11436","pid_11436_luid_0x00000000_0x0000e366_phys_0_eng_3_engtype_videoprocessing","utilization percentage","0"
"19.004","11436","pid_11436_luid_0x00000000_0x0000e366_phys_0_eng_4_engtype_videodecode","utilization percentage","0"
"19.004","11436","pid_11436_luid_0x00000000_0x0000e366_phys_0_eng_5_engtype_","utilization percentage","0"
"19.004","11436","pid_11436_luid_0x00000000_0x0000e366_phys_0_eng_6_engtype_","utilization percentage","0"
"19.004","11436","pid_11436_luid_0x00000000_0x0000e366_phys_0_eng_7_engtype_","utilization percentage","0"
"19.004","11436","pid_11436_luid_0x00000000_0x0000e366_phys_0_eng_8_engtype_","utilization percentage","0"
"19.004","11436","pid_11436_luid_0x00000000_0x0000e366_phys_0_eng_9_engtype_","utilization percentage","0"
"19.004","11436","pid_11436_luid_0x00000000_0x0000e366_phys_0","dedicated usage","0"
"19.004","11436","pid_11436_luid_0x00000000_0x0000e366_phys_0","shared usage","81387520"
"19.03","9996","pid_9996_luid_0x00000000_0x0000e366_phys_0_eng_0_engtype_3d","utilization percentage","23.8322741464769"
"19.03","9996","pid_9996_luid_0x00000000_0x0000e366_phys_0_eng_10_engtype_legacyoverlay","utilization percentage","0"
"19.03","9996","pid_9996_luid_0x00000000_0x0000e366_phys_0_eng_11_engtype_","utilization percentage","0"
"19.03","9996","pid_9996_luid_0x00000000_0x0000e366_phys_0_eng_12_engtype_","utilization percentage","0"
"19.03","9996","pid_9996_luid_0x00000000_0x0000e366_phys_0_eng_1_engtype_videodecode","utilization percentage","4.49674169904024"
"19.03","9996","pid_9996_luid_0x00000000_0x0000e366_phys_0_eng_2_engtype_copy","utilization percentage","0"
"19.03","9996","pid_9996_luid_0x00000000_0x0000e366_phys_0_eng_3_engtype_videoprocessing","utilization percentage","0"
"19.03","9996","pid_9996_luid_0x00000000_0x0000e366_phys_0_eng_4_engtype_videodecode","utilization percentage","0"
"19.03","9996","pid_9996_luid_0x00000000_0x0000e366_phys_0_eng_5_engtype_","utilization percentage","0"
"19.03","9996","pid_9996_luid_0x00000000_0x0000e366_phys_0_eng_6_engtype_","utilization percentage","0"
"19.03","9996","pid_9996_luid_0x00000000_0x0000e366_phys_0_eng_7_engtype_","utilization percentage","0"
"19.03","9996","pid_9996_luid_0x00000000_0x0000e366_phys_0_eng_8_engtype_","utilization percentage","0"
"19.03","9996","pid_9996_luid_0x00000000_0x0000e366_phys_0_eng_9_engtype_","utilization percentage","0"
"19.03","9996","pid_9996_luid_0x00000000_0x0000e366_phys_0","dedicated usage","0"
"19.03","9996","pid_9996_luid_0x00000000_0x0000e366_phys_0","shared usage","307908608"
"19.056","13672","pid_13672_luid_0x00000000_0x0000e366_phys_0_eng_0_engtype_3d","utilization percentage","25.3696458849075"
"19.056","13672","pid_13672_luid_0x00000000_0x0000e366_phys_0_eng_10_engtype_legacyoverlay","utilization percentage","0"
"19.056","13672","pid_13672_luid_0x00000000_0x0000e366_phys_0_eng_11_engtype_","utilization percentage","0"
"19.056","13672","pid_13672_luid_0x00000000_0x0000e366_phys_0_eng_12_engtype_","utilization percentage","0"
"19.056","13672","pid_13672_luid_0x00000000_0x0000e366_phys_0_eng_1_engtype_videodecode","utilization percentage","0"
"19.056","13672","pid_13672_luid_0x00000000_0x0000e366_phys_0_eng_2_engtype_copy","utilization percentage","0"
"19.056","13672","pid_13672_luid_0x00000000_0x0000e366_phys_0_eng_3_engtype_videoprocessing","utilization percentage","0"
"19.056","13672","pid_13672_luid_0x00000000_0x0000e366_phys_0_eng_4_engtype_videodecode","utilization percentage","6.22539058283547"
"19.056","13672","pid_13672_luid_0x00000000_0x0000e366_phys_0_eng_5_engtype_","utilization percentage","0"
"19.056","13672","pid_13672_luid_0x00000000_0x0000e366_phys_0_eng_6_engtype_","utilization percentage","0"
"19.056","13672","pid_13672_luid_0x00000000_0x0000e366_phys_0_eng_7_engtype_","utilization percentage","0"
"19.056","13672","pid_13672_luid_0x00000000_0x0000e366_phys_0_eng_8_engtype_","utilization percentage","0"
"19.056","13672","pid_13672_luid_0x00000000_0x0000e366_phys_0_eng_9_engtype_","utilization percentage","0"
"19.056","13672","pid_13672_luid_0x00000000_0x0000e366_phys_0","dedicated usage","0"
"19.056","13672","pid_13672_luid_0x00000000_0x0000e366_phys_0","shared usage","305123328"
"20.095","11436","pid_11436_luid_0x00000000_0x0000e366_phys_0_eng_0_engtype_3d","utilization percentage","4.85727406603379"
"20.095","11436","pid_11436_luid_0x00000000_0x0000e366_phys_0_eng_10_engtype_legacyoverlay","utilization percentage","0"
"20.095","11436","pid_11436_luid_0x00000000_0x0000e366_phys_0_eng_11_engtype_","utilization percentage","0"
"20.095","11436","pid_11436_luid_0x00000000_0x0000e366_phys_0_eng_12_engtype_","utilization percentage","0"
"20.095","11436","pid_11436_luid_0x00000000_0x0000e366_phys_0_eng_1_engtype_videodecode","utilization percentage","1.38435591758841"
"20.095","11436","pid_11436_luid_0x00000000_0x0000e366_phys_0_eng_2_engtype_copy","utilization percentage","0"
"20.095","11436","pid_11436_luid_0x00000000_0x0000e366_phys_0_eng_3_engtype_videoprocessing","utilization percentage","0"
"20.095","11436","pid_11436_luid_0x00000000_0x0000e366_phys_0_eng_4_engtype_videodecode","utilization percentage","0"
"20.095","11436","pid_11436_luid_0x00000000_0x0000e366_phys_0_eng_5_engtype_","utilization percentage","0"
"20.095","11436","pid_11436_luid_0x00000000_0x0000e366_phys_0_eng_6_engtype_","utilization percentage","0"
"20.095","11436","pid_11436_luid_0x00000000_0x0000e366_phys_0_eng_7_engtype_","utilization percentage","0"
"20.095","11436","pid_11436_luid_0x00000000_0x0000e366_phys_0_eng_8_engtype_","utilization percentage","0"
"20.095","11436","pid_11436_luid_0x00000000_0x0000e366_phys_0_eng_9_engtype_","utilization percentage","0"
"20.095","11436","pid_11436_luid_0x00000000_0x0000e366_phys_0","dedicated usage","0"
"20.095","11436","pid_11436_luid_0x00000000_0x0000e366_phys_0","shared usage","81387520"
"20.121","9996","pid_9996_luid_0x00000000_0x0000e366_phys_0_eng_0_engtype_3d","utilization percentage","25.2234547505218"
"20.121","9996","pid_9996_luid_0x00000000_0x0000e366_phys_0_eng_10_engtype_legacyoverlay","utilization percentage","0"
"20.121","9996","pid_9996_luid_0x00000000_0x0000e366_phys_0_eng_11_engtype_","utilization percentage","0"
"20.121","9996","pid_9996_luid_0x00000000_0x0000e366_phys_0_eng_12_engtype_","utilization percentage","0"
"20.121","9996","pid_9996_luid_0x00000000_0x0000e366_phys_0_eng_1_engtype_videodecode","utilization percentage","4.66857782327016"
"20.121","9996","pid_9996_luid_0x00000000_0x0000e366_phys_0_eng_2_engtype_copy","utilization percentage","0"
"20.121","9996","pid_9996_luid_0x00000000_0x0000e366_phys_0_eng_3_engtype_videoprocessing","utilization percentage","0"
"20.121","9996","pid_9996_luid_0x00000000_0x0000e366_phys_0_eng_4_engtype_videodecode","utilization percentage","0"
"20.121","9996","pid_9996_luid_0x00000000_0x0000e366_phys_0_eng_5_engtype_","utilization percentage","0"
"20.121","9996","pid_9996_luid_0x00000000_0x0000e366_phys_0_eng_6_engtype_","utilization percentage","0"
"20.121","9996","pid_9996_luid_0x00000000_0x0000e366_phys_0_eng_7_engtype_","utilization percentage","0"
"20.121","9996","pid_9996_luid_0x00000000_0x0000e366_phys_0_eng_8_engtype_","utilization percentage","0"
"20.121","9996","pid_9996_luid_0x00000000_0x0000e366_phys_0_eng_9_engtype_","utilization percentage","0"
"20.121","9996","pid_9996_luid_0x00000000_0x0000e366_phys_0","dedicated usage","0"
"20.121","9996","pid_9996_luid_0x00000000_0x0000e366_phys_0","shared usage","307908608"
"20.149","13672","pid_13672_luid_0x00000000_0x0000e366_phys_0_eng_0_engtype_3d","utilization percentage","26.7383859020537"
"20.149","13672","pid_13672_luid_0x00000000_0x0000e366_phys_0_eng_10_engtype_legacyoverlay","utilization percentage","0"
"20.149","13672","pid_13672_luid_0x00000000_0x0000e366_phys_0_eng_11_engtype_","utilization percentage","0"
"20.149","13672","pid_13672_luid_0x00000000_0x0000e366_phys_0_eng_12_engtype_","utilization percentage","0"
"20.149","13672","pid_13672_luid_0x00000000_0x0000e366_phys_0_eng_1_engtype_videodecode","utilization percentage","0"
"20.149","13672","pid_13672_luid_0x00000000_0x0000e366_phys_0_eng_2_engtype_copy","utilization percentage","0"
"20.149","13672","pid_13672_luid_0x00000000_0x0000e366_phys_0_eng_3_engtype_videoprocessing","utilization percentage","0"
"20.149","13672","pid_13672_luid_0x00000000_0x0000e366_phys_0_eng_4_engtype_videodecode","utilization percentage","6.24379279631244"
"20.149","13672","pid_13672_luid_0x00000000_0x0000e366_phys_0_eng_5_engtype_","utilization percentage","0"
"20.149","13672","pid_13672_luid_0x00000000_0x0000e366_phys_0_eng_6_engtype_","utilization percentage","0"
"20.149","13672","pid_13672_luid_0x00000000_0x0000e366_phys_0_eng_7_engtype_","utilization percentage","0"
"20.149","13672","pid_13672_luid_0x00000000_0x0000e366_phys_0_eng_8_engtype_","utilization percentage","0"
"20.149","13672","pid_13672_luid_0x00000000_0x0000e366_phys_0_eng_9_engtype_","utilization percentage","0"
"20.149","13672","pid_13672_luid_0x00000000_0x0000e366_phys_0","dedicated usage","0"
"20.149","13672","pid_13672_luid_0x00000000_0x0000e366_phys_0","shared usage","305123328"
"21.178","11436","pid_11436_luid_0x00000000_0x0000e366_phys_0_eng_0_engtype_3d","utilization percentage","4.5341476933733"
"21.178","11436","pid_11436_luid_0x00000000_0x0000e366_phys_0_eng_10_engtype_legacyoverlay","utilization percentage","0"
"21.178","11436","pid_11436_luid_0x00000000_0x0000e366_phys_0_eng_11_engtype_","utilization percentage","0"
"21.178","11436","pid_11436_luid_0x00000000_0x0000e366_phys_0_eng_12_engtype_","utilization percentage","0"
"21.178","11436","pid_11436_luid_0x00000000_0x0000e366_phys_0_eng_1_engtype_videodecode","utilization percentage","1.9853662277296"
"21.178","11436","pid_11436_luid_0x00000000_0x0000e366_phys_0_eng_2_engtype_copy","utilization percentage","0"
"21.178","11436","pid_11436_luid_0x00000000_0x0000e366_phys_0_eng_3_engtype_videoprocessing","utilization percentage","0"
"21.178","11436","pid_11436_luid_0x00000000_0x0000e366_phys_0_eng_4_engtype_videodecode","utilization percentage","0"
"21.178","11436","pid_11436_luid_0x00000000_0x0000e366_phys_0_eng_5_engtype_","utilization percentage","0"
"21.178","11436","pid_11436_luid_0x00000000_0x0000e366_phys_0_eng_6_engtype_","utilization percentage","0"
"21.178","11436","pid_11436_luid_0x00000000_0x0000e366_phys_0_eng_7_engtype_","utilization percentage","0"
"21.178","11436","pid_11436_luid_0x00000000_0x0000e366_phys_0_eng_8_engtype_","utilization percentage","0"
"21.178","11436","pid_11436_luid_0x00000000_0x0000e366_phys_0_eng_9_engtype_","utilization percentage","0"
"21.178","11436","pid_11436_luid_0x00000000_0x0000e366_phys_0","dedicated usage","0"
"21.178","11436","pid_11436_luid_0x00000000_0x0000e366_phys_0","shared usage","81387520"
"21.189","9996","pid_9996_luid_0x00000000_0x0000e366_phys_0_eng_0_engtype_3d","utilization percentage","27.4282748430153"
"21.189","9996","pid_9996_luid_0x00000000_0x0000e366_phys_0_eng_10_engtype_legacyoverlay","utilization percentage","0"
"21.189","9996","pid_9996_luid_0x00000000_0x0000e366_phys_0_eng_11_engtype_","utilization percentage","0"
"21.189","9996","pid_9996_luid_0x00000000_0x0000e366_phys_0_eng_12_engtype_","utilization percentage","0"
"21.189","9996","pid_9996_luid_0x00000000_0x0000e366_phys_0_eng_1_engtype_videodecode","utilization percentage","5.02558254265222"
"21.189","9996","pid_9996_luid_0x00000000_0x0000e366_phys_0_eng_2_engtype_copy","utilization percentage","0"
"21.189","9996","pid_9996_luid_0x00000000_0x0000e366_phys_0_eng_3_engtype_videoprocessing","utilization percentage","0"
"21.189","9996","pid_9996_luid_0x00000000_0x0000e366_phys_0_eng_4_engtype_videodecode","utilization percentage","0"
"21.189","9996","pid_9996_luid_0x00000000_0x0000e366_phys_0_eng_5_engtype_","utilization percentage","0"
"21.189","9996","pid_9996_luid_0x00000000_0x0000e366_phys_0_eng_6_engtype_","utilization percentage","0"
"21.189","9996","pid_9996_luid_0x00000000_0x0000e366_phys_0_eng_7_engtype_","utilization percentage","0"
"21.189","9996","pid_9996_luid_0x00000000_0x0000e366_phys_0_eng_8_engtype_","utilization percentage","0"
"21.189","9996","pid_9996_luid_0x00000000_0x0000e366_phys_0_eng_9_engtype_","utilization percentage","0"
"21.189","9996","pid_9996_luid_0x00000000_0x0000e366_phys_0","dedicated usage","0"
"21.189","9996","pid_9996_luid_0x00000000_0x0000e366_phys_0","shared usage","307908608"
"21.216","13672","pid_13672_luid_0x00000000_0x0000e366_phys_0_eng_0_engtype_3d","utilization percentage","28.564053386084"
"21.216","13672","pid_13672_luid_0x00000000_0x0000e366_phys_0_eng_10_engtype_legacyoverlay","utilization percentage","0"
"21.216","13672","pid_13672_luid_0x00000000_0x0000e366_phys_0_eng_11_engtype_","utilization percentage","0"
"21.216","13672","pid_13672_luid_0x00000000_0x0000e366_phys_0_eng_12_engtype_","utilization percentage","0"
"21.216","13672","pid_13672_luid_0x00000000_0x0000e366_phys_0_eng_1_engtype_videodecode","utilization percentage","0"
"21.216","13672","pid_13672_luid_0x00000000_0x0000e366_phys_0_eng_2_engtype_copy","utilization percentage","0"
"21.216","13672","pid_13672_luid_0x00000000_0x0000e366_phys_0_eng_3_engtype_videoprocessing","utilization percentage","0"
"21.216","13672","pid_13672_luid_0x00000000_0x0000e366_phys_0_eng_4_engtype_videodecode","utilization percentage","6.08416099119545"
"21.216","13672","pid_13672_luid_0x00000000_0x0000e366_phys_0_eng_5_engtype_","utilization percentage","0"
"21.216","13672","pid_13672_luid_0x00000000_0x0000e366_phys_0_eng_6_engtype_","utilization percentage","0"
"21.216","13672","pid_13672_luid_0x00000000_0x0000e366_phys_0_eng_7_engtype_","utilization percentage","0"
"21.216","13672","pid_13672_luid_0x00000000_0x0000e366_phys_0_eng_8_engtype_","utilization percentage","0"
"21.216","13672","pid_13672_luid_0x00000000_0x0000e366_phys_0_eng_9_engtype_","utilization percentage","0"
"21.216","13672","pid_13672_luid_0x00000000_0x0000e366_phys_0","dedicated usage","0"
"21.216","13672","pid_13672_luid_0x00000000_0x0000e366_phys_0","shared usage","305123328"
"22.249","11436","pid_11436_luid_0x00000000_0x0000e366_phys_0_eng_0_engtype_3d","utilization percentage","4.39084483483825"
"22.249","11436","pid_11436_luid_0x00000000_0x0000e366_phys_0_eng_10_engtype_legacyoverlay","utilization percentage","0"
"22.249","11436","pid_11436_luid_0x00000000_0x0000e366_phys_0_eng_11_engtype_","utilization percentage","0"
"22.249","11436","pid_11436_luid_0x00000000_0x0000e366_phys_0_eng_12_engtype_","utilization percentage","0"
"22.249","11436","pid_11436_luid_0x00000000_0x0000e366_phys_0_eng_1_engtype_videodecode","utilization percentage","1.64009378060186"
"22.249","11436","pid_11436_luid_0x00000000_0x0000e366_phys_0_eng_2_engtype_copy","utilization percentage","0"
"22.249","11436","pid_11436_luid_0x00000000_0x0000e366_phys_0_eng_3_engtype_videoprocessing","utilization percentage","0"
"22.249","11436","pid_11436_luid_0x00000000_0x0000e366_phys_0_eng_4_engtype_videodecode","utilization percentage","0"
"22.249","11436","pid_11436_luid_0x00000000_0x0000e366_phys_0_eng_5_engtype_","utilization percentage","0"
"22.249","11436","pid_11436_luid_0x00000000_0x0000e366_phys_0_eng_6_engtype_","utilization percentage","0"
"22.249","11436","pid_11436_luid_0x00000000_0x0000e366_phys_0_eng_7_engtype_","utilization percentage","0"
"22.249","11436","pid_11436_luid_0x00000000_0x0000e366_phys_0_eng_8_engtype_","utilization percentage","0"
"22.249","11436","pid_11436_luid_0x00000000_0x0000e366_phys_0_eng_9_engtype_","utilization percentage","0"
"22.249","11436","pid_11436_luid_0x00000000_0x0000e366_phys_0","dedicated usage","0"
"22.249","11436","pid_11436_luid_0x00000000_0x0000e366_phys_0","shared usage","81387520"
"22.27","9996","pid_9996_luid_0x00000000_0x0000e366_phys_0_eng_0_engtype_3d","utilization percentage","27.2641320077536"
"22.27","9996","pid_9996_luid_0x00000000_0x0000e366_phys_0_eng_10_engtype_legacyoverlay","utilization percentage","0"
"22.27","9996","pid_9996_luid_0x00000000_0x0000e366_phys_0_eng_11_engtype_","utilization percentage","0"
"22.27","9996","pid_9996_luid_0x00000000_0x0000e366_phys_0_eng_12_engtype_","utilization percentage","0"
"22.27","9996","pid_9996_luid_0x00000000_0x0000e366_phys_0_eng_1_engtype_videodecode","utilization percentage","5.11138902808131"
"22.27","9996","pid_9996_luid_0x00000000_0x0000e366_phys_0_eng_2_engtype_copy","utilization percentage","0"
"22.27","9996","pid_9996_luid_0x00000000_0x0000e366_phys_0_eng_3_engtype_videoprocessing","utilization percentage","0"
"22.27","9996","pid_9996_luid_0x00000000_0x0000e366_phys_0_eng_4_engtype_videodecode","utilization percentage","0"
"22.27","9996","pid_9996_luid_0x00000000_0x0000e366_phys_0_eng_5_engtype_","utilization percentage","0"
"22.27","9996","pid_9996_luid_0x00000000_0x0000e366_phys_0_eng_6_engtype_","utilization percentage","0"
"22.27","9996","pid_9996_luid_0x00000000_0x0000e366_phys_0_eng_7_engtype_","utilization percentage","0"
"22.27","9996","pid_9996_luid_0x00000000_0x0000e366_phys_0_eng_8_engtype_","utilization percentage","0"
"22.27","9996","pid_9996_luid_0x00000000_0x0000e366_phys_0_eng_9_engtype_","utilization percentage","0"
"22.27","9996","pid_9996_luid_0x00000000_0x0000e366_phys_0","dedicated usage","0"
"22.27","9996","pid_9996_luid_0x00000000_0x0000e366_phys_0","shared usage","307908608"
"22.293","13672","pid_13672_luid_0x00000000_0x0000e366_phys_0_eng_0_engtype_3d","utilization percentage","28.7454013864969"
"22.293","13672","pid_13672_luid_0x00000000_0x0000e366_phys_0_eng_10_engtype_legacyoverlay","utilization percentage","0"
"22.293","13672","pid_13672_luid_0x00000000_0x0000e366_phys_0_eng_11_engtype_","utilization percentage","0"
"22.293","13672","pid_13672_luid_0x00000000_0x0000e366_phys_0_eng_12_engtype_","utilization percentage","0"
"22.293","13672","pid_13672_luid_0x00000000_0x0000e366_phys_0_eng_1_engtype_videodecode","utilization percentage","0"
"22.293","13672","pid_13672_luid_0x00000000_0x0000e366_phys_0_eng_2_engtype_copy","utilization percentage","0"
"22.293","13672","pid_13672_luid_0x00000000_0x0000e366_phys_0_eng_3_engtype_videoprocessing","utilization percentage","0"
"22.293","13672","pid_13672_luid_0x00000000_0x0000e366_phys_0_eng_4_engtype_videodecode","utilization percentage","6.52792340346292"
"22.293","13672","pid_13672_luid_0x00000000_0x0000e366_phys_0_eng_5_engtype_","utilization percentage","0"
"22.293","13672","pid_13672_luid_0x00000000_0x0000e366_phys_0_eng_6_engtype_","utilization percentage","0"
"22.293","13672","pid_13672_luid_0x00000000_0x0000e366_phys_0_eng_7_engtype_","utilization percentage","0"
"22.293","13672","pid_13672_luid_0x00000000_0x0000e366_phys_0_eng_8_engtype_","utilization percentage","0"
"22.293","13672","pid_13672_luid_0x00000000_0x0000e366_phys_0_eng_9_engtype_","utilization percentage","0"
"22.293","13672","pid_13672_luid_0x00000000_0x0000e366_phys_0","dedicated usage","0"
"22.293","13672","pid_13672_luid_0x00000000_0x0000e366_phys_0","shared usage","305123328"
"23.32","11436","pid_11436_luid_0x00000000_0x0000e366_phys_0_eng_0_engtype_3d","utilization percentage","4.20450208486701"
"23.32","11436","pid_11436_luid_0x00000000_0x0000e366_phys_0_eng_10_engtype_legacyoverlay","utilization percentage","0"
"23.32","11436","pid_11436_luid_0x00000000_0x0000e366_phys_0_eng_11_engtype_","utilization percentage","0"
"23.32","11436","pid_11436_luid_0x00000000_0x0000e366_phys_0_eng_12_engtype_","utilization percentage","0"
"23.32","11436","pid_11436_luid_0x00000000_0x0000e366_phys_0_eng_1_engtype_videodecode","utilization percentage","1.50020205718359"
"23.32","11436","pid_11436_luid_0x00000000_0x0000e366_phys_0_eng_2_engtype_copy","utilization percentage","0"
"23.32","11436","pid_11436_luid_0x00000000_0x0000e366_phys_0_eng_3_engtype_videoprocessing","utilization percentage","0"
"23.32","11436","pid_11436_luid_0x00000000_0x0000e366_phys_0_eng_4_engtype_videodecode","utilization percentage","0"
"23.32","11436","pid_11436_luid_0x00000000_0x0000e366_phys_0_eng_5_engtype_","utilization percentage","0"
"23.32","11436","pid_11436_luid_0x00000000_0x0000e366_phys_0_eng_6_engtype_","utilization percentage","0"
"23.32","11436","pid_11436_luid_0x00000000_0x0000e366_phys_0_eng_7_engtype_","utilization percentage","0"
"23.32","11436","pid_11436_luid_0x00000000_0x0000e366_phys_0_eng_8_engtype_","utilization percentage","0"
"23.32","11436","pid_11436_luid_0x00000000_0x0000e366_phys_0_eng_9_engtype_","utilization percentage","0"
"23.32","11436","pid_11436_luid_0x00000000_0x0000e366_phys_0","dedicated usage","0"
"23.32","11436","pid_11436_luid_0x00000000_0x0000e366_phys_0","shared usage","81387520"
"23.344","9996","pid_9996_luid_0x00000000_0x0000e366_phys_0_eng_0_engtype_3d","utilization percentage","27.7322688972133"
"23.344","9996","pid_9996_luid_0x00000000_0x0000e366_phys_0_eng_10_engtype_legacyoverlay","utilization percentage","0"
"23.344","9996","pid_9996_luid_0x00000000_0x0000e366_phys_0_eng_11_engtype_","utilization percentage","0"
"23.344","9996","pid_9996_luid_0x00000000_0x0000e366_phys_0_eng_12_engtype_","utilization percentage","0"
"23.344","9996","pid_9996_luid_0x00000000_0x0000e366_phys_0_eng_1_engtype_videodecode","utilization percentage","5.13604279007747"
"23.344","9996","pid_9996_luid_0x00000000_0x0000e366_phys_0_eng_2_engtype_copy","utilization percentage","0"
"23.344","9996","pid_9996_luid_0x00000000_0x0000e366_phys_0_eng_3_engtype_videoprocessing","utilization percentage","0"
"23.344","9996","pid_9996_luid_0x00000000_0x0000e366_phys_0_eng_4_engtype_videodecode","utilization percentage","0"
"23.344","9996","pid_9996_luid_0x00000000_0x0000e366_phys_0_eng_5_engtype_","utilization percentage","0"
"23.344","9996","pid_9996_luid_0x00000000_0x0000e366_phys_0_eng_6_engtype_","utilization percentage","0"
"23.344","9996","pid_9996_luid_0x00000000_0x0000e366_phys_0_eng_7_engtype_","utilization percentage","0"
"23.344","9996","pid_9996_luid_0x00000000_0x0000e366_phys_0_eng_8_engtype_","utilization percentage","0"
"23.344","9996","pid_9996_luid_0x00000000_0x0000e366_phys_0_eng_9_engtype_","utilization percentage","0"
"23.344","9996","pid_9996_luid_0x00000000_0x0000e366_phys_0","dedicated usage","0"
"23.344","9996","pid_9996_luid_0x00000000_0x0000e366_phys_0","shared usage","307908608"
"23.368","13672","pid_13672_luid_0x00000000_0x0000e366_phys_0_eng_0_engtype_3d","utilization percentage","28.9761044685241"
"23.368","13672","pid_13672_luid_0x00000000_0x0000e366_phys_0_eng_10_engtype_legacyoverlay","utilization percentage","0"
"23.368","13672","pid_13672_luid_0x00000000_0x0000e366_phys_0_eng_11_engtype_","utilization percentage","0"
"23.368","13672","pid_13672_luid_0x00000000_0x0000e366_phys_0_eng_12_engtype_","utilization percentage","0"
"23.368","13672","pid_13672_luid_0x00000000_0x0000e366_phys_0_eng_1_engtype_videodecode","utilization percentage","0"
"23.368","13672","pid_13672_luid_0x00000000_0x0000e366_phys_0_eng_2_engtype_copy","utilization percentage","0"
"23.368","13672","pid_13672_luid_0x00000000_0x0000e366_phys_0_eng_3_engtype_videoprocessing","utilization percentage","0"
"23.368","13672","pid_13672_luid_0x00000000_0x0000e366_phys_0_eng_4_engtype_videodecode","utilization percentage","6.38647633797138"
"23.368","13672","pid_13672_luid_0x00000000_0x0000e366_phys_0_eng_5_engtype_","utilization percentage","0"
"23.368","13672","pid_13672_luid_0x00000000_0x0000e366_phys_0_eng_6_engtype_","utilization percentage","0"
"23.368","13672","pid_13672_luid_0x00000000_0x0000e366_phys_0_eng_7_engtype_","utilization percentage","0"
"23.368","13672","pid_13672_luid_0x00000000_0x0000e366_phys_0_eng_8_engtype_","utilization percentage","0"
"23.368","13672","pid_13672_luid_0x00000000_0x0000e366_phys_0_eng_9_engtype_","utilization percentage","0"
"23.368","13672","pid_13672_luid_0x00000000_0x0000e366_phys_0","dedicated usage","0"
"23.368","13672","pid_13672_luid_0x00000000_0x0000e366_phys_0","shared usage","305123328"
"24.4","11436","pid_11436_luid_0x00000000_0x0000e366_phys_0_eng_0_engtype_3d","utilization percentage","4.37799225110443"
"24.4","11436","pid_11436_luid_0x00000000_0x0000e366_phys_0_eng_10_engtype_legacyoverlay","utilization percentage","0"
"24.4","11436","pid_11436_luid_0x00000000_0x0000e366_phys_0_eng_11_engtype_","utilization percentage","0"
"24.4","11436","pid_11436_luid_0x00000000_0x0000e366_phys_0_eng_12_engtype_","utilization percentage","0"
"24.4","11436","pid_11436_luid_0x00000000_0x0000e366_phys_0_eng_1_engtype_videodecode","utilization percentage","1.43356873951084"
"24.4","11436","pid_11436_luid_0x00000000_0x0000e366_phys_0_eng_2_engtype_copy","utilization percentage","0"
"24.4","11436","pid_11436_luid_0x00000000_0x0000e366_phys_0_eng_3_engtype_videoprocessing","utilization percentage","0"
"24.4","11436","pid_11436_luid_0x00000000_0x0000e366_phys_0_eng_4_engtype_videodecode","utilization percentage","0"
"24.4","11436","pid_11436_luid_0x00000000_0x0000e366_phys_0_eng_5_engtype_","utilization percentage","0"
"24.4","11436","pid_11436_luid_0x00000000_0x0000e366_phys_0_eng_6_engtype_","utilization percentage","0"
"24.4","11436","pid_11436_luid_0x00000000_0x0000e366_phys_0_eng_7_engtype_","utilization percentage","0"
"24.4","11436","pid_11436_luid_0x00000000_0x0000e366_phys_0_eng_8_engtype_","utilization percentage","0"
"24.4","11436","pid_11436_luid_0x00000000_0x0000e366_phys_0_eng_9_engtype_","utilization percentage","0"
"24.4","11436","pid_11436_luid_0x00000000_0x0000e366_phys_0","dedicated usage","0"
"24.4","11436","pid_11436_luid_0x00000000_0x0000e366_phys_0","shared usage","81387520"
"24.413","9996","pid_9996_luid_0x00000000_0x0000e366_phys_0_eng_0_engtype_3d","utilization percentage","27.963828033735"
"24.413","9996","pid_9996_luid_0x00000000_0x0000e366_phys_0_eng_10_engtype_legacyoverlay","utilization percentage","0"
"24.413","9996","pid_9996_luid_0x00000000_0x0000e366_phys_0_eng_11_engtype_","utilization percentage","0"
"24.413","9996","pid_9996_luid_0x00000000_0x0000e366_phys_0_eng_12_engtype_","utilization percentage","0"
"24.413","9996","pid_9996_luid_0x00000000_0x0000e366_phys_0_eng_1_engtype_videodecode","utilization percentage","5.14161035166113"
"24.413","9996","pid_9996_luid_0x00000000_0x0000e366_phys_0_eng_2_engtype_copy","utilization percentage","0"
"24.413","9996","pid_9996_luid_0x00000000_0x0000e366_phys_0_eng_3_engtype_videoprocessing","utilization percentage","0"
"24.413","9996","pid_9996_luid_0x00000000_0x0000e366_phys_0_eng_4_engtype_videodecode","utilization percentage","0"
"24.413","9996","pid_9996_luid_0x00000000_0x0000e366_phys_0_eng_5_engtype_","utilization percentage","0"
"24.413","9996","pid_9996_luid_0x00000000_0x0000e366_phys_0_eng_6_engtype_","utilization percentage","0"
"24.413","9996","pid_9996_luid_0x00000000_0x0000e366_phys_0_eng_7_engtype_","utilization percentage","0"
"24.413","9996","pid_9996_luid_0x00000000_0x0000e366_phys_0_eng_8_engtype_","utilization percentage","0"
"24.413","9996","pid_9996_luid_0x00000000_0x0000e366_phys_0_eng_9_engtype_","utilization percentage","0"
"24.413","9996","pid_9996_luid_0x00000000_0x0000e366_phys_0","dedicated usage","0"
"24.413","9996","pid_9996_luid_0x00000000_0x0000e366_phys_0","shared usage","307908608"
"24.44","13672","pid_13672_luid_0x00000000_0x0000e366_phys_0_eng_0_engtype_3d","utilization percentage","28.5726526984853"
"24.44","13672","pid_13672_luid_0x00000000_0x0000e366_phys_0_eng_10_engtype_legacyoverlay","utilization percentage","0"
"24.44","13672","pid_13672_luid_0x00000000_0x0000e366_phys_0_eng_11_engtype_","utilization percentage","0"
"24.44","13672","pid_13672_luid_0x00000000_0x0000e366_phys_0_eng_12_engtype_","utilization percentage","0"
"24.44","13672","pid_13672_luid_0x00000000_0x0000e366_phys_0_eng_1_engtype_videodecode","utilization percentage","0"
"24.44","13672","pid_13672_luid_0x00000000_0x0000e366_phys_0_eng_2_engtype_copy","utilization percentage","0"
"24.44","13672","pid_13672_luid_0x00000000_0x0000e366_phys_0_eng_3_engtype_videoprocessing","utilization percentage","0"
"24.44","13672","pid_13672_luid_0x00000000_0x0000e366_phys_0_eng_4_engtype_videodecode","utilization percentage","6.26405184869869"
"24.44","13672","pid_13672_luid_0x00000000_0x0000e366_phys_0_eng_5_engtype_","utilization percentage","0"
"24.44","13672","pid_13672_luid_0x00000000_0x0000e366_phys_0_eng_6_engtype_","utilization percentage","0"
"24.44","13672","pid_13672_luid_0x00000000_0x0000e366_phys_0_eng_7_engtype_","utilization percentage","0"
"24.44","13672","pid_13672_luid_0x00000000_0x0000e366_phys_0_eng_8_engtype_","utilization percentage","0"
"24.44","13672","pid_13672_luid_0x00000000_0x0000e366_phys_0_eng_9_engtype_","utilization percentage","0"
"24.44","13672","pid_13672_luid_0x00000000_0x0000e366_phys_0","dedicated usage","0"
"24.44","13672","pid_13672_luid_0x00000000_0x0000e366_phys_0","shared usage","305123328"
"25.469","11436","pid_11436_luid_0x00000000_0x0000e366_phys_0_eng_0_engtype_3d","utilization percentage","4.2629791649416"
"25.469","11436","pid_11436_luid_0x00000000_0x0000e366_phys_0_eng_10_engtype_legacyoverlay","utilization percentage","0"
"25.469","11436","pid_11436_luid_0x00000000_0x0000e366_phys_0_eng_11_engtype_","utilization percentage","0"
"25.469","11436","pid_11436_luid_0x00000000_0x0000e366_phys_0_eng_12_engtype_","utilization percentage","0"
"25.469","11436","pid_11436_luid_0x00000000_0x0000e366_phys_0_eng_1_engtype_videodecode","utilization percentage","1.54354488376913"
"25.469","11436","pid_11436_luid_0x00000000_0x0000e366_phys_0_eng_2_engtype_copy","utilization percentage","0"
"25.469","11436","pid_11436_luid_0x00000000_0x0000e366_phys_0_eng_3_engtype_videoprocessing","utilization percentage","0"
"25.469","11436","pid_11436_luid_0x00000000_0x0000e366_phys_0_eng_4_engtype_videodecode","utilization percentage","0"
"25.469","11436","pid_11436_luid_0x00000000_0x0000e366_phys_0_eng_5_engtype_","utilization percentage","0"
"25.469","11436","pid_11436_luid_0x00000000_0x0000e366_phys_0_eng_6_engtype_","utilization percentage","0"
"25.469","11436","pid_11436_luid_0x00000000_0x0000e366_phys_0_eng_7_engtype_","utilization percentage","0"
"25.469","11436","pid_11436_luid_0x00000000_0x0000e366_phys_0_eng_8_engtype_","utilization percentage","0"
"25.469","11436","pid_11436_luid_0x00000000_0x0000e366_phys_0_eng_9_engtype_","utilization percentage","0"
"25.469","11436","pid_11436_luid_0x00000000_0x0000e366_phys_0","dedicated usage","0"
"25.469","11436","pid_11436_luid_0x00000000_0x0000e366_phys_0","shared usage","81387520"
"25.483","9996","pid_9996_luid_0x00000000_0x0000e366_phys_0_eng_0_engtype_3d","utilization percentage","27.5806828128194"
"25.483","9996","pid_9996_luid_0x00000000_0x0000e366_phys_0_eng_10_engtype_legacyoverlay","utilization percentage","0"
"25.483","9996","pid_9996_luid_0x00000000_0x0000e366_phys_0_eng_11_engtype_","utilization percentage","0"
"25.483","9996","pid_9996_luid_0x00000000_0x0000e366_phys_0_eng_12_engtype_","utilization percentage","0"
"25.483","9996","pid_9996_luid_0x00000000_0x0000e366_phys_0_eng_1_engtype_videodecode","utilization percentage","5.19071163487633"
"25.483","9996","pid_9996_luid_0x00000000_0x0000e366_phys_0_eng_2_engtype_copy","utilization percentage","0"
"25.483","9996","pid_9996_luid_0x00000000_0x0000e366_phys_0_eng_3_engtype_videoprocessing","utilization percentage","0"
"25.483","9996","pid_9996_luid_0x00000000_0x0000e366_phys_0_eng_4_engtype_videodecode","utilization percentage","0"
"25.483","9996","pid_9996_luid_0x00000000_0x0000e366_phys_0_eng_5_engtype_","utilization percentage","0"
"25.483","9996","pid_9996_luid_0x00000000_0x0000e366_phys_0_eng_6_engtype_","utilization percentage","0"
"25.483","9996","pid_9996_luid_0x00000000_0x0000e366_phys_0_eng_7_engtype_","utilization percentage","0"
"25.483","9996","pid_9996_luid_0x00000000_0x0000e366_phys_0_eng_8_engtype_","utilization percentage","0"
"25.483","9996","pid_9996_luid_0x00000000_0x0000e366_phys_0_eng_9_engtype_","utilization percentage","0"
"25.483","9996","pid_9996_luid_0x00000000_0x0000e366_phys_0","dedicated usage","0"
"25.483","9996","pid_9996_luid_0x00000000_0x0000e366_phys_0","shared usage","307908608"
"25.493","13672","pid_13672_luid_0x00000000_0x0000e366_phys_0_eng_0_engtype_3d","utilization percentage","28.9590236522379"
"25.493","13672","pid_13672_luid_0x00000000_0x0000e366_phys_0_eng_10_engtype_legacyoverlay","utilization percentage","0"
"25.493","13672","pid_13672_luid_0x00000000_0x0000e366_phys_0_eng_11_engtype_","utilization percentage","0"
"25.493","13672","pid_13672_luid_0x00000000_0x0000e366_phys_0_eng_12_engtype_","utilization percentage","0"
"25.493","13672","pid_13672_luid_0x00000000_0x0000e366_phys_0_eng_1_engtype_videodecode","utilization percentage","0"
"25.493","13672","pid_13672_luid_0x00000000_0x0000e366_phys_0_eng_2_engtype_copy","utilization percentage","0"
"25.493","13672","pid_13672_luid_0x00000000_0x0000e366_phys_0_eng_3_engtype_videoprocessing","utilization percentage","0"
"25.493","13672","pid_13672_luid_0x00000000_0x0000e366_phys_0_eng_4_engtype_videodecode","utilization percentage","6.13994486337241"
"25.493","13672","pid_13672_luid_0x00000000_0x0000e366_phys_0_eng_5_engtype_","utilization percentage","0"
"25.493","13672","pid_13672_luid_0x00000000_0x0000e366_phys_0_eng_6_engtype_","utilization percentage","0"
"25.493","13672","pid_13672_luid_0x00000000_0x0000e366_phys_0_eng_7_engtype_","utilization percentage","0"
"25.493","13672","pid_13672_luid_0x00000000_0x0000e366_phys_0_eng_8_engtype_","utilization percentage","0"
"25.493","13672","pid_13672_luid_0x00000000_0x0000e366_phys_0_eng_9_engtype_","utilization percentage","0"
"25.493","13672","pid_13672_luid_0x00000000_0x0000e366_phys_0","dedicated usage","0"
"25.493","13672","pid_13672_luid_0x00000000_0x0000e366_phys_0","shared usage","305123328"
"26.515","11436","pid_11436_luid_0x00000000_0x0000e366_phys_0_eng_0_engtype_3d","utilization percentage","4.48303680112692"
"26.515","11436","pid_11436_luid_0x00000000_0x0000e366_phys_0_eng_10_engtype_legacyoverlay","utilization percentage","0"
"26.515","11436","pid_11436_luid_0x00000000_0x0000e366_phys_0_eng_11_engtype_","utilization percentage","0"
"26.515","11436","pid_11436_luid_0x00000000_0x0000e366_phys_0_eng_12_engtype_","utilization percentage","0"
"26.515","11436","pid_11436_luid_0x00000000_0x0000e366_phys_0_eng_1_engtype_videodecode","utilization percentage","1.80181594077522"
"26.515","11436","pid_11436_luid_0x00000000_0x0000e366_phys_0_eng_2_engtype_copy","utilization percentage","0"
"26.515","11436","pid_11436_luid_0x00000000_0x0000e366_phys_0_eng_3_engtype_videoprocessing","utilization percentage","0"
"26.515","11436","pid_11436_luid_0x00000000_0x0000e366_phys_0_eng_4_engtype_videodecode","utilization percentage","0"
"26.515","11436","pid_11436_luid_0x00000000_0x0000e366_phys_0_eng_5_engtype_","utilization percentage","0"
"26.515","11436","pid_11436_luid_0x00000000_0x0000e366_phys_0_eng_6_engtype_","utilization percentage","0"
"26.515","11436","pid_11436_luid_0x00000000_0x0000e366_phys_0_eng_7_engtype_","utilization percentage","0"
"26.515","11436","pid_11436_luid_0x00000000_0x0000e366_phys_0_eng_8_engtype_","utilization percentage","0"
"26.515","11436","pid_11436_luid_0x00000000_0x0000e366_phys_0_eng_9_engtype_","utilization percentage","0"
"26.515","11436","pid_11436_luid_0x00000000_0x0000e366_phys_0","dedicated usage","0"
"26.515","11436","pid_11436_luid_0x00000000_0x0000e366_phys_0","shared usage","81387520"
"26.526","9996","pid_9996_luid_0x00000000_0x0000e366_phys_0_eng_0_engtype_3d","utilization percentage","27.4786596335964"
"26.526","9996","pid_9996_luid_0x00000000_0x0000e366_phys_0_eng_10_engtype_legacyoverlay","utilization percentage","0"
"26.526","9996","pid_9996_luid_0x00000000_0x0000e366_phys_0_eng_11_engtype_","utilization percentage","0"
"26.526","9996","pid_9996_luid_0x00000000_0x0000e366_phys_0_eng_12_engtype_","utilization percentage","0"
"26.526","9996","pid_9996_luid_0x00000000_0x0000e366_phys_0_eng_1_engtype_videodecode","utilization percentage","5.17465606602307"
"26.526","9996","pid_9996_luid_0x00000000_0x0000e366_phys_0_eng_2_engtype_copy","utilization percentage","0"
"26.526","9996","pid_9996_luid_0x00000000_0x0000e366_phys_0_eng_3_engtype_videoprocessing","utilization percentage","0"
"26.526","9996","pid_9996_luid_0x00000000_0x0000e366_phys_0_eng_4_engtype_videodecode","utilization percentage","0"
"26.526","9996","pid_9996_luid_0x00000000_0x0000e366_phys_0_eng_5_engtype_","utilization percentage","0"
"26.526","9996","pid_9996_luid_0x00000000_0x0000e366_phys_0_eng_6_engtype_","utilization percentage","0"
"26.526","9996","pid_9996_luid_0x00000000_0x0000e366_phys_0_eng_7_engtype_","utilization percentage","0"
"26.526","9996","pid_9996_luid_0x00000000_0x0000e366_phys_0_eng_8_engtype_","utilization percentage","0"
"26.526","9996","pid_9996_luid_0x00000000_0x0000e366_phys_0_eng_9_engtype_","utilization percentage","0"
"26.526","9996","pid_9996_luid_0x00000000_0x0000e366_phys_0","dedicated usage","0"
"26.526","9996","pid_9996_luid_0x00000000_0x0000e366_phys_0","shared usage","307908608"
"26.55","13672","pid_13672_luid_0x00000000_0x0000e366_phys_0_eng_0_engtype_3d","utilization percentage","28.5481469289012"
"26.55","13672","pid_13672_luid_0x00000000_0x0000e366_phys_0_eng_10_engtype_legacyoverlay","utilization percentage","0"
"26.55","13672","pid_13672_luid_0x00000000_0x0000e366_phys_0_eng_11_engtype_","utilization percentage","0"
"26.55","13672","pid_13672_luid_0x00000000_0x0000e366_phys_0_eng_12_engtype_","utilization percentage","0"
"26.55","13672","pid_13672_luid_0x00000000_0x0000e366_phys_0_eng_1_engtype_videodecode","utilization percentage","0"
"26.55","13672","pid_13672_luid_0x00000000_0x0000e366_phys_0_eng_2_engtype_copy","utilization percentage","0"
"26.55","13672","pid_13672_luid_0x00000000_0x0000e366_phys_0_eng_3_engtype_videoprocessing","utilization percentage","0"
"26.55","13672","pid_13672_luid_0x00000000_0x0000e366_phys_0_eng_4_engtype_videodecode","utilization percentage","6.60649895499192"
"26.55","13672","pid_13672_luid_0x00000000_0x0000e366_phys_0_eng_5_engtype_","utilization percentage","0"
"26.55","13672","pid_13672_luid_0x00000000_0x0000e366_phys_0_eng_6_engtype_","utilization percentage","0"
"26.55","13672","pid_13672_luid_0x00000000_0x0000e366_phys_0_eng_7_engtype_","utilization percentage","0"
"26.55","13672","pid_13672_luid_0x00000000_0x0000e366_phys_0_eng_8_engtype_","utilization percentage","0"
"26.55","13672","pid_13672_luid_0x00000000_0x0000e366_phys_0_eng_9_engtype_","utilization percentage","0"
"26.55","13672","pid_13672_luid_0x00000000_0x0000e366_phys_0","dedicated usage","0"
"26.55","13672","pid_13672_luid_0x00000000_0x0000e366_phys_0","shared usage","305123328"
"27.582","11436","pid_11436_luid_0x00000000_0x0000e366_phys_0_eng_0_engtype_3d","utilization percentage","4.47076155301931"
"27.582","11436","pid_11436_luid_0x00000000_0x0000e366_phys_0_eng_10_engtype_legacyoverlay","utilization percentage","0"
"27.582","11436","pid_11436_luid_0x00000000_0x0000e366_phys_0_eng_11_engtype_","utilization percentage","0"
"27.582","11436","pid_11436_luid_0x00000000_0x0000e366_phys_0_eng_12_engtype_","utilization percentage","0"
"27.582","11436","pid_11436_luid_0x00000000_0x0000e366_phys_0_eng_1_engtype_videodecode","utilization percentage","1.31515449887778"
"27.582","11436","pid_11436_luid_0x00000000_0x0000e366_phys_0_eng_2_engtype_copy","utilization percentage","0"
"27.582","11436","pid_11436_luid_0x00000000_0x0000e366_phys_0_eng_3_engtype_videoprocessing","utilization percentage","0"
"27.582","11436","pid_11436_luid_0x00000000_0x0000e366_phys_0_eng_4_engtype_videodecode","utilization percentage","0"
"27.582","11436","pid_11436_luid_0x00000000_0x0000e366_phys_0_eng_5_engtype_","utilization percentage","0"
"27.582","11436","pid_11436_luid_0x00000000_0x0000e366_phys_0_eng_6_engtype_","utilization percentage","0"
"27.582","11436","pid_11436_luid_0x00000000_0x0000e366_phys_0_eng_7_engtype_","utilization percentage","0"
"27.582","11436","pid_11436_luid_0x00000000_0x0000e366_phys_0_eng_8_engtype_","utilization percentage","0"
"27.582","11436","pid_11436_luid_0x00000000_0x0000e366_phys_0_eng_9_engtype_","utilization percentage","0"
"27.582","11436","pid_11436_luid_0x00000000_0x0000e366_phys_0","dedicated usage","0"
"27.582","11436","pid_11436_luid_0x00000000_0x0000e366_phys_0","shared usage","81387520"
"27.601","9996","pid_9996_luid_0x00000000_0x0000e366_phys_0_eng_0_engtype_3d","utilization percentage","27.4475722139754"
"27.601","9996","pid_9996_luid_0x00000000_0x0000e366_phys_0_eng_10_engtype_legacyoverlay","utilization percentage","0"
"27.601","9996","pid_9996_luid_0x00000000_0x0000e366_phys_0_eng_11_engtype_","utilization percentage","0"
"27.601","9996","pid_9996_luid_0x00000000_0x0000e366_phys_0_eng_12_engtype_","utilization percentage","0"
"27.601","9996","pid_9996_luid_0x00000000_0x0000e366_phys_0_eng_1_engtype_videodecode","utilization percentage","5.30898839597088"
"27.601","9996","pid_9996_luid_0x00000000_0x0000e366_phys_0_eng_2_engtype_copy","utilization percentage","0"
"27.601","9996","pid_9996_luid_0x00000000_0x0000e366_phys_0_eng_3_engtype_videoprocessing","utilization percentage","0"
"27.601","9996","pid_9996_luid_0x00000000_0x0000e366_phys_0_eng_4_engtype_videodecode","utilization percentage","0"
"27.601","9996","pid_9996_luid_0x00000000_0x0000e366_phys_0_eng_5_engtype_","utilization percentage","0"
"27.601","9996","pid_9996_luid_0x00000000_0x0000e366_phys_0_eng_6_engtype_","utilization percentage","0"
"27.601","9996","pid_9996_luid_0x00000000_0x0000e366_phys_0_eng_7_engtype_","utilization percentage","0"
"27.601","9996","pid_9996_luid_0x00000000_0x0000e366_phys_0_eng_8_engtype_","utilization percentage","0"
"27.601","9996","pid_9996_luid_0x00000000_0x0000e366_phys_0_eng_9_engtype_","utilization percentage","0"
"27.601","9996","pid_9996_luid_0x00000000_0x0000e366_phys_0","dedicated usage","0"
"27.601","9996","pid_9996_luid_0x00000000_0x0000e366_phys_0","shared usage","307908608"
"27.623","13672","pid_13672_luid_0x00000000_0x0000e366_phys_0_eng_0_engtype_3d","utilization percentage","28.5242535252924"
"27.623","13672","pid_13672_luid_0x00000000_0x0000e366_phys_0_eng_10_engtype_legacyoverlay","utilization percentage","0"
"27.623","13672","pid_13672_luid_0x00000000_0x0000e366_phys_0_eng_11_engtype_","utilization percentage","0"
"27.623","13672","pid_13672_luid_0x00000000_0x0000e366_phys_0_eng_12_engtype_","utilization percentage","0"
"27.623","13672","pid_13672_luid_0x00000000_0x0000e366_phys_0_eng_1_engtype_videodecode","utilization percentage","0"
"27.623","13672","pid_13672_luid_0x00000000_0x0000e366_phys_0_eng_2_engtype_copy","utilization percentage","0"
"27.623","13672","pid_13672_luid_0x00000000_0x0000e366_phys_0_eng_3_engtype_videoprocessing","utilization percentage","0"
"27.623","13672","pid_13672_luid_0x00000000_0x0000e366_phys_0_eng_4_engtype_videodecode","utilization percentage","6.26568902549742"
"27.623","13672","pid_13672_luid_0x00000000_0x0000e366_phys_0_eng_5_engtype_","utilization percentage","0"
"27.623","13672","pid_13672_luid_0x00000000_0x0000e366_phys_0_eng_6_engtype_","utilization percentage","0"
"27.623","13672","pid_13672_luid_0x00000000_0x0000e366_phys_0_eng_7_engtype_","utilization percentage","0"
"27.623","13672","pid_13672_luid_0x00000000_0x0000e366_phys_0_eng_8_engtype_","utilization percentage","0"
"27.623","13672","pid_13672_luid_0x00000000_0x0000e366_phys_0_eng_9_engtype_","utilization percentage","0"
"27.623","13672","pid_13672_luid_0x00000000_0x0000e366_phys_0","dedicated usage","0"
"27.623","13672","pid_13672_luid_0x00000000_0x0000e366_phys_0","shared usage","305123328"
"28.658","11436","pid_11436_luid_0x00000000_0x0000e366_phys_0_eng_0_engtype_3d","utilization percentage","4.23114543636227"
"28.658","11436","pid_11436_luid_0x00000000_0x0000e366_phys_0_eng_10_engtype_legacyoverlay","utilization percentage","0"
"28.658","11436","pid_11436_luid_0x00000000_0x0000e366_phys_0_eng_11_engtype_","utilization percentage","0"
"28.658","11436","pid_11436_luid_0x00000000_0x0000e366_phys_0_eng_12_engtype_","utilization percentage","0"
"28.658","11436","pid_11436_luid_0x00000000_0x0000e366_phys_0_eng_1_engtype_videodecode","utilization percentage","1.64387219302301"
"28.658","11436","pid_11436_luid_0x00000000_0x0000e366_phys_0_eng_2_engtype_copy","utilization percentage","0"
"28.658","11436","pid_11436_luid_0x00000000_0x0000e366_phys_0_eng_3_engtype_videoprocessing","utilization percentage","0"
"28.658","11436","pid_11436_luid_0x00000000_0x0000e366_phys_0_eng_4_engtype_videodecode","utilization percentage","0"
"28.658","11436","pid_11436_luid_0x00000000_0x0000e366_phys_0_eng_5_engtype_","utilization percentage","0"
"28.658","11436","pid_11436_luid_0x00000000_0x0000e366_phys_0_eng_6_engtype_","utilization percentage","0"
"28.658","11436","pid_11436_luid_0x00000000_0x0000e366_phys_0_eng_7_engtype_","utilization percentage","0"
"28.658","11436","pid_11436_luid_0x00000000_0x0000e366_phys_0_eng_8_engtype_","utilization percentage","0"
"28.658","11436","pid_11436_luid_0x00000000_0x0000e366_phys_0_eng_9_engtype_","utilization percentage","0"
"28.658","11436","pid_11436_luid_0x00000000_0x0000e366_phys_0","dedicated usage","0"
"28.658","11436","pid_11436_luid_0x00000000_0x0000e366_phys_0","shared usage","81387520"
"28.684","9996","pid_9996_luid_0x00000000_0x0000e366_phys_0_eng_0_engtype_3d","utilization percentage","27.1323979152839"
"28.684","9996","pid_9996_luid_0x00000000_0x0000e366_phys_0_eng_10_engtype_legacyoverlay","utilization percentage","0"
"28.684","9996","pid_9996_luid_0x00000000_0x0000e366_phys_0_eng_11_engtype_","utilization percentage","0"
"28.684","9996","pid_9996_luid_0x00000000_0x0000e366_phys_0_eng_12_engtype_","utilization percentage","0"
"28.684","9996","pid_9996_luid_0x00000000_0x0000e366_phys_0_eng_1_engtype_videodecode","utilization percentage","5.25132089069837"
"28.684","9996","pid_9996_luid_0x00000000_0x0000e366_phys_0_eng_2_engtype_copy","utilization percentage","0"
"28.684","9996","pid_9996_luid_0x00000000_0x0000e366_phys_0_eng_3_engtype_videoprocessing","utilization percentage","0"
"28.684","9996","pid_9996_luid_0x00000000_0x0000e366_phys_0_eng_4_engtype_videodecode","utilization percentage","0"
"28.684","9996","pid_9996_luid_0x00000000_0x0000e366_phys_0_eng_5_engtype_","utilization percentage","0"
"28.684","9996","pid_9996_luid_0x00000000_0x0000e366_phys_0_eng_6_engtype_","utilization percentage","0"
"28.684","9996","pid_9996_luid_0x00000000_0x0000e366_phys_0_eng_7_engtype_","utilization percentage","0"
"28.684","9996","pid_9996_luid_0x00000000_0x0000e366_phys_0_eng_8_engtype_","utilization percentage","0"
"28.684","9996","pid_9996_luid_0x00000000_0x0000e366_phys_0_eng_9_engtype_","utilization percentage","0"
"28.684","9996","pid_9996_luid_0x00000000_0x0000e366_phys_0","dedicated usage","0"
"28.684","9996","pid_9996_luid_0x00000000_0x0000e366_phys_0","shared usage","307908608"
"28.716","13672","pid_13672_luid_0x00000000_0x0000e366_phys_0_eng_0_engtype_3d","utilization percentage","28.4782556349651"
"28.716","13672","pid_13672_luid_0x00000000_0x0000e366_phys_0_eng_10_engtype_legacyoverlay","utilization percentage","0"
"28.716","13672","pid_13672_luid_0x00000000_0x0000e366_phys_0_eng_11_engtype_","utilization percentage","0"
"28.716","13672","pid_13672_luid_0x00000000_0x0000e366_phys_0_eng_12_engtype_","utilization percentage","0"
"28.716","13672","pid_13672_luid_0x00000000_0x0000e366_phys_0_eng_1_engtype_videodecode","utilization percentage","0"
"28.716","13672","pid_13672_luid_0x00000000_0x0000e366_phys_0_eng_2_engtype_copy","utilization percentage","0"
"28.716","13672","pid_13672_luid_0x00000000_0x0000e366_phys_0_eng_3_engtype_videoprocessing","utilization percentage","0"
"28.716","13672","pid_13672_luid_0x00000000_0x0000e366_phys_0_eng_4_engtype_videodecode","utilization percentage","6.38508676260709"
"28.716","13672","pid_13672_luid_0x00000000_0x0000e366_phys_0_eng_5_engtype_","utilization percentage","0"
"28.716","13672","pid_13672_luid_0x00000000_0x0000e366_phys_0_eng_6_engtype_","utilization percentage","0"
"28.716","13672","pid_13672_luid_0x00000000_0x0000e366_phys_0_eng_7_engtype_","utilization percentage","0"
"28.716","13672","pid_13672_luid_0x00000000_0x0000e366_phys_0_eng_8_engtype_","utilization percentage","0"
"28.716","13672","pid_13672_luid_0x00000000_0x0000e366_phys_0_eng_9_engtype_","utilization percentage","0"
"28.716","13672","pid_13672_luid_0x00000000_0x0000e366_phys_0","dedicated usage","0"
"28.716","13672","pid_13672_luid_0x00000000_0x0000e366_phys_0","shared usage","305123328"
"29.748","11436","pid_11436_luid_0x00000000_0x0000e366_phys_0_eng_0_engtype_3d","utilization percentage","4.07353361459993"
"29.748","11436","pid_11436_luid_0x00000000_0x0000e366_phys_0_eng_10_engtype_legacyoverlay","utilization percentage","0"
"29.748","11436","pid_11436_luid_0x00000000_0x0000e366_phys_0_eng_11_engtype_","utilization percentage","0"
"29.748","11436","pid_11436_luid_0x00000000_0x0000e366_phys_0_eng_12_engtype_","utilization percentage","0"
"29.748","11436","pid_11436_luid_0x00000000_0x0000e366_phys_0_eng_1_engtype_videodecode","utilization percentage","1.60375173000976"
"29.748","11436","pid_11436_luid_0x00000000_0x0000e366_phys_0_eng_2_engtype_copy","utilization percentage","0"
"29.748","11436","pid_11436_luid_0x00000000_0x0000e366_phys_0_eng_3_engtype_videoprocessing","utilization percentage","0"
"29.748","11436","pid_11436_luid_0x00000000_0x0000e366_phys_0_eng_4_engtype_videodecode","utilization percentage","0"
"29.748","11436","pid_11436_luid_0x00000000_0x0000e366_phys_0_eng_5_engtype_","utilization percentage","0"
"29.748","11436","pid_11436_luid_0x00000000_0x0000e366_phys_0_eng_6_engtype_","utilization percentage","0"
"29.748","11436","pid_11436_luid_0x00000000_0x0000e366_phys_0_eng_7_engtype_","utilization percentage","0"
"29.748","11436","pid_11436_luid_0x00000000_0x0000e366_phys_0_eng_8_engtype_","utilization percentage","0"
"29.748","11436","pid_11436_luid_0x00000000_0x0000e366_phys_0_eng_9_engtype_","utilization percentage","0"
"29.748","11436","pid_11436_luid_0x00000000_0x0000e366_phys_0","dedicated usage","0"
"29.748","11436","pid_11436_luid_0x00000000_0x0000e366_phys_0","shared usage","81387520"
"29.77","9996","pid_9996_luid_0x00000000_0x0000e366_phys_0_eng_0_engtype_3d","utilization percentage","20.4236889656916"
"29.77","9996","pid_9996_luid_0x00000000_0x0000e366_phys_0_eng_10_engtype_legacyoverlay","utilization percentage","0"
"29.77","9996","pid_9996_luid_0x00000000_0x0000e366_phys_0_eng_11_engtype_","utilization percentage","0"
"29.77","9996","pid_9996_luid_0x00000000_0x0000e366_phys_0_eng_12_engtype_","utilization percentage","0"
"29.77","9996","pid_9996_luid_0x00000000_0x0000e366_phys_0_eng_1_engtype_videodecode","utilization percentage","3.77225387758435"
"29.77","9996","pid_9996_luid_0x00000000_0x0000e366_phys_0_eng_2_engtype_copy","utilization percentage","0"
"29.77","9996","pid_9996_luid_0x00000000_0x0000e366_phys_0_eng_3_engtype_videoprocessing","utilization percentage","0"
"29.77","9996","pid_9996_luid_0x00000000_0x0000e366_phys_0_eng_4_engtype_videodecode","utilization percentage","0"
"29.77","9996","pid_9996_luid_0x00000000_0x0000e366_phys_0_eng_5_engtype_","utilization percentage","0"
"29.77","9996","pid_9996_luid_0x00000000_0x0000e366_phys_0_eng_6_engtype_","utilization percentage","0"
"29.77","9996","pid_9996_luid_0x00000000_0x0000e366_phys_0_eng_7_engtype_","utilization percentage","0"
"29.77","9996","pid_9996_luid_0x00000000_0x0000e366_phys_0_eng_8_engtype_","utilization percentage","0"
"29.77","9996","pid_9996_luid_0x00000000_0x0000e366_phys_0_eng_9_engtype_","utilization percentage","0"
"29.77","9996","pid_9996_luid_0x00000000_0x0000e366_phys_0","dedicated usage","0"
"29.77","9996","pid_9996_luid_0x00000000_0x0000e366_phys_0","shared usage","307908608"
"29.795","13672","pid_13672_luid_0x00000000_0x0000e366_phys_0_eng_0_engtype_3d","utilization percentage","22.4969666053642"
"29.795","13672","pid_13672_luid_0x00000000_0x0000e366_phys_0_eng_10_engtype_legacyoverlay","utilization percentage","0"
"29.795","13672","pid_13672_luid_0x00000000_0x0000e366_phys_0_eng_11_engtype_","utilization percentage","0"
"29.795","13672","pid_13672_luid_0x00000000_0x0000e366_phys_0_eng_12_engtype_","utilization percentage","0"
"29.795","13672","pid_13672_luid_0x00000000_0x0000e366_phys_0_eng_1_engtype_videodecode","utilization percentage","0"
"29.795","13672","pid_13672_luid_0x00000000_0x0000e366_phys_0_eng_2_engtype_copy","utilization percentage","0"
"29.795","13672","pid_13672_luid_0x00000000_0x0000e366_phys_0_eng_3_engtype_videoprocessing","utilization percentage","0"
"29.795","13672","pid_13672_luid_0x00000000_0x0000e366_phys_0_eng_4_engtype_videodecode","utilization percentage","5.89965324113343"
"29.795","13672","pid_13672_luid_0x00000000_0x0000e366_phys_0_eng_5_engtype_","utilization percentage","0"
"29.795","13672","pid_13672_luid_0x00000000_0x0000e366_phys_0_eng_6_engtype_","utilization percentage","0"
"29.795","13672","pid_13672_luid_0x00000000_0x0000e366_phys_0_eng_7_engtype_","utilization percentage","0"
"29.795","13672","pid_13672_luid_0x00000000_0x0000e366_phys_0_eng_8_engtype_","utilization percentage","0"
"29.795","13672","pid_13672_luid_0x00000000_0x0000e366_phys_0_eng_9_engtype_","utilization percentage","0"
"29.795","13672","pid_13672_luid_0x00000000_0x0000e366_phys_0","dedicated usage","0"
"29.795","13672","pid_13672_luid_0x00000000_0x0000e366_phys_0","shared usage","305123328"
"30.833","11436","pid_11436_luid_0x00000000_0x0000e366_phys_0_eng_0_engtype_3d","utilization percentage","3.82407601911923"
"30.833","11436","pid_11436_luid_0x00000000_0x0000e366_phys_0_eng_10_engtype_legacyoverlay","utilization percentage","0"
"30.833","11436","pid_11436_luid_0x00000000_0x0000e366_phys_0_eng_11_engtype_","utilization percentage","0"
"30.833","11436","pid_11436_luid_0x00000000_0x0000e366_phys_0_eng_12_engtype_","utilization percentage","0"
"30.833","11436","pid_11436_luid_0x00000000_0x0000e366_phys_0_eng_1_engtype_videodecode","utilization percentage","2.03482351412326"
"30.833","11436","pid_11436_luid_0x00000000_0x0000e366_phys_0_eng_2_engtype_copy","utilization percentage","0"
"30.833","11436","pid_11436_luid_0x00000000_0x0000e366_phys_0_eng_3_engtype_videoprocessing","utilization percentage","0"
"30.833","11436","pid_11436_luid_0x00000000_0x0000e366_phys_0_eng_4_engtype_videodecode","utilization percentage","0"
"30.833","11436","pid_11436_luid_0x00000000_0x0000e366_phys_0_eng_5_engtype_","utilization percentage","0"
"30.833","11436","pid_11436_luid_0x00000000_0x0000e366_phys_0_eng_6_engtype_","utilization percentage","0"
"30.833","11436","pid_11436_luid_0x00000000_0x0000e366_phys_0_eng_7_engtype_","utilization percentage","0"
"30.833","11436","pid_11436_luid_0x00000000_0x0000e366_phys_0_eng_8_engtype_","utilization percentage","0"
"30.833","11436","pid_11436_luid_0x00000000_0x0000e366_phys_0_eng_9_engtype_","utilization percentage","0"
"30.833","11436","pid_11436_luid_0x00000000_0x0000e366_phys_0","dedicated usage","0"
"30.833","11436","pid_11436_luid_0x00000000_0x0000e366_phys_0","shared usage","81387520"
"30.842","9996","pid_9996_luid_0x00000000_0x0000e366_phys_0_eng_0_engtype_3d","utilization percentage","20.4176876102702"
"30.842","9996","pid_9996_luid_0x00000000_0x0000e366_phys_0_eng_10_engtype_legacyoverlay","utilization percentage","0"
"30.842","9996","pid_9996_luid_0x00000000_0x0000e366_phys_0_eng_11_engtype_","utilization percentage","0"
"30.842","9996","pid_9996_luid_0x00000000_0x0000e366_phys_0_eng_12_engtype_","utilization percentage","0"
"30.842","9996","pid_9996_luid_0x00000000_0x0000e366_phys_0_eng_1_engtype_videodecode","utilization percentage","3.7863824797771"
"30.842","9996","pid_9996_luid_0x00000000_0x0000e366_phys_0_eng_2_engtype_copy","utilization percentage","0"
"30.842","9996","pid_9996_luid_0x00000000_0x0000e366_phys_0_eng_3_engtype_videoprocessing","utilization percentage","0"
"30.842","9996","pid_9996_luid_0x00000000_0x0000e366_phys_0_eng_4_engtype_videodecode","utilization percentage","0"
"30.842","9996","pid_9996_luid_0x00000000_0x0000e366_phys_0_eng_5_engtype_","utilization percentage","0"
"30.842","9996","pid_9996_luid_0x00000000_0x0000e366_phys_0_eng_6_engtype_","utilization percentage","0"
"30.842","9996","pid_9996_luid_0x00000000_0x0000e366_phys_0_eng_7_engtype_","utilization percentage","0"
"30.842","9996","pid_9996_luid_0x00000000_0x0000e366_phys_0_eng_8_engtype_","utilization percentage","0"
"30.842","9996","pid_9996_luid_0x00000000_0x0000e366_phys_0_eng_9_engtype_","utilization percentage","0"
"30.842","9996","pid_9996_luid_0x00000000_0x0000e366_phys_0","dedicated usage","0"
"30.842","9996","pid_9996_luid_0x00000000_0x0000e366_phys_0","shared usage","307908608"
"30.874","13672","pid_13672_luid_0x00000000_0x0000e366_phys_0_eng_0_engtype_3d","utilization percentage","21.78652424588"
"30.874","13672","pid_13672_luid_0x00000000_0x0000e366_phys_0_eng_10_engtype_legacyoverlay","utilization percentage","0"
"30.874","13672","pid_13672_luid_0x00000000_0x0000e366_phys_0_eng_11_engtype_","utilization percentage","0"
"30.874","13672","pid_13672_luid_0x00000000_0x0000e366_phys_0_eng_12_engtype_","utilization percentage","0"
"30.874","13672","pid_13672_luid_0x00000000_0x0000e366_phys_0_eng_1_engtype_videodecode","utilization percentage","0"
"30.874","13672","pid_13672_luid_0x00000000_0x0000e366_phys_0_eng_2_engtype_copy","utilization percentage","0"
"30.874","13672","pid_13672_luid_0x00000000_0x0000e366_phys_0_eng_3_engtype_videoprocessing","utilization percentage","0"
"30.874","13672","pid_13672_luid_0x00000000_0x0000e366_phys_0_eng_4_engtype_videodecode","utilization percentage","5.70331677303431"
"30.874","13672","pid_13672_luid_0x00000000_0x0000e366_phys_0_eng_5_engtype_","utilization percentage","0"
"30.874","13672","pid_13672_luid_0x00000000_0x0000e366_phys_0_eng_6_engtype_","utilization percentage","0"
"30.874","13672","pid_13672_luid_0x00000000_0x0000e366_phys_0_eng_7_engtype_","utilization percentage","0"
"30.874","13672","pid_13672_luid_0x00000000_0x0000e366_phys_0_eng_8_engtype_","utilization percentage","0"
"30.874","13672","pid_13672_luid_0x00000000_0x0000e366_phys_0_eng_9_engtype_","utilization percentage","0"
"30.874","13672","pid_13672_luid_0x00000000_0x0000e366_phys_0","dedicated usage","0"
"30.874","13672","pid_13672_luid_0x00000000_0x0000e366_phys_0","shared usage","305123328"
"31.92","11436","pid_11436_luid_0x00000000_0x0000e366_phys_0_eng_0_engtype_3d","utilization percentage","4.18242851998944"
"31.92","11436","pid_11436_luid_0x00000000_0x0000e366_phys_0_eng_10_engtype_legacyoverlay","utilization percentage","0"
"31.92","11436","pid_11436_luid_0x00000000_0x0000e366_phys_0_eng_11_engtype_","utilization percentage","0"
"31.92","11436","pid_11436_luid_0x00000000_0x0000e366_phys_0_eng_12_engtype_","utilization percentage","0"
"31.92","11436","pid_11436_luid_0x00000000_0x0000e366_phys_0_eng_1_engtype_videodecode","utilization percentage","1.76143910443533"
"31.92","11436","pid_11436_luid_0x00000000_0x0000e366_phys_0_eng_2_engtype_copy","utilization percentage","0"
"31.92","11436","pid_11436_luid_0x00000000_0x0000e366_phys_0_eng_3_engtype_videoprocessing","utilization percentage","0"
"31.92","11436","pid_11436_luid_0x00000000_0x0000e366_phys_0_eng_4_engtype_videodecode","utilization percentage","0"
"31.92","11436","pid_11436_luid_0x00000000_0x0000e366_phys_0_eng_5_engtype_","utilization percentage","0"
"31.92","11436","pid_11436_luid_0x00000000_0x0000e366_phys_0_eng_6_engtype_","utilization percentage","0"
"31.92","11436","pid_11436_luid_0x00000000_0x0000e366_phys_0_eng_7_engtype_","utilization percentage","0"
"31.92","11436","pid_11436_luid_0x00000000_0x0000e366_phys_0_eng_8_engtype_","utilization percentage","0"
"31.92","11436","pid_11436_luid_0x00000000_0x0000e366_phys_0_eng_9_engtype_","utilization percentage","0"
"31.92","11436","pid_11436_luid_0x00000000_0x0000e366_phys_0","dedicated usage","0"
"31.92","11436","pid_11436_luid_0x00000000_0x0000e366_phys_0","shared usage","81387520"
"31.938","9996","pid_9996_luid_0x00000000_0x0000e366_phys_0_eng_0_engtype_3d","utilization percentage","21.4690392019136"
"31.938","9996","pid_9996_luid_0x00000000_0x0000e366_phys_0_eng_10_engtype_legacyoverlay","utilization percentage","0"
"31.938","9996","pid_9996_luid_0x00000000_0x0000e366_phys_0_eng_11_engtype_","utilization percentage","0"
"31.938","9996","pid_9996_luid_0x00000000_0x0000e366_phys_0_eng_12_engtype_","utilization percentage","0"
"31.938","9996","pid_9996_luid_0x00000000_0x0000e366_phys_0_eng_1_engtype_videodecode","utilization percentage","3.82222587474666"
"31.938","9996","pid_9996_luid_0x00000000_0x0000e366_phys_0_eng_2_engtype_copy","utilization percentage","0"
"31.938","9996","pid_9996_luid_0x00000000_0x0000e366_phys_0_eng_3_engtype_videoprocessing","utilization percentage","0"
"31.938","9996","pid_9996_luid_0x00000000_0x0000e366_phys_0_eng_4_engtype_videodecode","utilization percentage","0"
"31.938","9996","pid_9996_luid_0x00000000_0x0000e366_phys_0_eng_5_engtype_","utilization percentage","0"
"31.938","9996","pid_9996_luid_0x00000000_0x0000e366_phys_0_eng_6_engtype_","utilization percentage","0"
"31.938","9996","pid_9996_luid_0x00000000_0x0000e366_phys_0_eng_7_engtype_","utilization percentage","0"
"31.938","9996","pid_9996_luid_0x00000000_0x0000e366_phys_0_eng_8_engtype_","utilization percentage","0"
"31.938","9996","pid_9996_luid_0x00000000_0x0000e366_phys_0_eng_9_engtype_","utilization percentage","0"
"31.938","9996","pid_9996_luid_0x00000000_0x0000e366_phys_0","dedicated usage","0"
"31.938","9996","pid_9996_luid_0x00000000_0x0000e366_phys_0","shared usage","307908608"
"31.968","13672","pid_13672_luid_0x00000000_0x0000e366_phys_0_eng_0_engtype_3d","utilization percentage","22.5851489398042"
"31.968","13672","pid_13672_luid_0x00000000_0x0000e366_phys_0_eng_10_engtype_legacyoverlay","utilization percentage","0"
"31.968","13672","pid_13672_luid_0x00000000_0x0000e366_phys_0_eng_11_engtype_","utilization percentage","0"
"31.968","13672","pid_13672_luid_0x00000000_0x0000e366_phys_0_eng_12_engtype_","utilization percentage","0"
"31.968","13672","pid_13672_luid_0x00000000_0x0000e366_phys_0_eng_1_engtype_videodecode","utilization percentage","0"
"31.968","13672","pid_13672_luid_0x00000000_0x0000e366_phys_0_eng_2_engtype_copy","utilization percentage","0"
"31.968","13672","pid_13672_luid_0x00000000_0x0000e366_phys_0_eng_3_engtype_videoprocessing","utilization percentage","0"
"31.968","13672","pid_13672_luid_0x00000000_0x0000e366_phys_0_eng_4_engtype_videodecode","utilization percentage","5.19308080723119"
"31.968","13672","pid_13672_luid_0x00000000_0x0000e366_phys_0_eng_5_engtype_","utilization percentage","0"
"31.968","13672","pid_13672_luid_0x00000000_0x0000e366_phys_0_eng_6_engtype_","utilization percentage","0"
"31.968","13672","pid_13672_luid_0x00000000_0x0000e366_phys_0_eng_7_engtype_","utilization percentage","0"
"31.968","13672","pid_13672_luid_0x00000000_0x0000e366_phys_0_eng_8_engtype_","utilization percentage","0"
"31.968","13672","pid_13672_luid_0x00000000_0x0000e366_phys_0_eng_9_engtype_","utilization percentage","0"
"31.968","13672","pid_13672_luid_0x00000000_0x0000e366_phys_0","dedicated usage","0"
"31.968","13672","pid_13672_luid_0x00000000_0x0000e366_phys_0","shared usage","305123328"
"33.01","11436","pid_11436_luid_0x00000000_0x0000e366_phys_0_eng_0_engtype_3d","utilization percentage","4.08103374758988"
"33.01","11436","pid_11436_luid_0x00000000_0x0000e366_phys_0_eng_10_engtype_legacyoverlay","utilization percentage","0"
"33.01","11436","pid_11436_luid_0x00000000_0x0000e366_phys_0_eng_11_engtype_","utilization percentage","0"
"33.01","11436","pid_11436_luid_0x00000000_0x0000e366_phys_0_eng_12_engtype_","utilization percentage","0"
"33.01","11436","pid_11436_luid_0x00000000_0x0000e366_phys_0_eng_1_engtype_videodecode","utilization percentage","1.54012050071633"
"33.01","11436","pid_11436_luid_0x00000000_0x0000e366_phys_0_eng_2_engtype_copy","utilization percentage","0"
"33.01","11436","pid_11436_luid_0x00000000_0x0000e366_phys_0_eng_3_engtype_videoprocessing","utilization percentage","0"
"33.01","11436","pid_11436_luid_0x00000000_0x0000e366_phys_0_eng_4_engtype_videodecode","utilization percentage","0"
"33.01","11436","pid_11436_luid_0x00000000_0x0000e366_phys_0_eng_5_engtype_","utilization percentage","0"
"33.01","11436","pid_11436_luid_0x00000000_0x0000e366_phys_0_eng_6_engtype_","utilization percentage","0"
"33.01","11436","pid_11436_luid_0x00000000_0x0000e366_phys_0_eng_7_engtype_","utilization percentage","0"
"33.01","11436","pid_11436_luid_0x00000000_0x0000e366_phys_0_eng_8_engtype_","utilization percentage","0"
"33.01","11436","pid_11436_luid_0x00000000_0x0000e366_phys_0_eng_9_engtype_","utilization percentage","0"
"33.01","11436","pid_11436_luid_0x00000000_0x0000e366_phys_0","dedicated usage","0"
"33.01","11436","pid_11436_luid_0x00000000_0x0000e366_phys_0","shared usage","81387520"
"33.021","9996","pid_9996_luid_0x00000000_0x0000e366_phys_0_eng_0_engtype_3d","utilization percentage","22.3634360205628"
"33.021","9996","pid_9996_luid_0x00000000_0x0000e366_phys_0_eng_10_engtype_legacyoverlay","utilization percentage","0"
"33.021","9996","pid_9996_luid_0x00000000_0x0000e366_phys_0_eng_11_engtype_","utilization percentage","0"
"33.021","9996","pid_9996_luid_0x00000000_0x0000e366_phys_0_eng_12_engtype_","utilization percentage","0"
"33.021","9996","pid_9996_luid_0x00000000_0x0000e366_phys_0_eng_1_engtype_videodecode","utilization percentage","4.24009638003703"
"33.021","9996","pid_9996_luid_0x00000000_0x0000e366_phys_0_eng_2_engtype_copy","utilization percentage","0"
"33.021","9996","pid_9996_luid_0x00000000_0x0000e366_phys_0_eng_3_engtype_videoprocessing","utilization percentage","0"
"33.021","9996","pid_9996_luid_0x00000000_0x0000e366_phys_0_eng_4_engtype_videodecode","utilization percentage","0"
"33.021","9996","pid_9996_luid_0x00000000_0x0000e366_phys_0_eng_5_engtype_","utilization percentage","0"
"33.021","9996","pid_9996_luid_0x00000000_0x0000e366_phys_0_eng_6_engtype_","utilization percentage","0"
"33.021","9996","pid_9996_luid_0x00000000_0x0000e366_phys_0_eng_7_engtype_","utilization percentage","0"
"33.021","9996","pid_9996_luid_0x00000000_0x0000e366_phys_0_eng_8_engtype_","utilization percentage","0"
"33.021","9996","pid_9996_luid_0x00000000_0x0000e366_phys_0_eng_9_engtype_","utilization percentage","0"
"33.021","9996","pid_9996_luid_0x00000000_0x0000e366_phys_0","dedicated usage","0"
"33.021","9996","pid_9996_luid_0x00000000_0x0000e366_phys_0","shared usage","307908608"
"33.031","13672","pid_13672_luid_0x00000000_0x0000e366_phys_0_eng_0_engtype_3d","utilization percentage","23.7513422915085"
"33.031","13672","pid_13672_luid_0x00000000_0x0000e366_phys_0_eng_10_engtype_legacyoverlay","utilization percentage","0"
"33.031","13672","pid_13672_luid_0x00000000_0x0000e366_phys_0_eng_11_engtype_","utilization percentage","0"
"33.031","13672","pid_13672_luid_0x00000000_0x0000e366_phys_0_eng_12_engtype_","utilization percentage","0"
"33.031","13672","pid_13672_luid_0x00000000_0x0000e366_phys_0_eng_1_engtype_videodecode","utilization percentage","0"
"33.031","13672","pid_13672_luid_0x00000000_0x0000e366_phys_0_eng_2_engtype_copy","utilization percentage","0"
"33.031","13672","pid_13672_luid_0x00000000_0x0000e366_phys_0_eng_3_engtype_videoprocessing","utilization percentage","0"
"33.031","13672","pid_13672_luid_0x00000000_0x0000e366_phys_0_eng_4_engtype_videodecode","utilization percentage","6.00186859629656"
"33.031","13672","pid_13672_luid_0x00000000_0x0000e366_phys_0_eng_5_engtype_","utilization percentage","0"
"33.031","13672","pid_13672_luid_0x00000000_0x0000e366_phys_0_eng_6_engtype_","utilization percentage","0"
"33.031","13672","pid_13672_luid_0x00000000_0x0000e366_phys_0_eng_7_engtype_","utilization percentage","0"
"33.031","13672","pid_13672_luid_0x00000000_0x0000e366_phys_0_eng_8_engtype_","utilization percentage","0"
"33.031","13672","pid_13672_luid_0x00000000_0x0000e366_phys_0_eng_9_engtype_","utilization percentage","0"
"33.031","13672","pid_13672_luid_0x00000000_0x0000e366_phys_0","dedicated usage","0"
"33.031","13672","pid_13672_luid_0x00000000_0x0000e366_phys_0","shared usage","305123328"
"34.064","11436","pid_11436_luid_0x00000000_0x0000e366_phys_0_eng_0_engtype_3d","utilization percentage","4.26156412607996"
"34.064","11436","pid_11436_luid_0x00000000_0x0000e366_phys_0_eng_10_engtype_legacyoverlay","utilization percentage","0"
"34.064","11436","pid_11436_luid_0x00000000_0x0000e366_phys_0_eng_11_engtype_","utilization percentage","0"
"34.064","11436","pid_11436_luid_0x00000000_0x0000e366_phys_0_eng_12_engtype_","utilization percentage","0"
"34.064","11436","pid_11436_luid_0x00000000_0x0000e366_phys_0_eng_1_engtype_videodecode","utilization percentage","1.55071372225755"
"34.064","11436","pid_11436_luid_0x00000000_0x0000e366_phys_0_eng_2_engtype_copy","utilization percentage","0"
"34.064","11436","pid_11436_luid_0x00000000_0x0000e366_phys_0_eng_3_engtype_videoprocessing","utilization percentage","0"
"34.064","11436","pid_11436_luid_0x00000000_0x0000e366_phys_0_eng_4_engtype_videodecode","utilization percentage","0"
"34.064","11436","pid_11436_luid_0x00000000_0x0000e366_phys_0_eng_5_engtype_","utilization percentage","0"
"34.064","11436","pid_11436_luid_0x00000000_0x0000e366_phys_0_eng_6_engtype_","utilization percentage","0"
"34.064","11436","pid_11436_luid_0x00000000_0x0000e366_phys_0_eng_7_engtype_","utilization percentage","0"
"34.064","11436","pid_11436_luid_0x00000000_0x0000e366_phys_0_eng_8_engtype_","utilization percentage","0"
"34.064","11436","pid_11436_luid_0x00000000_0x0000e366_phys_0_eng_9_engtype_","utilization percentage","0"
"34.064","11436","pid_11436_luid_0x00000000_0x0000e366_phys_0","dedicated usage","0"
"34.064","11436","pid_11436_luid_0x00000000_0x0000e366_phys_0","shared usage","81387520"
"34.076","9996","pid_9996_luid_0x00000000_0x0000e366_phys_0_eng_0_engtype_3d","utilization percentage","24.8704734004369"
"34.076","9996","pid_9996_luid_0x00000000_0x0000e366_phys_0_eng_10_engtype_legacyoverlay","utilization percentage","0"
"34.076","9996","pid_9996_luid_0x00000000_0x0000e366_phys_0_eng_11_engtype_","utilization percentage","0"
"34.076","9996","pid_9996_luid_0x00000000_0x0000e366_phys_0_eng_12_engtype_","utilization percentage","0"
"34.076","9996","pid_9996_luid_0x00000000_0x0000e366_phys_0_eng_1_engtype_videodecode","utilization percentage","4.44602199679796"
"34.076","9996","pid_9996_luid_0x00000000_0x0000e366_phys_0_eng_2_engtype_copy","utilization percentage","0"
"34.076","9996","pid_9996_luid_0x00000000_0x0000e366_phys_0_eng_3_engtype_videoprocessing","utilization percentage","0"
"34.076","9996","pid_9996_luid_0x00000000_0x0000e366_phys_0_eng_4_engtype_videodecode","utilization percentage","0"
"34.076","9996","pid_9996_luid_0x00000000_0x0000e366_phys_0_eng_5_engtype_","utilization percentage","0"
"34.076","9996","pid_9996_luid_0x00000000_0x0000e366_phys_0_eng_6_engtype_","utilization percentage","0"
"34.076","9996","pid_9996_luid_0x00000000_0x0000e366_phys_0_eng_7_engtype_","utilization percentage","0"
"34.076","9996","pid_9996_luid_0x00000000_0x0000e366_phys_0_eng_8_engtype_","utilization percentage","0"
"34.076","9996","pid_9996_luid_0x00000000_0x0000e366_phys_0_eng_9_engtype_","utilization percentage","0"
"34.076","9996","pid_9996_luid_0x00000000_0x0000e366_phys_0","dedicated usage","0"
"34.076","9996","pid_9996_luid_0x00000000_0x0000e366_phys_0","shared usage","307908608"
"34.084","13672","pid_13672_luid_0x00000000_0x0000e366_phys_0_eng_0_engtype_3d","utilization percentage","25.7045425348028"
"34.084","13672","pid_13672_luid_0x00000000_0x0000e366_phys_0_eng_10_engtype_legacyoverlay","utilization percentage","0"
"34.084","13672","pid_13672_luid_0x00000000_0x0000e366_phys_0_eng_11_engtype_","utilization percentage","0"
"34.084","13672","pid_13672_luid_0x00000000_0x0000e366_phys_0_eng_12_engtype_","utilization percentage","0"
"34.084","13672","pid_13672_luid_0x00000000_0x0000e366_phys_0_eng_1_engtype_videodecode","utilization percentage","0"
"34.084","13672","pid_13672_luid_0x00000000_0x0000e366_phys_0_eng_2_engtype_copy","utilization percentage","0"
"34.084","13672","pid_13672_luid_0x00000000_0x0000e366_phys_0_eng_3_engtype_videoprocessing","utilization percentage","0"
"34.084","13672","pid_13672_luid_0x00000000_0x0000e366_phys_0_eng_4_engtype_videodecode","utilization percentage","6.12051728283243"
"34.084","13672","pid_13672_luid_0x00000000_0x0000e366_phys_0_eng_5_engtype_","utilization percentage","0"
"34.084","13672","pid_13672_luid_0x00000000_0x0000e366_phys_0_eng_6_engtype_","utilization percentage","0"
"34.084","13672","pid_13672_luid_0x00000000_0x0000e366_phys_0_eng_7_engtype_","utilization percentage","0"
"34.084","13672","pid_13672_luid_0x00000000_0x0000e366_phys_0_eng_8_engtype_","utilization percentage","0"
"34.084","13672","pid_13672_luid_0x00000000_0x0000e366_phys_0_eng_9_engtype_","utilization percentage","0"
"34.084","13672","pid_13672_luid_0x00000000_0x0000e366_phys_0","dedicated usage","0"
"34.084","13672","pid_13672_luid_0x00000000_0x0000e366_phys_0","shared usage","305123328"
"35.112","11436","pid_11436_luid_0x00000000_0x0000e366_phys_0_eng_0_engtype_3d","utilization percentage","4.22960222706209"
"35.112","11436","pid_11436_luid_0x00000000_0x0000e366_phys_0_eng_10_engtype_legacyoverlay","utilization percentage","0"
"35.112","11436","pid_11436_luid_0x00000000_0x0000e366_phys_0_eng_11_engtype_","utilization percentage","0"
"35.112","11436","pid_11436_luid_0x00000000_0x0000e366_phys_0_eng_12_engtype_","utilization percentage","0"
"35.112","11436","pid_11436_luid_0x00000000_0x0000e366_phys_0_eng_1_engtype_videodecode","utilization percentage","1.40746233996336"
"35.112","11436","pid_11436_luid_0x00000000_0x0000e366_phys_0_eng_2_engtype_copy","utilization percentage","0"
"35.112","11436","pid_11436_luid_0x00000000_0x0000e366_phys_0_eng_3_engtype_videoprocessing","utilization percentage","0"
"35.112","11436","pid_11436_luid_0x00000000_0x0000e366_phys_0_eng_4_engtype_videodecode","utilization percentage","0"
"35.112","11436","pid_11436_luid_0x00000000_0x0000e366_phys_0_eng_5_engtype_","utilization percentage","0"
"35.112","11436","pid_11436_luid_0x00000000_0x0000e366_phys_0_eng_6_engtype_","utilization percentage","0"
"35.112","11436","pid_11436_luid_0x00000000_0x0000e366_phys_0_eng_7_engtype_","utilization percentage","0"
"35.112","11436","pid_11436_luid_0x00000000_0x0000e366_phys_0_eng_8_engtype_","utilization percentage","0"
"35.112","11436","pid_11436_luid_0x00000000_0x0000e366_phys_0_eng_9_engtype_","utilization percentage","0"
"35.112","11436","pid_11436_luid_0x00000000_0x0000e366_phys_0","dedicated usage","0"
"35.112","11436","pid_11436_luid_0x00000000_0x0000e366_phys_0","shared usage","81387520"
"35.134","9996","pid_9996_luid_0x00000000_0x0000e366_phys_0_eng_0_engtype_3d","utilization percentage","27.0921281611925"
"35.134","9996","pid_9996_luid_0x00000000_0x0000e366_phys_0_eng_10_engtype_legacyoverlay","utilization percentage","0"
"35.134","9996","pid_9996_luid_0x00000000_0x0000e366_phys_0_eng_11_engtype_","utilization percentage","0"
"35.134","9996","pid_9996_luid_0x00000000_0x0000e366_phys_0_eng_12_engtype_","utilization percentage","0"
"35.134","9996","pid_9996_luid_0x00000000_0x0000e366_phys_0_eng_1_engtype_videodecode","utilization percentage","4.95841460396158"
"35.134","9996","pid_9996_luid_0x00000000_0x0000e366_phys_0_eng_2_engtype_copy","utilization percentage","0"
"35.134","9996","pid_9996_luid_0x00000000_0x0000e366_phys_0_eng_3_engtype_videoprocessing","utilization percentage","0"
"35.134","9996","pid_9996_luid_0x00000000_0x0000e366_phys_0_eng_4_engtype_videodecode","utilization percentage","0"
"35.134","9996","pid_9996_luid_0x00000000_0x0000e366_phys_0_eng_5_engtype_","utilization percentage","0"
"35.134","9996","pid_9996_luid_0x00000000_0x0000e366_phys_0_eng_6_engtype_","utilization percentage","0"
"35.134","9996","pid_9996_luid_0x00000000_0x0000e366_phys_0_eng_7_engtype_","utilization percentage","0"
"35.134","9996","pid_9996_luid_0x00000000_0x0000e366_phys_0_eng_8_engtype_","utilization percentage","0"
"35.134","9996","pid_9996_luid_0x00000000_0x0000e366_phys_0_eng_9_engtype_","utilization percentage","0"
"35.134","9996","pid_9996_luid_0x00000000_0x0000e366_phys_0","dedicated usage","0"
"35.134","9996","pid_9996_luid_0x00000000_0x0000e366_phys_0","shared usage","307908608"
"35.162","13672","pid_13672_luid_0x00000000_0x0000e366_phys_0_eng_0_engtype_3d","utilization percentage","28.0252216884349"
"35.162","13672","pid_13672_luid_0x00000000_0x0000e366_phys_0_eng_10_engtype_legacyoverlay","utilization percentage","0"
"35.162","13672","pid_13672_luid_0x00000000_0x0000e366_phys_0_eng_11_engtype_","utilization percentage","0"
"35.162","13672","pid_13672_luid_0x00000000_0x0000e366_phys_0_eng_12_engtype_","utilization percentage","0"
"35.162","13672","pid_13672_luid_0x00000000_0x0000e366_phys_0_eng_1_engtype_videodecode","utilization percentage","0"
"35.162","13672","pid_13672_luid_0x00000000_0x0000e366_phys_0_eng_2_engtype_copy","utilization percentage","0"
"35.162","13672","pid_13672_luid_0x00000000_0x0000e366_phys_0_eng_3_engtype_videoprocessing","utilization percentage","0"
"35.162","13672","pid_13672_luid_0x00000000_0x0000e366_phys_0_eng_4_engtype_videodecode","utilization percentage","6.07566315399163"
"35.162","13672","pid_13672_luid_0x00000000_0x0000e366_phys_0_eng_5_engtype_","utilization percentage","0"
"35.162","13672","pid_13672_luid_0x00000000_0x0000e366_phys_0_eng_6_engtype_","utilization percentage","0"
"35.162","13672","pid_13672_luid_0x00000000_0x0000e366_phys_0_eng_7_engtype_","utilization percentage","0"
"35.162","13672","pid_13672_luid_0x00000000_0x0000e366_phys_0_eng_8_engtype_","utilization percentage","0"
"35.162","13672","pid_13672_luid_0x00000000_0x0000e366_phys_0_eng_9_engtype_","utilization percentage","0"
"35.162","13672","pid_13672_luid_0x00000000_0x0000e366_phys_0","dedicated usage","0"
"35.162","13672","pid_13672_luid_0x00000000_0x0000e366_phys_0","shared usage","305123328"
"36.202","11436","pid_11436_luid_0x00000000_0x0000e366_phys_0_eng_0_engtype_3d","utilization percentage","4.30290253688101"
"36.202","11436","pid_11436_luid_0x00000000_0x0000e366_phys_0_eng_10_engtype_legacyoverlay","utilization percentage","0"
"36.202","11436","pid_11436_luid_0x00000000_0x0000e366_phys_0_eng_11_engtype_","utilization percentage","0"
"36.202","11436","pid_11436_luid_0x00000000_0x0000e366_phys_0_eng_12_engtype_","utilization percentage","0"
"36.202","11436","pid_11436_luid_0x00000000_0x0000e366_phys_0_eng_1_engtype_videodecode","utilization percentage","1.50642879918519"
"36.202","11436","pid_11436_luid_0x00000000_0x0000e366_phys_0_eng_2_engtype_copy","utilization percentage","0"
"36.202","11436","pid_11436_luid_0x00000000_0x0000e366_phys_0_eng_3_engtype_videoprocessing","utilization percentage","0"
"36.202","11436","pid_11436_luid_0x00000000_0x0000e366_phys_0_eng_4_engtype_videodecode","utilization percentage","0"
"36.202","11436","pid_11436_luid_0x00000000_0x0000e366_phys_0_eng_5_engtype_","utilization percentage","0"
"36.202","11436","pid_11436_luid_0x00000000_0x0000e366_phys_0_eng_6_engtype_","utilization percentage","0"
"36.202","11436","pid_11436_luid_0x00000000_0x0000e366_phys_0_eng_7_engtype_","utilization percentage","0"
"36.202","11436","pid_11436_luid_0x00000000_0x0000e366_phys_0_eng_8_engtype_","utilization percentage","0"
"36.202","11436","pid_11436_luid_0x00000000_0x0000e366_phys_0_eng_9_engtype_","utilization percentage","0"
"36.202","11436","pid_11436_luid_0x00000000_0x0000e366_phys_0","dedicated usage","0"
"36.202","11436","pid_11436_luid_0x00000000_0x0000e366_phys_0","shared usage","81387520"
"36.225","9996","pid_9996_luid_0x00000000_0x0000e366_phys_0_eng_0_engtype_3d","utilization percentage","27.7010338839582"
"36.225","9996","pid_9996_luid_0x00000000_0x0000e366_phys_0_eng_10_engtype_legacyoverlay","utilization percentage","0"
"36.225","9996","pid_9996_luid_0x00000000_0x0000e366_phys_0_eng_11_engtype_","utilization percentage","0"
"36.225","9996","pid_9996_luid_0x00000000_0x0000e366_phys_0_eng_12_engtype_","utilization percentage","0"
"36.225","9996","pid_9996_luid_0x00000000_0x0000e366_phys_0_eng_1_engtype_videodecode","utilization percentage","5.12852322281839"
"36.225","9996","pid_9996_luid_0x00000000_0x0000e366_phys_0_eng_2_engtype_copy","utilization percentage","0"
"36.225","9996","pid_9996_luid_0x00000000_0x0000e366_phys_0_eng_3_engtype_videoprocessing","utilization percentage","0"
"36.225","9996","pid_9996_luid_0x00000000_0x0000e366_phys_0_eng_4_engtype_videodecode","utilization percentage","0"
"36.225","9996","pid_9996_luid_0x00000000_0x0000e366_phys_0_eng_5_engtype_","utilization percentage","0"
"36.225","9996","pid_9996_luid_0x00000000_0x0000e366_phys_0_eng_6_engtype_","utilization percentage","0"
"36.225","9996","pid_9996_luid_0x00000000_0x0000e366_phys_0_eng_7_engtype_","utilization percentage","0"
"36.225","9996","pid_9996_luid_0x00000000_0x0000e366_phys_0_eng_8_engtype_","utilization percentage","0"
"36.225","9996","pid_9996_luid_0x00000000_0x0000e366_phys_0_eng_9_engtype_","utilization percentage","0"
"36.225","9996","pid_9996_luid_0x00000000_0x0000e366_phys_0","dedicated usage","0"
"36.225","9996","pid_9996_luid_0x00000000_0x0000e366_phys_0","shared usage","307908608"
"36.248","13672","pid_13672_luid_0x00000000_0x0000e366_phys_0_eng_0_engtype_3d","utilization percentage","29.0200927215212"
"36.248","13672","pid_13672_luid_0x00000000_0x0000e366_phys_0_eng_10_engtype_legacyoverlay","utilization percentage","0"
"36.248","13672","pid_13672_luid_0x00000000_0x0000e366_phys_0_eng_11_engtype_","utilization percentage","0"
"36.248","13672","pid_13672_luid_0x00000000_0x0000e366_phys_0_eng_12_engtype_","utilization percentage","0"
"36.248","13672","pid_13672_luid_0x00000000_0x0000e366_phys_0_eng_1_engtype_videodecode","utilization percentage","0"
"36.248","13672","pid_13672_luid_0x00000000_0x0000e366_phys_0_eng_2_engtype_copy","utilization percentage","0"
"36.248","13672","pid_13672_luid_0x00000000_0x0000e366_phys_0_eng_3_engtype_videoprocessing","utilization percentage","0"
"36.248","13672","pid_13672_luid_0x00000000_0x0000e366_phys_0_eng_4_engtype_videodecode","utilization percentage","6.41068614384453"
"36.248","13672","pid_13672_luid_0x00000000_0x0000e366_phys_0_eng_5_engtype_","utilization percentage","0"
"36.248","13672","pid_13672_luid_0x00000000_0x0000e366_phys_0_eng_6_engtype_","utilization percentage","0"
"36.248","13672","pid_13672_luid_0x00000000_0x0000e366_phys_0_eng_7_engtype_","utilization percentage","0"
"36.248","13672","pid_13672_luid_0x00000000_0x0000e366_phys_0_eng_8_engtype_","utilization percentage","0"
"36.248","13672","pid_13672_luid_0x00000000_0x0000e366_phys_0_eng_9_engtype_","utilization percentage","0"
"36.248","13672","pid_13672_luid_0x00000000_0x0000e366_phys_0","dedicated usage","0"
"36.248","13672","pid_13672_luid_0x00000000_0x0000e366_phys_0","shared usage","305123328"
"37.271","11436","pid_11436_luid_0x00000000_0x0000e366_phys_0_eng_0_engtype_3d","utilization percentage","4.2919432370479"
"37.271","11436","pid_11436_luid_0x00000000_0x0000e366_phys_0_eng_10_engtype_legacyoverlay","utilization percentage","0"
"37.271","11436","pid_11436_luid_0x00000000_0x0000e366_phys_0_eng_11_engtype_","utilization percentage","0"
"37.271","11436","pid_11436_luid_0x00000000_0x0000e366_phys_0_eng_12_engtype_","utilization percentage","0"
"37.271","11436","pid_11436_luid_0x00000000_0x0000e366_phys_0_eng_1_engtype_videodecode","utilization percentage","1.29928956165768"
"37.271","11436","pid_11436_luid_0x00000000_0x0000e366_phys_0_eng_2_engtype_copy","utilization percentage","0"
"37.271","11436","pid_11436_luid_0x00000000_0x0000e366_phys_0_eng_3_engtype_videoprocessing","utilization percentage","0"
"37.271","11436","pid_11436_luid_0x00000000_0x0000e366_phys_0_eng_4_engtype_videodecode","utilization percentage","0"
"37.271","11436","pid_11436_luid_0x00000000_0x0000e366_phys_0_eng_5_engtype_","utilization percentage","0"
"37.271","11436","pid_11436_luid_0x00000000_0x0000e366_phys_0_eng_6_engtype_","utilization percentage","0"
"37.271","11436","pid_11436_luid_0x00000000_0x0000e366_phys_0_eng_7_engtype_","utilization percentage","0"
"37.271","11436","pid_11436_luid_0x00000000_0x0000e366_phys_0_eng_8_engtype_","utilization percentage","0"
"37.271","11436","pid_11436_luid_0x00000000_0x0000e366_phys_0_eng_9_engtype_","utilization percentage","0"
"37.271","11436","pid_11436_luid_0x00000000_0x0000e366_phys_0","dedicated usage","0"
"37.271","11436","pid_11436_luid_0x00000000_0x0000e366_phys_0","shared usage","81387520"
"37.293","9996","pid_9996_luid_0x00000000_0x0000e366_phys_0_eng_0_engtype_3d","utilization percentage","28.2063816238289"
"37.293","9996","pid_9996_luid_0x00000000_0x0000e366_phys_0_eng_10_engtype_legacyoverlay","utilization percentage","0"
"37.293","9996","pid_9996_luid_0x00000000_0x0000e366_phys_0_eng_11_engtype_","utilization percentage","0"
"37.293","9996","pid_9996_luid_0x00000000_0x0000e366_phys_0_eng_12_engtype_","utilization percentage","0"
"37.293","9996","pid_9996_luid_0x00000000_0x0000e366_phys_0_eng_1_engtype_videodecode","utilization percentage","5.12511768944112"
"37.293","9996","pid_9996_luid_0x00000000_0x0000e366_phys_0_eng_2_engtype_copy","utilization percentage","0"
"37.293","9996","pid_9996_luid_0x00000000_0x0000e366_phys_0_eng_3_engtype_videoprocessing","utilization percentage","0"
"37.293","9996","pid_9996_luid_0x00000000_0x0000e366_phys_0_eng_4_engtype_videodecode","utilization percentage","0"
"37.293","9996","pid_9996_luid_0x00000000_0x0000e366_phys_0_eng_5_engtype_","utilization percentage","0"
"37.293","9996","pid_9996_luid_0x00000000_0x0000e366_phys_0_eng_6_engtype_","utilization percentage","0"
"37.293","9996","pid_9996_luid_0x00000000_0x0000e366_phys_0_eng_7_engtype_","utilization percentage","0"
"37.293","9996","pid_9996_luid_0x00000000_0x0000e366_phys_0_eng_8_engtype_","utilization percentage","0"
"37.293","9996","pid_9996_luid_0x00000000_0x0000e366_phys_0_eng_9_engtype_","utilization percentage","0"
"37.293","9996","pid_9996_luid_0x00000000_0x0000e366_phys_0","dedicated usage","0"
"37.293","9996","pid_9996_luid_0x00000000_0x0000e366_phys_0","shared usage","307908608"
"37.319","13672","pid_13672_luid_0x00000000_0x0000e366_phys_0_eng_0_engtype_3d","utilization percentage","28.1342756771294"
"37.319","13672","pid_13672_luid_0x00000000_0x0000e366_phys_0_eng_10_engtype_legacyoverlay","utilization percentage","0"
"37.319","13672","pid_13672_luid_0x00000000_0x0000e366_phys_0_eng_11_engtype_","utilization percentage","0"
"37.319","13672","pid_13672_luid_0x00000000_0x0000e366_phys_0_eng_12_engtype_","utilization percentage","0"
"37.319","13672","pid_13672_luid_0x00000000_0x0000e366_phys_0_eng_1_engtype_videodecode","utilization percentage","0"
"37.319","13672","pid_13672_luid_0x00000000_0x0000e366_phys_0_eng_2_engtype_copy","utilization percentage","0"
"37.319","13672","pid_13672_luid_0x00000000_0x0000e366_phys_0_eng_3_engtype_videoprocessing","utilization percentage","0"
"37.319","13672","pid_13672_luid_0x00000000_0x0000e366_phys_0_eng_4_engtype_videodecode","utilization percentage","6.18042964831373"
"37.319","13672","pid_13672_luid_0x00000000_0x0000e366_phys_0_eng_5_engtype_","utilization percentage","0"
"37.319","13672","pid_13672_luid_0x00000000_0x0000e366_phys_0_eng_6_engtype_","utilization percentage","0"
"37.319","13672","pid_13672_luid_0x00000000_0x0000e366_phys_0_eng_7_engtype_","utilization percentage","0"
"37.319","13672","pid_13672_luid_0x00000000_0x0000e366_phys_0_eng_8_engtype_","utilization percentage","0"
"37.319","13672","pid_13672_luid_0x00000000_0x0000e366_phys_0_eng_9_engtype_","utilization percentage","0"
"37.319","13672","pid_13672_luid_0x00000000_0x0000e366_phys_0","dedicated usage","0"
"37.319","13672","pid_13672_luid_0x00000000_0x0000e366_phys_0","shared usage","305123328"
"38.356","11436","pid_11436_luid_0x00000000_0x0000e366_phys_0_eng_0_engtype_3d","utilization percentage","4.2571213200462"
"38.356","11436","pid_11436_luid_0x00000000_0x0000e366_phys_0_eng_10_engtype_legacyoverlay","utilization percentage","0"
"38.356","11436","pid_11436_luid_0x00000000_0x0000e366_phys_0_eng_11_engtype_","utilization percentage","0"
"38.356","11436","pid_11436_luid_0x00000000_0x0000e366_phys_0_eng_12_engtype_","utilization percentage","0"
"38.356","11436","pid_11436_luid_0x00000000_0x0000e366_phys_0_eng_1_engtype_videodecode","utilization percentage","1.44103198917481"
"38.356","11436","pid_11436_luid_0x00000000_0x0000e366_phys_0_eng_2_engtype_copy","utilization percentage","0"
"38.356","11436","pid_11436_luid_0x00000000_0x0000e366_phys_0_eng_3_engtype_videoprocessing","utilization percentage","0"
"38.356","11436","pid_11436_luid_0x00000000_0x0000e366_phys_0_eng_4_engtype_videodecode","utilization percentage","0"
"38.356","11436","pid_11436_luid_0x00000000_0x0000e366_phys_0_eng_5_engtype_","utilization percentage","0"
"38.356","11436","pid_11436_luid_0x00000000_0x0000e366_phys_0_eng_6_engtype_","utilization percentage","0"
"38.356","11436","pid_11436_luid_0x00000000_0x0000e366_phys_0_eng_7_engtype_","utilization percentage","0"
"38.356","11436","pid_11436_luid_0x00000000_0x0000e366_phys_0_eng_8_engtype_","utilization percentage","0"
"38.356","11436","pid_11436_luid_0x00000000_0x0000e366_phys_0_eng_9_engtype_","utilization percentage","0"
"38.356","11436","pid_11436_luid_0x00000000_0x0000e366_phys_0","dedicated usage","0"
"38.356","11436","pid_11436_luid_0x00000000_0x0000e366_phys_0","shared usage","81387520"
"38.377","9996","pid_9996_luid_0x00000000_0x0000e366_phys_0_eng_0_engtype_3d","utilization percentage","27.4044485630574"
"38.377","9996","pid_9996_luid_0x00000000_0x0000e366_phys_0_eng_10_engtype_legacyoverlay","utilization percentage","0"
"38.377","9996","pid_9996_luid_0x00000000_0x0000e366_phys_0_eng_11_engtype_","utilization percentage","0"
"38.377","9996","pid_9996_luid_0x00000000_0x0000e366_phys_0_eng_12_engtype_","utilization percentage","0"
"38.377","9996","pid_9996_luid_0x00000000_0x0000e366_phys_0_eng_1_engtype_videodecode","utilization percentage","5.15760379711528"
"38.377","9996","pid_9996_luid_0x00000000_0x0000e366_phys_0_eng_2_engtype_copy","utilization percentage","0"
"38.377","9996","pid_9996_luid_0x00000000_0x0000e366_phys_0_eng_3_engtype_videoprocessing","utilization percentage","0"
"38.377","9996","pid_9996_luid_0x00000000_0x0000e366_phys_0_eng_4_engtype_videodecode","utilization percentage","0"
"38.377","9996","pid_9996_luid_0x00000000_0x0000e366_phys_0_eng_5_engtype_","utilization percentage","0"
"38.377","9996","pid_9996_luid_0x00000000_0x0000e366_phys_0_eng_6_engtype_","utilization percentage","0"
"38.377","9996","pid_9996_luid_0x00000000_0x0000e366_phys_0_eng_7_engtype_","utilization percentage","0"
"38.377","9996","pid_9996_luid_0x00000000_0x0000e366_phys_0_eng_8_engtype_","utilization percentage","0"
"38.377","9996","pid_9996_luid_0x00000000_0x0000e366_phys_0_eng_9_engtype_","utilization percentage","0"
"38.377","9996","pid_9996_luid_0x00000000_0x0000e366_phys_0","dedicated usage","0"
"38.377","9996","pid_9996_luid_0x00000000_0x0000e366_phys_0","shared usage","307908608"
"38.408","13672","pid_13672_luid_0x00000000_0x0000e366_phys_0_eng_0_engtype_3d","utilization percentage","29.0277015142818"
"38.408","13672","pid_13672_luid_0x00000000_0x0000e366_phys_0_eng_10_engtype_legacyoverlay","utilization percentage","0"
"38.408","13672","pid_13672_luid_0x00000000_0x0000e366_phys_0_eng_11_engtype_","utilization percentage","0"
"38.408","13672","pid_13672_luid_0x00000000_0x0000e366_phys_0_eng_12_engtype_","utilization percentage","0"
"38.408","13672","pid_13672_luid_0x00000000_0x0000e366_phys_0_eng_1_engtype_videodecode","utilization percentage","0"
"38.408","13672","pid_13672_luid_0x00000000_0x0000e366_phys_0_eng_2_engtype_copy","utilization percentage","0"
"38.408","13672","pid_13672_luid_0x00000000_0x0000e366_phys_0_eng_3_engtype_videoprocessing","utilization percentage","0"
"38.408","13672","pid_13672_luid_0x00000000_0x0000e366_phys_0_eng_4_engtype_videodecode","utilization percentage","6.4066500231672"
"38.408","13672","pid_13672_luid_0x00000000_0x0000e366_phys_0_eng_5_engtype_","utilization percentage","0"
"38.408","13672","pid_13672_luid_0x00000000_0x0000e366_phys_0_eng_6_engtype_","utilization percentage","0"
"38.408","13672","pid_13672_luid_0x00000000_0x0000e366_phys_0_eng_7_engtype_","utilization percentage","0"
"38.408","13672","pid_13672_luid_0x00000000_0x0000e366_phys_0_eng_8_engtype_","utilization percentage","0"
"38.408","13672","pid_13672_luid_0x00000000_0x0000e366_phys_0_eng_9_engtype_","utilization percentage","0"
"38.408","13672","pid_13672_luid_0x00000000_0x0000e366_phys_0","dedicated usage","0"
"38.408","13672","pid_13672_luid_0x00000000_0x0000e366_phys_0","shared usage","305123328"
"39.444","11436","pid_11436_luid_0x00000000_0x0000e366_phys_0_eng_0_engtype_3d","utilization percentage","4.18118434856562"
"39.444","11436","pid_11436_luid_0x00000000_0x0000e366_phys_0_eng_10_engtype_legacyoverlay","utilization percentage","0"
"39.444","11436","pid_11436_luid_0x00000000_0x0000e366_phys_0_eng_11_engtype_","utilization percentage","0"
"39.444","11436","pid_11436_luid_0x00000000_0x0000e366_phys_0_eng_12_engtype_","utilization percentage","0"
"39.444","11436","pid_11436_luid_0x00000000_0x0000e366_phys_0_eng_1_engtype_videodecode","utilization percentage","1.63782810083707"
"39.444","11436","pid_11436_luid_0x00000000_0x0000e366_phys_0_eng_2_engtype_copy","utilization percentage","0"
"39.444","11436","pid_11436_luid_0x00000000_0x0000e366_phys_0_eng_3_engtype_videoprocessing","utilization percentage","0"
"39.444","11436","pid_11436_luid_0x00000000_0x0000e366_phys_0_eng_4_engtype_videodecode","utilization percentage","0"
"39.444","11436","pid_11436_luid_0x00000000_0x0000e366_phys_0_eng_5_engtype_","utilization percentage","0"
"39.444","11436","pid_11436_luid_0x00000000_0x0000e366_phys_0_eng_6_engtype_","utilization percentage","0"
"39.444","11436","pid_11436_luid_0x00000000_0x0000e366_phys_0_eng_7_engtype_","utilization percentage","0"
"39.444","11436","pid_11436_luid_0x00000000_0x0000e366_phys_0_eng_8_engtype_","utilization percentage","0"
"39.444","11436","pid_11436_luid_0x00000000_0x0000e366_phys_0_eng_9_engtype_","utilization percentage","0"
"39.444","11436","pid_11436_luid_0x00000000_0x0000e366_phys_0","dedicated usage","0"
"39.444","11436","pid_11436_luid_0x00000000_0x0000e366_phys_0","shared usage","81387520"
"39.465","9996","pid_9996_luid_0x00000000_0x0000e366_phys_0_eng_0_engtype_3d","utilization percentage","28.0305139847947"
"39.465","9996","pid_9996_luid_0x00000000_0x0000e366_phys_0_eng_10_engtype_legacyoverlay","utilization percentage","0"
"39.465","9996","pid_9996_luid_0x00000000_0x0000e366_phys_0_eng_11_engtype_","utilization percentage","0"
"39.465","9996","pid_9996_luid_0x00000000_0x0000e366_phys_0_eng_12_engtype_","utilization percentage","0"
"39.465","9996","pid_9996_luid_0x00000000_0x0000e366_phys_0_eng_1_engtype_videodecode","utilization percentage","5.12692733262609"
"39.465","9996","pid_9996_luid_0x00000000_0x0000e366_phys_0_eng_2_engtype_copy","utilization percentage","0"
"39.465","9996","pid_9996_luid_0x00000000_0x0000e366_phys_0_eng_3_engtype_videoprocessing","utilization percentage","0"
"39.465","9996","pid_9996_luid_0x00000000_0x0000e366_phys_0_eng_4_engtype_videodecode","utilization percentage","0"
"39.465","9996","pid_9996_luid_0x00000000_0x0000e366_phys_0_eng_5_engtype_","utilization percentage","0"
"39.465","9996","pid_9996_luid_0x00000000_0x0000e366_phys_0_eng_6_engtype_","utilization percentage","0"
"39.465","9996","pid_9996_luid_0x00000000_0x0000e366_phys_0_eng_7_engtype_","utilization percentage","0"
"39.465","9996","pid_9996_luid_0x00000000_0x0000e366_phys_0_eng_8_engtype_","utilization percentage","0"
"39.465","9996","pid_9996_luid_0x00000000_0x0000e366_phys_0_eng_9_engtype_","utilization percentage","0"
"39.465","9996","pid_9996_luid_0x00000000_0x0000e366_phys_0","dedicated usage","0"
"39.465","9996","pid_9996_luid_0x00000000_0x0000e366_phys_0","shared usage","307908608"
"39.494","13672","pid_13672_luid_0x00000000_0x0000e366_phys_0_eng_0_engtype_3d","utilization percentage","28.9753557445143"
"39.494","13672","pid_13672_luid_0x00000000_0x0000e366_phys_0_eng_10_engtype_legacyoverlay","utilization percentage","0"
"39.494","13672","pid_13672_luid_0x00000000_0x0000e366_phys_0_eng_11_engtype_","utilization percentage","0"
"39.494","13672","pid_13672_luid_0x00000000_0x0000e366_phys_0_eng_12_engtype_","utilization percentage","0"
"39.494","13672","pid_13672_luid_0x00000000_0x0000e366_phys_0_eng_1_engtype_videodecode","utilization percentage","0"
"39.494","13672","pid_13672_luid_0x00000000_0x0000e366_phys_0_eng_2_engtype_copy","utilization percentage","0"
"39.494","13672","pid_13672_luid_0x00000000_0x0000e366_phys_0_eng_3_engtype_videoprocessing","utilization percentage","0"
"39.494","13672","pid_13672_luid_0x00000000_0x0000e366_phys_0_eng_4_engtype_videodecode","utilization percentage","6.13154417617796"
"39.494","13672","pid_13672_luid_0x00000000_0x0000e366_phys_0_eng_5_engtype_","utilization percentage","0"
"39.494","13672","pid_13672_luid_0x00000000_0x0000e366_phys_0_eng_6_engtype_","utilization percentage","0"
"39.494","13672","pid_13672_luid_0x00000000_0x0000e366_phys_0_eng_7_engtype_","utilization percentage","0"
"39.494","13672","pid_13672_luid_0x00000000_0x0000e366_phys_0_eng_8_engtype_","utilization percentage","0"
"39.494","13672","pid_13672_luid_0x00000000_0x0000e366_phys_0_eng_9_engtype_","utilization percentage","0"
"39.494","13672","pid_13672_luid_0x00000000_0x0000e366_phys_0","dedicated usage","0"
"39.494","13672","pid_13672_luid_0x00000000_0x0000e366_phys_0","shared usage","305123328"
"40.529","11436","pid_11436_luid_0x00000000_0x0000e366_phys_0_eng_0_engtype_3d","utilization percentage","4.1203857104839"
"40.529","11436","pid_11436_luid_0x00000000_0x0000e366_phys_0_eng_10_engtype_legacyoverlay","utilization percentage","0"
"40.529","11436","pid_11436_luid_0x00000000_0x0000e366_phys_0_eng_11_engtype_","utilization percentage","0"
"40.529","11436","pid_11436_luid_0x00000000_0x0000e366_phys_0_eng_12_engtype_","utilization percentage","0"
"40.529","11436","pid_11436_luid_0x00000000_0x0000e366_phys_0_eng_1_engtype_videodecode","utilization percentage","1.5858478862777"
"40.529","11436","pid_11436_luid_0x00000000_0x0000e366_phys_0_eng_2_engtype_copy","utilization percentage","0"
"40.529","11436","pid_11436_luid_0x00000000_0x0000e366_phys_0_eng_3_engtype_videoprocessing","utilization percentage","0"
"40.529","11436","pid_11436_luid_0x00000000_0x0000e366_phys_0_eng_4_engtype_videodecode","utilization percentage","0"
"40.529","11436","pid_11436_luid_0x00000000_0x0000e366_phys_0_eng_5_engtype_","utilization percentage","0"
"40.529","11436","pid_11436_luid_0x00000000_0x0000e366_phys_0_eng_6_engtype_","utilization percentage","0"
"40.529","11436","pid_11436_luid_0x00000000_0x0000e366_phys_0_eng_7_engtype_","utilization percentage","0"
"40.529","11436","pid_11436_luid_0x00000000_0x0000e366_phys_0_eng_8_engtype_","utilization percentage","0"
"40.529","11436","pid_11436_luid_0x00000000_0x0000e366_phys_0_eng_9_engtype_","utilization percentage","0"
"40.529","11436","pid_11436_luid_0x00000000_0x0000e366_phys_0","dedicated usage","0"
"40.529","11436","pid_11436_luid_0x00000000_0x0000e366_phys_0","shared usage","81387520"
"40.54","9996","pid_9996_luid_0x00000000_0x0000e366_phys_0_eng_0_engtype_3d","utilization percentage","27.3975614854012"
"40.54","9996","pid_9996_luid_0x00000000_0x0000e366_phys_0_eng_10_engtype_legacyoverlay","utilization percentage","0"
"40.54","9996","pid_9996_luid_0x00000000_0x0000e366_phys_0_eng_11_engtype_","utilization percentage","0"
"40.54","9996","pid_9996_luid_0x00000000_0x0000e366_phys_0_eng_12_engtype_","utilization percentage","0"
"40.54","9996","pid_9996_luid_0x00000000_0x0000e366_phys_0_eng_1_engtype_videodecode","utilization percentage","5.21735710073973"
"40.54","9996","pid_9996_luid_0x00000000_0x0000e366_phys_0_eng_2_engtype_copy","utilization percentage","0"
"40.54","9996","pid_9996_luid_0x00000000_0x0000e366_phys_0_eng_3_engtype_videoprocessing","utilization percentage","0"
"40.54","9996","pid_9996_luid_0x00000000_0x0000e366_phys_0_eng_4_engtype_videodecode","utilization percentage","0"
"40.54","9996","pid_9996_luid_0x00000000_0x0000e366_phys_0_eng_5_engtype_","utilization percentage","0"
"40.54","9996","pid_9996_luid_0x00000000_0x0000e366_phys_0_eng_6_engtype_","utilization percentage","0"
"40.54","9996","pid_9996_luid_0x00000000_0x0000e366_phys_0_eng_7_engtype_","utilization percentage","0"
"40.54","9996","pid_9996_luid_0x00000000_0x0000e366_phys_0_eng_8_engtype_","utilization percentage","0"
"40.54","9996","pid_9996_luid_0x00000000_0x0000e366_phys_0_eng_9_engtype_","utilization percentage","0"
"40.54","9996","pid_9996_luid_0x00000000_0x0000e366_phys_0","dedicated usage","0"
"40.54","9996","pid_9996_luid_0x00000000_0x0000e366_phys_0","shared usage","307908608"
"40.552","13672","pid_13672_luid_0x00000000_0x0000e366_phys_0_eng_0_engtype_3d","utilization percentage","28.6319628928821"
"40.552","13672","pid_13672_luid_0x00000000_0x0000e366_phys_0_eng_10_engtype_legacyoverlay","utilization percentage","0"
"40.552","13672","pid_13672_luid_0x00000000_0x0000e366_phys_0_eng_11_engtype_","utilization percentage","0"
"40.552","13672","pid_13672_luid_0x00000000_0x0000e366_phys_0_eng_12_engtype_","utilization percentage","0"
"40.552","13672","pid_13672_luid_0x00000000_0x0000e366_phys_0_eng_1_engtype_videodecode","utilization percentage","0"
"40.552","13672","pid_13672_luid_0x00000000_0x0000e366_phys_0_eng_2_engtype_copy","utilization percentage","0"
"40.552","13672","pid_13672_luid_0x00000000_0x0000e366_phys_0_eng_3_engtype_videoprocessing","utilization percentage","0"
"40.552","13672","pid_13672_luid_0x00000000_0x0000e366_phys_0_eng_4_engtype_videodecode","utilization percentage","6.25447978653072"
"40.552","13672","pid_13672_luid_0x00000000_0x0000e366_phys_0_eng_5_engtype_","utilization percentage","0"
"40.552","13672","pid_13672_luid_0x00000000_0x0000e366_phys_0_eng_6_engtype_","utilization percentage","0"
"40.552","13672","pid_13672_luid_0x00000000_0x0000e366_phys_0_eng_7_engtype_","utilization percentage","0"
"40.552","13672","pid_13672_luid_0x00000000_0x0000e366_phys_0_eng_8_engtype_","utilization percentage","0"
"40.552","13672","pid_13672_luid_0x00000000_0x0000e366_phys_0_eng_9_engtype_","utilization percentage","0"
"40.552","13672","pid_13672_luid_0x00000000_0x0000e366_phys_0","dedicated usage","0"
"40.552","13672","pid_13672_luid_0x00000000_0x0000e366_phys_0","shared usage","305123328"
"41.581","11436","pid_11436_luid_0x00000000_0x0000e366_phys_0_eng_0_engtype_3d","utilization percentage","4.28652953280096"
"41.581","11436","pid_11436_luid_0x00000000_0x0000e366_phys_0_eng_10_engtype_legacyoverlay","utilization percentage","0"
"41.581","11436","pid_11436_luid_0x00000000_0x0000e366_phys_0_eng_11_engtype_","utilization percentage","0"
"41.581","11436","pid_11436_luid_0x00000000_0x0000e366_phys_0_eng_12_engtype_","utilization percentage","0"
"41.581","11436","pid_11436_luid_0x00000000_0x0000e366_phys_0_eng_1_engtype_videodecode","utilization percentage","1.25439695722196"
"41.581","11436","pid_11436_luid_0x00000000_0x0000e366_phys_0_eng_2_engtype_copy","utilization percentage","0"
"41.581","11436","pid_11436_luid_0x00000000_0x0000e366_phys_0_eng_3_engtype_videoprocessing","utilization percentage","0"
"41.581","11436","pid_11436_luid_0x00000000_0x0000e366_phys_0_eng_4_engtype_videodecode","utilization percentage","0"
"41.581","11436","pid_11436_luid_0x00000000_0x0000e366_phys_0_eng_5_engtype_","utilization percentage","0"
"41.581","11436","pid_11436_luid_0x00000000_0x0000e366_phys_0_eng_6_engtype_","utilization percentage","0"
"41.581","11436","pid_11436_luid_0x00000000_0x0000e366_phys_0_eng_7_engtype_","utilization percentage","0"
"41.581","11436","pid_11436_luid_0x00000000_0x0000e366_phys_0_eng_8_engtype_","utilization percentage","0"
"41.581","11436","pid_11436_luid_0x00000000_0x0000e366_phys_0_eng_9_engtype_","utilization percentage","0"
"41.581","11436","pid_11436_luid_0x00000000_0x0000e366_phys_0","dedicated usage","0"
"41.581","11436","pid_11436_luid_0x00000000_0x0000e366_phys_0","shared usage","81387520"
"41.603","9996","pid_9996_luid_0x00000000_0x0000e366_phys_0_eng_0_engtype_3d","utilization percentage","27.7681060349141"
"41.603","9996","pid_9996_luid_0x00000000_0x0000e366_phys_0_eng_10_engtype_legacyoverlay","utilization percentage","0"
"41.603","9996","pid_9996_luid_0x00000000_0x0000e366_phys_0_eng_11_engtype_","utilization percentage","0"
"41.603","9996","pid_9996_luid_0x00000000_0x0000e366_phys_0_eng_12_engtype_","utilization percentage","0"
"41.603","9996","pid_9996_luid_0x00000000_0x0000e366_phys_0_eng_1_engtype_videodecode","utilization percentage","4.9532968244578"
"41.603","9996","pid_9996_luid_0x00000000_0x0000e366_phys_0_eng_2_engtype_copy","utilization percentage","0"
"41.603","9996","pid_9996_luid_0x00000000_0x0000e366_phys_0_eng_3_engtype_videoprocessing","utilization percentage","0"
"41.603","9996","pid_9996_luid_0x00000000_0x0000e366_phys_0_eng_4_engtype_videodecode","utilization percentage","0"
"41.603","9996","pid_9996_luid_0x00000000_0x0000e366_phys_0_eng_5_engtype_","utilization percentage","0"
"41.603","9996","pid_9996_luid_0x00000000_0x0000e366_phys_0_eng_6_engtype_","utilization percentage","0"
"41.603","9996","pid_9996_luid_0x00000000_0x0000e366_phys_0_eng_7_engtype_","utilization percentage","0"
"41.603","9996","pid_9996_luid_0x00000000_0x0000e366_phys_0_eng_8_engtype_","utilization percentage","0"
"41.603","9996","pid_9996_luid_0x00000000_0x0000e366_phys_0_eng_9_engtype_","utilization percentage","0"
"41.603","9996","pid_9996_luid_0x00000000_0x0000e366_phys_0","dedicated usage","0"
"41.603","9996","pid_9996_luid_0x00000000_0x0000e366_phys_0","shared usage","307908608"
"41.625","13672","pid_13672_luid_0x00000000_0x0000e366_phys_0_eng_0_engtype_3d","utilization percentage","28.3895160419553"
"41.625","13672","pid_13672_luid_0x00000000_0x0000e366_phys_0_eng_10_engtype_legacyoverlay","utilization percentage","0"
"41.625","13672","pid_13672_luid_0x00000000_0x0000e366_phys_0_eng_11_engtype_","utilization percentage","0"
"41.625","13672","pid_13672_luid_0x00000000_0x0000e366_phys_0_eng_12_engtype_","utilization percentage","0"
"41.625","13672","pid_13672_luid_0x00000000_0x0000e366_phys_0_eng_1_engtype_videodecode","utilization percentage","0"
"41.625","13672","pid_13672_luid_0x00000000_0x0000e366_phys_0_eng_2_engtype_copy","utilization percentage","0"
"41.625","13672","pid_13672_luid_0x00000000_0x0000e366_phys_0_eng_3_engtype_videoprocessing","utilization percentage","0"
"41.625","13672","pid_13672_luid_0x00000000_0x0000e366_phys_0_eng_4_engtype_videodecode","utilization percentage","6.27498832800807"
"41.625","13672","pid_13672_luid_0x00000000_0x0000e366_phys_0_eng_5_engtype_","utilization percentage","0"
"41.625","13672","pid_13672_luid_0x00000000_0x0000e366_phys_0_eng_6_engtype_","utilization percentage","0"
"41.625","13672","pid_13672_luid_0x00000000_0x0000e366_phys_0_eng_7_engtype_","utilization percentage","0"
"41.625","13672","pid_13672_luid_0x00000000_0x0000e366_phys_0_eng_8_engtype_","utilization percentage","0"
"41.625","13672","pid_13672_luid_0x00000000_0x0000e366_phys_0_eng_9_engtype_","utilization percentage","0"
"41.625","13672","pid_13672_luid_0x00000000_0x0000e366_phys_0","dedicated usage","0"
"41.625","13672","pid_13672_luid_0x00000000_0x0000e366_phys_0","shared usage","305123328"
"42.652","11436","pid_11436_luid_0x00000000_0x0000e366_phys_0_eng_0_engtype_3d","utilization percentage","4.15654220852412"
"42.652","11436","pid_11436_luid_0x00000000_0x0000e366_phys_0_eng_10_engtype_legacyoverlay","utilization percentage","0"
"42.652","11436","pid_11436_luid_0x00000000_0x0000e366_phys_0_eng_11_engtype_","utilization percentage","0"
"42.652","11436","pid_11436_luid_0x00000000_0x0000e366_phys_0_eng_12_engtype_","utilization percentage","0"
"42.652","11436","pid_11436_luid_0x00000000_0x0000e366_phys_0_eng_1_engtype_videodecode","utilization percentage","1.39932916509497"
"42.652","11436","pid_11436_luid_0x00000000_0x0000e366_phys_0_eng_2_engtype_copy","utilization percentage","0"
"42.652","11436","pid_11436_luid_0x00000000_0x0000e366_phys_0_eng_3_engtype_videoprocessing","utilization percentage","0"
"42.652","11436","pid_11436_luid_0x00000000_0x0000e366_phys_0_eng_4_engtype_videodecode","utilization percentage","0"
"42.652","11436","pid_11436_luid_0x00000000_0x0000e366_phys_0_eng_5_engtype_","utilization percentage","0"
"42.652","11436","pid_11436_luid_0x00000000_0x0000e366_phys_0_eng_6_engtype_","utilization percentage","0"
"42.652","11436","pid_11436_luid_0x00000000_0x0000e366_phys_0_eng_7_engtype_","utilization percentage","0"
"42.652","11436","pid_11436_luid_0x00000000_0x0000e366_phys_0_eng_8_engtype_","utilization percentage","0"
"42.652","11436","pid_11436_luid_0x00000000_0x0000e366_phys_0_eng_9_engtype_","utilization percentage","0"
"42.652","11436","pid_11436_luid_0x00000000_0x0000e366_phys_0","dedicated usage","0"
"42.652","11436","pid_11436_luid_0x00000000_0x0000e366_phys_0","shared usage","81387520"
"42.662","9996","pid_9996_luid_0x00000000_0x0000e366_phys_0_eng_0_engtype_3d","utilization percentage","27.530115741564"
"42.662","9996","pid_9996_luid_0x00000000_0x0000e366_phys_0_eng_10_engtype_legacyoverlay","utilization percentage","0"
"42.662","9996","pid_9996_luid_0x00000000_0x0000e366_phys_0_eng_11_engtype_","utilization percentage","0"
"42.662","9996","pid_9996_luid_0x00000000_0x0000e366_phys_0_eng_12_engtype_","utilization percentage","0"
"42.662","9996","pid_9996_luid_0x00000000_0x0000e366_phys_0_eng_1_engtype_videodecode","utilization percentage","5.06635026363963"
"42.662","9996","pid_9996_luid_0x00000000_0x0000e366_phys_0_eng_2_engtype_copy","utilization percentage","0"
"42.662","9996","pid_9996_luid_0x00000000_0x0000e366_phys_0_eng_3_engtype_videoprocessing","utilization percentage","0"
"42.662","9996","pid_9996_luid_0x00000000_0x0000e366_phys_0_eng_4_engtype_videodecode","utilization percentage","0"
"42.662","9996","pid_9996_luid_0x00000000_0x0000e366_phys_0_eng_5_engtype_","utilization percentage","0"
"42.662","9996","pid_9996_luid_0x00000000_0x0000e366_phys_0_eng_6_engtype_","utilization percentage","0"
"42.662","9996","pid_9996_luid_0x00000000_0x0000e366_phys_0_eng_7_engtype_","utilization percentage","0"
"42.662","9996","pid_9996_luid_0x00000000_0x0000e366_phys_0_eng_8_engtype_","utilization percentage","0"
"42.662","9996","pid_9996_luid_0x00000000_0x0000e366_phys_0_eng_9_engtype_","utilization percentage","0"
"42.662","9996","pid_9996_luid_0x00000000_0x0000e366_phys_0","dedicated usage","0"
"42.662","9996","pid_9996_luid_0x00000000_0x0000e366_phys_0","shared usage","307908608"
"42.689","13672","pid_13672_luid_0x00000000_0x0000e366_phys_0_eng_0_engtype_3d","utilization percentage","28.6063770294539"
"42.689","13672","pid_13672_luid_0x00000000_0x0000e366_phys_0_eng_10_engtype_legacyoverlay","utilization percentage","0"
"42.689","13672","pid_13672_luid_0x00000000_0x0000e366_phys_0_eng_11_engtype_","utilization percentage","0"
"42.689","13672","pid_13672_luid_0x00000000_0x0000e366_phys_0_eng_12_engtype_","utilization percentage","0"
"42.689","13672","pid_13672_luid_0x00000000_0x0000e366_phys_0_eng_1_engtype_videodecode","utilization percentage","0"
"42.689","13672","pid_13672_luid_0x00000000_0x0000e366_phys_0_eng_2_engtype_copy","utilization percentage","0"
"42.689","13672","pid_13672_luid_0x00000000_0x0000e366_phys_0_eng_3_engtype_videoprocessing","utilization percentage","0"
"42.689","13672","pid_13672_luid_0x00000000_0x0000e366_phys_0_eng_4_engtype_videodecode","utilization percentage","6.3442839435265"
"42.689","13672","pid_13672_luid_0x00000000_0x0000e366_phys_0_eng_5_engtype_","utilization percentage","0"
"42.689","13672","pid_13672_luid_0x00000000_0x0000e366_phys_0_eng_6_engtype_","utilization percentage","0"
"42.689","13672","pid_13672_luid_0x00000000_0x0000e366_phys_0_eng_7_engtype_","utilization percentage","0"
"42.689","13672","pid_13672_luid_0x00000000_0x0000e366_phys_0_eng_8_engtype_","utilization percentage","0"
"42.689","13672","pid_13672_luid_0x00000000_0x0000e366_phys_0_eng_9_engtype_","utilization percentage","0"
"42.689","13672","pid_13672_luid_0x00000000_0x0000e366_phys_0","dedicated usage","0"
"42.689","13672","pid_13672_luid_0x00000000_0x0000e366_phys_0","shared usage","305123328"
"43.719","11436","pid_11436_luid_0x00000000_0x0000e366_phys_0_eng_0_engtype_3d","utilization percentage","4.14771669982092"
"43.719","11436","pid_11436_luid_0x00000000_0x0000e366_phys_0_eng_10_engtype_legacyoverlay","utilization percentage","0"
"43.719","11436","pid_11436_luid_0x00000000_0x0000e366_phys_0_eng_11_engtype_","utilization percentage","0"
"43.719","11436","pid_11436_luid_0x00000000_0x0000e366_phys_0_eng_12_engtype_","utilization percentage","0"
"43.719","11436","pid_11436_luid_0x00000000_0x0000e366_phys_0_eng_1_engtype_videodecode","utilization percentage","1.60668012306199"
"43.719","11436","pid_11436_luid_0x00000000_0x0000e366_phys_0_eng_2_engtype_copy","utilization percentage","0"
"43.719","11436","pid_11436_luid_0x00000000_0x0000e366_phys_0_eng_3_engtype_videoprocessing","utilization percentage","0"
"43.719","11436","pid_11436_luid_0x00000000_0x0000e366_phys_0_eng_4_engtype_videodecode","utilization percentage","0"
"43.719","11436","pid_11436_luid_0x00000000_0x0000e366_phys_0_eng_5_engtype_","utilization percentage","0"
"43.719","11436","pid_11436_luid_0x00000000_0x0000e366_phys_0_eng_6_engtype_","utilization percentage","0"
"43.719","11436","pid_11436_luid_0x00000000_0x0000e366_phys_0_eng_7_engtype_","utilization percentage","0"
"43.719","11436","pid_11436_luid_0x00000000_0x0000e366_phys_0_eng_8_engtype_","utilization percentage","0"
"43.719","11436","pid_11436_luid_0x00000000_0x0000e366_phys_0_eng_9_engtype_","utilization percentage","0"
"43.719","11436","pid_11436_luid_0x00000000_0x0000e366_phys_0","dedicated usage","0"
"43.719","11436","pid_11436_luid_0x00000000_0x0000e366_phys_0","shared usage","81387520"
"43.744","9996","pid_9996_luid_0x00000000_0x0000e366_phys_0_eng_0_engtype_3d","utilization percentage","27.5354203850536"
"43.744","9996","pid_9996_luid_0x00000000_0x0000e366_phys_0_eng_10_engtype_legacyoverlay","utilization percentage","0"
"43.744","9996","pid_9996_luid_0x00000000_0x0000e366_phys_0_eng_11_engtype_","utilization percentage","0"
"43.744","9996","pid_9996_luid_0x00000000_0x0000e366_phys_0_eng_12_engtype_","utilization percentage","0"
"43.744","9996","pid_9996_luid_0x00000000_0x0000e366_phys_0_eng_1_engtype_videodecode","utilization percentage","5.1089747117864"
"43.744","9996","pid_9996_luid_0x00000000_0x0000e366_phys_0_eng_2_engtype_copy","utilization percentage","0"
"43.744","9996","pid_9996_luid_0x00000000_0x0000e366_phys_0_eng_3_engtype_videoprocessing","utilization percentage","0"
"43.744","9996","pid_9996_luid_0x00000000_0x0000e366_phys_0_eng_4_engtype_videodecode","utilization percentage","0"
"43.744","9996","pid_9996_luid_0x00000000_0x0000e366_phys_0_eng_5_engtype_","utilization percentage","0"
"43.744","9996","pid_9996_luid_0x00000000_0x0000e366_phys_0_eng_6_engtype_","utilization percentage","0"
"43.744","9996","pid_9996_luid_0x00000000_0x0000e366_phys_0_eng_7_engtype_","utilization percentage","0"
"43.744","9996","pid_9996_luid_0x00000000_0x0000e366_phys_0_eng_8_engtype_","utilization percentage","0"
"43.744","9996","pid_9996_luid_0x00000000_0x0000e366_phys_0_eng_9_engtype_","utilization percentage","0"
"43.744","9996","pid_9996_luid_0x00000000_0x0000e366_phys_0","dedicated usage","0"
"43.744","9996","pid_9996_luid_0x00000000_0x0000e366_phys_0","shared usage","307908608"
"43.765","13672","pid_13672_luid_0x00000000_0x0000e366_phys_0_eng_0_engtype_3d","utilization percentage","29.0097175093013"
"43.765","13672","pid_13672_luid_0x00000000_0x0000e366_phys_0_eng_10_engtype_legacyoverlay","utilization percentage","0"
"43.765","13672","pid_13672_luid_0x00000000_0x0000e366_phys_0_eng_11_engtype_","utilization percentage","0"
"43.765","13672","pid_13672_luid_0x00000000_0x0000e366_phys_0_eng_12_engtype_","utilization percentage","0"
"43.765","13672","pid_13672_luid_0x00000000_0x0000e366_phys_0_eng_1_engtype_videodecode","utilization percentage","0"
"43.765","13672","pid_13672_luid_0x00000000_0x0000e366_phys_0_eng_2_engtype_copy","utilization percentage","0"
"43.765","13672","pid_13672_luid_0x00000000_0x0000e366_phys_0_eng_3_engtype_videoprocessing","utilization percentage","0"
"43.765","13672","pid_13672_luid_0x00000000_0x0000e366_phys_0_eng_4_engtype_videodecode","utilization percentage","6.43249580938496"
"43.765","13672","pid_13672_luid_0x00000000_0x0000e366_phys_0_eng_5_engtype_","utilization percentage","0"
"43.765","13672","pid_13672_luid_0x00000000_0x0000e366_phys_0_eng_6_engtype_","utilization percentage","0"
"43.765","13672","pid_13672_luid_0x00000000_0x0000e366_phys_0_eng_7_engtype_","utilization percentage","0"
"43.765","13672","pid_13672_luid_0x00000000_0x0000e366_phys_0_eng_8_engtype_","utilization percentage","0"
"43.765","13672","pid_13672_luid_0x00000000_0x0000e366_phys_0_eng_9_engtype_","utilization percentage","0"
"43.765","13672","pid_13672_luid_0x00000000_0x0000e366_phys_0","dedicated usage","0"
"43.765","13672","pid_13672_luid_0x00000000_0x0000e366_phys_0","shared usage","305123328"
"44.796","11436","pid_11436_luid_0x00000000_0x0000e366_phys_0_eng_0_engtype_3d","utilization percentage","4.36274742792895"
"44.796","11436","pid_11436_luid_0x00000000_0x0000e366_phys_0_eng_10_engtype_legacyoverlay","utilization percentage","0"
"44.796","11436","pid_11436_luid_0x00000000_0x0000e366_phys_0_eng_11_engtype_","utilization percentage","0"
"44.796","11436","pid_11436_luid_0x00000000_0x0000e366_phys_0_eng_12_engtype_","utilization percentage","0"
"44.796","11436","pid_11436_luid_0x00000000_0x0000e366_phys_0_eng_1_engtype_videodecode","utilization percentage","1.53195547904082"
"44.796","11436","pid_11436_luid_0x00000000_0x0000e366_phys_0_eng_2_engtype_copy","utilization percentage","0"
"44.796","11436","pid_11436_luid_0x00000000_0x0000e366_phys_0_eng_3_engtype_videoprocessing","utilization percentage","0"
"44.796","11436","pid_11436_luid_0x00000000_0x0000e366_phys_0_eng_4_engtype_videodecode","utilization percentage","0"
"44.796","11436","pid_11436_luid_0x00000000_0x0000e366_phys_0_eng_5_engtype_","utilization percentage","0"
"44.796","11436","pid_11436_luid_0x00000000_0x0000e366_phys_0_eng_6_engtype_","utilization percentage","0"
"44.796","11436","pid_11436_luid_0x00000000_0x0000e366_phys_0_eng_7_engtype_","utilization percentage","0"
"44.796","11436","pid_11436_luid_0x00000000_0x0000e366_phys_0_eng_8_engtype_","utilization percentage","0"
"44.796","11436","pid_11436_luid_0x00000000_0x0000e366_phys_0_eng_9_engtype_","utilization percentage","0"
"44.796","11436","pid_11436_luid_0x00000000_0x0000e366_phys_0","dedicated usage","0"
"44.796","11436","pid_11436_luid_0x00000000_0x0000e366_phys_0","shared usage","81387520"
"44.807","9996","pid_9996_luid_0x00000000_0x0000e366_phys_0_eng_0_engtype_3d","utilization percentage","27.5216509175149"
"44.807","9996","pid_9996_luid_0x00000000_0x0000e366_phys_0_eng_10_engtype_legacyoverlay","utilization percentage","0"
"44.807","9996","pid_9996_luid_0x00000000_0x0000e366_phys_0_eng_11_engtype_","utilization percentage","0"
"44.807","9996","pid_9996_luid_0x00000000_0x0000e366_phys_0_eng_12_engtype_","utilization percentage","0"
"44.807","9996","pid_9996_luid_0x00000000_0x0000e366_phys_0_eng_1_engtype_videodecode","utilization percentage","5.12175382733083"
"44.807","9996","pid_9996_luid_0x00000000_0x0000e366_phys_0_eng_2_engtype_copy","utilization percentage","0"
"44.807","9996","pid_9996_luid_0x00000000_0x0000e366_phys_0_eng_3_engtype_videoprocessing","utilization percentage","0"
"44.807","9996","pid_9996_luid_0x00000000_0x0000e366_phys_0_eng_4_engtype_videodecode","utilization percentage","0"
"44.807","9996","pid_9996_luid_0x00000000_0x0000e366_phys_0_eng_5_engtype_","utilization percentage","0"
"44.807","9996","pid_9996_luid_0x00000000_0x0000e366_phys_0_eng_6_engtype_","utilization percentage","0"
"44.807","9996","pid_9996_luid_0x00000000_0x0000e366_phys_0_eng_7_engtype_","utilization percentage","0"
"44.807","9996","pid_9996_luid_0x00000000_0x0000e366_phys_0_eng_8_engtype_","utilization percentage","0"
"44.807","9996","pid_9996_luid_0x00000000_0x0000e366_phys_0_eng_9_engtype_","utilization percentage","0"
"44.807","9996","pid_9996_luid_0x00000000_0x0000e366_phys_0","dedicated usage","0"
"44.807","9996","pid_9996_luid_0x00000000_0x0000e366_phys_0","shared usage","307908608"
"44.818","13672","pid_13672_luid_0x00000000_0x0000e366_phys_0_eng_0_engtype_3d","utilization percentage","28.7686976318186"
"44.818","13672","pid_13672_luid_0x00000000_0x0000e366_phys_0_eng_10_engtype_legacyoverlay","utilization percentage","0"
"44.818","13672","pid_13672_luid_0x00000000_0x0000e366_phys_0_eng_11_engtype_","utilization percentage","0"
"44.818","13672","pid_13672_luid_0x00000000_0x0000e366_phys_0_eng_12_engtype_","utilization percentage","0"
"44.818","13672","pid_13672_luid_0x00000000_0x0000e366_phys_0_eng_1_engtype_videodecode","utilization percentage","0"
"44.818","13672","pid_13672_luid_0x00000000_0x0000e366_phys_0_eng_2_engtype_copy","utilization percentage","0"
"44.818","13672","pid_13672_luid_0x00000000_0x0000e366_phys_0_eng_3_engtype_videoprocessing","utilization percentage","0"
"44.818","13672","pid_13672_luid_0x00000000_0x0000e366_phys_0_eng_4_engtype_videodecode","utilization percentage","6.93512077439823"
"44.818","13672","pid_13672_luid_0x00000000_0x0000e366_phys_0_eng_5_engtype_","utilization percentage","0"
"44.818","13672","pid_13672_luid_0x00000000_0x0000e366_phys_0_eng_6_engtype_","utilization percentage","0"
"44.818","13672","pid_13672_luid_0x00000000_0x0000e366_phys_0_eng_7_engtype_","utilization percentage","0"
"44.818","13672","pid_13672_luid_0x00000000_0x0000e366_phys_0_eng_8_engtype_","utilization percentage","0"
"44.818","13672","pid_13672_luid_0x00000000_0x0000e366_phys_0_eng_9_engtype_","utilization percentage","0"
"44.818","13672","pid_13672_luid_0x00000000_0x0000e366_phys_0","dedicated usage","0"
"44.818","13672","pid_13672_luid_0x00000000_0x0000e366_phys_0","shared usage","305123328"
"45.84","11436","pid_11436_luid_0x00000000_0x0000e366_phys_0_eng_0_engtype_3d","utilization percentage","4.39747048192004"
"45.84","11436","pid_11436_luid_0x00000000_0x0000e366_phys_0_eng_10_engtype_legacyoverlay","utilization percentage","0"
"45.84","11436","pid_11436_luid_0x00000000_0x0000e366_phys_0_eng_11_engtype_","utilization percentage","0"
"45.84","11436","pid_11436_luid_0x00000000_0x0000e366_phys_0_eng_12_engtype_","utilization percentage","0"
"45.84","11436","pid_11436_luid_0x00000000_0x0000e366_phys_0_eng_1_engtype_videodecode","utilization percentage","1.58064727029972"
"45.84","11436","pid_11436_luid_0x00000000_0x0000e366_phys_0_eng_2_engtype_copy","utilization percentage","0"
"45.84","11436","pid_11436_luid_0x00000000_0x0000e366_phys_0_eng_3_engtype_videoprocessing","utilization percentage","0"
"45.84","11436","pid_11436_luid_0x00000000_0x0000e366_phys_0_eng_4_engtype_videodecode","utilization percentage","0"
"45.84","11436","pid_11436_luid_0x00000000_0x0000e366_phys_0_eng_5_engtype_","utilization percentage","0"
"45.84","11436","pid_11436_luid_0x00000000_0x0000e366_phys_0_eng_6_engtype_","utilization percentage","0"
"45.84","11436","pid_11436_luid_0x00000000_0x0000e366_phys_0_eng_7_engtype_","utilization percentage","0"
"45.84","11436","pid_11436_luid_0x00000000_0x0000e366_phys_0_eng_8_engtype_","utilization percentage","0"
"45.84","11436","pid_11436_luid_0x00000000_0x0000e366_phys_0_eng_9_engtype_","utilization percentage","0"
"45.84","11436","pid_11436_luid_0x00000000_0x0000e366_phys_0","dedicated usage","0"
"45.84","11436","pid_11436_luid_0x00000000_0x0000e366_phys_0","shared usage","81387520"
"45.853","9996","pid_9996_luid_0x00000000_0x0000e366_phys_0_eng_0_engtype_3d","utilization percentage","27.9084762671737"
"45.853","9996","pid_9996_luid_0x00000000_0x0000e366_phys_0_eng_10_engtype_legacyoverlay","utilization percentage","0"
"45.853","9996","pid_9996_luid_0x00000000_0x0000e366_phys_0_eng_11_engtype_","utilization percentage","0"
"45.853","9996","pid_9996_luid_0x00000000_0x0000e366_phys_0_eng_12_engtype_","utilization percentage","0"
"45.853","9996","pid_9996_luid_0x00000000_0x0000e366_phys_0_eng_1_engtype_videodecode","utilization percentage","5.20928408910231"
"45.853","9996","pid_9996_luid_0x00000000_0x0000e366_phys_0_eng_2_engtype_copy","utilization percentage","0"
"45.853","9996","pid_9996_luid_0x00000000_0x0000e366_phys_0_eng_3_engtype_videoprocessing","utilization percentage","0"
"45.853","9996","pid_9996_luid_0x00000000_0x0000e366_phys_0_eng_4_engtype_videodecode","utilization percentage","0"
"45.853","9996","pid_9996_luid_0x00000000_0x0000e366_phys_0_eng_5_engtype_","utilization percentage","0"
"45.853","9996","pid_9996_luid_0x00000000_0x0000e366_phys_0_eng_6_engtype_","utilization percentage","0"
"45.853","9996","pid_9996_luid_0x00000000_0x0000e366_phys_0_eng_7_engtype_","utilization percentage","0"
"45.853","9996","pid_9996_luid_0x00000000_0x0000e366_phys_0_eng_8_engtype_","utilization percentage","0"
"45.853","9996","pid_9996_luid_0x00000000_0x0000e366_phys_0_eng_9_engtype_","utilization percentage","0"
"45.853","9996","pid_9996_luid_0x00000000_0x0000e366_phys_0","dedicated usage","0"
"45.853","9996","pid_9996_luid_0x00000000_0x0000e366_phys_0","shared usage","307908608"
"45.879","13672","pid_13672_luid_0x00000000_0x0000e366_phys_0_eng_0_engtype_3d","utilization percentage","28.3888369694143"
"45.879","13672","pid_13672_luid_0x00000000_0x0000e366_phys_0_eng_10_engtype_legacyoverlay","utilization percentage","0"
"45.879","13672","pid_13672_luid_0x00000000_0x0000e366_phys_0_eng_11_engtype_","utilization percentage","0"
"45.879","13672","pid_13672_luid_0x00000000_0x0000e366_phys_0_eng_12_engtype_","utilization percentage","0"
"45.879","13672","pid_13672_luid_0x00000000_0x0000e366_phys_0_eng_1_engtype_videodecode","utilization percentage","0"
"45.879","13672","pid_13672_luid_0x00000000_0x0000e366_phys_0_eng_2_engtype_copy","utilization percentage","0"
"45.879","13672","pid_13672_luid_0x00000000_0x0000e366_phys_0_eng_3_engtype_videoprocessing","utilization percentage","0"
"45.879","13672","pid_13672_luid_0x00000000_0x0000e366_phys_0_eng_4_engtype_videodecode","utilization percentage","6.26138334348164"
"45.879","13672","pid_13672_luid_0x00000000_0x0000e366_phys_0_eng_5_engtype_","utilization percentage","0"
"45.879","13672","pid_13672_luid_0x00000000_0x0000e366_phys_0_eng_6_engtype_","utilization percentage","0"
"45.879","13672","pid_13672_luid_0x00000000_0x0000e366_phys_0_eng_7_engtype_","utilization percentage","0"
"45.879","13672","pid_13672_luid_0x00000000_0x0000e366_phys_0_eng_8_engtype_","utilization percentage","0"
"45.879","13672","pid_13672_luid_0x00000000_0x0000e366_phys_0_eng_9_engtype_","utilization percentage","0"
"45.879","13672","pid_13672_luid_0x00000000_0x0000e366_phys_0","dedicated usage","0"
"45.879","13672","pid_13672_luid_0x00000000_0x0000e366_phys_0","shared usage","305123328"
"46.912","11436","pid_11436_luid_0x00000000_0x0000e366_phys_0_eng_0_engtype_3d","utilization percentage","4.38881104670817"
"46.912","11436","pid_11436_luid_0x00000000_0x0000e366_phys_0_eng_10_engtype_legacyoverlay","utilization percentage","0"
"46.912","11436","pid_11436_luid_0x00000000_0x0000e366_phys_0_eng_11_engtype_","utilization percentage","0"
"46.912","11436","pid_11436_luid_0x00000000_0x0000e366_phys_0_eng_12_engtype_","utilization percentage","0"
"46.912","11436","pid_11436_luid_0x00000000_0x0000e366_phys_0_eng_1_engtype_videodecode","utilization percentage","1.6873677891754"
"46.912","11436","pid_11436_luid_0x00000000_0x0000e366_phys_0_eng_2_engtype_copy","utilization percentage","0"
"46.912","11436","pid_11436_luid_0x00000000_0x0000e366_phys_0_eng_3_engtype_videoprocessing","utilization percentage","0"
"46.912","11436","pid_11436_luid_0x00000000_0x0000e366_phys_0_eng_4_engtype_videodecode","utilization percentage","0"
"46.912","11436","pid_11436_luid_0x00000000_0x0000e366_phys_0_eng_5_engtype_","utilization percentage","0"
"46.912","11436","pid_11436_luid_0x00000000_0x0000e366_phys_0_eng_6_engtype_","utilization percentage","0"
"46.912","11436","pid_11436_luid_0x00000000_0x0000e366_phys_0_eng_7_engtype_","utilization percentage","0"
"46.912","11436","pid_11436_luid_0x00000000_0x0000e366_phys_0_eng_8_engtype_","utilization percentage","0"
"46.912","11436","pid_11436_luid_0x00000000_0x0000e366_phys_0_eng_9_engtype_","utilization percentage","0"
"46.912","11436","pid_11436_luid_0x00000000_0x0000e366_phys_0","dedicated usage","0"
"46.912","11436","pid_11436_luid_0x00000000_0x0000e366_phys_0","shared usage","81387520"
"46.938","9996","pid_9996_luid_0x00000000_0x0000e366_phys_0_eng_0_engtype_3d","utilization percentage","27.4789051010639"
"46.938","9996","pid_9996_luid_0x00000000_0x0000e366_phys_0_eng_10_engtype_legacyoverlay","utilization percentage","0"
"46.938","9996","pid_9996_luid_0x00000000_0x0000e366_phys_0_eng_11_engtype_","utilization percentage","0"
"46.938","9996","pid_9996_luid_0x00000000_0x0000e366_phys_0_eng_12_engtype_","utilization percentage","0"
"46.938","9996","pid_9996_luid_0x00000000_0x0000e366_phys_0_eng_1_engtype_videodecode","utilization percentage","5.05989946467573"
"46.938","9996","pid_9996_luid_0x00000000_0x0000e366_phys_0_eng_2_engtype_copy","utilization percentage","0"
"46.938","9996","pid_9996_luid_0x00000000_0x0000e366_phys_0_eng_3_engtype_videoprocessing","utilization percentage","0"
"46.938","9996","pid_9996_luid_0x00000000_0x0000e366_phys_0_eng_4_engtype_videodecode","utilization percentage","0"
"46.938","9996","pid_9996_luid_0x00000000_0x0000e366_phys_0_eng_5_engtype_","utilization percentage","0"
"46.938","9996","pid_9996_luid_0x00000000_0x0000e366_phys_0_eng_6_engtype_","utilization percentage","0"
"46.938","9996","pid_9996_luid_0x00000000_0x0000e366_phys_0_eng_7_engtype_","utilization percentage","0"
"46.938","9996","pid_9996_luid_0x00000000_0x0000e366_phys_0_eng_8_engtype_","utilization percentage","0"
"46.938","9996","pid_9996_luid_0x00000000_0x0000e366_phys_0_eng_9_engtype_","utilization percentage","0"
"46.938","9996","pid_9996_luid_0x00000000_0x0000e366_phys_0","dedicated usage","0"
"46.938","9996","pid_9996_luid_0x00000000_0x0000e366_phys_0","shared usage","307908608"
"46.974","13672","pid_13672_luid_0x00000000_0x0000e366_phys_0_eng_0_engtype_3d","utilization percentage","29.0047249435857"
"46.974","13672","pid_13672_luid_0x00000000_0x0000e366_phys_0_eng_10_engtype_legacyoverlay","utilization percentage","0"
"46.974","13672","pid_13672_luid_0x00000000_0x0000e366_phys_0_eng_11_engtype_","utilization percentage","0"
"46.974","13672","pid_13672_luid_0x00000000_0x0000e366_phys_0_eng_12_engtype_","utilization percentage","0"
"46.974","13672","pid_13672_luid_0x00000000_0x0000e366_phys_0_eng_1_engtype_videodecode","utilization percentage","0"
"46.974","13672","pid_13672_luid_0x00000000_0x0000e366_phys_0_eng_2_engtype_copy","utilization percentage","0"
"46.974","13672","pid_13672_luid_0x00000000_0x0000e366_phys_0_eng_3_engtype_videoprocessing","utilization percentage","0"
"46.974","13672","pid_13672_luid_0x00000000_0x0000e366_phys_0_eng_4_engtype_videodecode","utilization percentage","5.96914946906486"
"46.974","13672","pid_13672_luid_0x00000000_0x0000e366_phys_0_eng_5_engtype_","utilization percentage","0"
"46.974","13672","pid_13672_luid_0x00000000_0x0000e366_phys_0_eng_6_engtype_","utilization percentage","0"
"46.974","13672","pid_13672_luid_0x00000000_0x0000e366_phys_0_eng_7_engtype_","utilization percentage","0"
"46.974","13672","pid_13672_luid_0x00000000_0x0000e366_phys_0_eng_8_engtype_","utilization percentage","0"
"46.974","13672","pid_13672_luid_0x00000000_0x0000e366_phys_0_eng_9_engtype_","utilization percentage","0"
"46.974","13672","pid_13672_luid_0x00000000_0x0000e366_phys_0","dedicated usage","0"
"46.974","13672","pid_13672_luid_0x00000000_0x0000e366_phys_0","shared usage","305123328"
"48.008","11436","pid_11436_luid_0x00000000_0x0000e366_phys_0_eng_0_engtype_3d","utilization percentage","4.04732504342644"
"48.008","11436","pid_11436_luid_0x00000000_0x0000e366_phys_0_eng_10_engtype_legacyoverlay","utilization percentage","0"
"48.008","11436","pid_11436_luid_0x00000000_0x0000e366_phys_0_eng_11_engtype_","utilization percentage","0"
"48.008","11436","pid_11436_luid_0x00000000_0x0000e366_phys_0_eng_12_engtype_","utilization percentage","0"
"48.008","11436","pid_11436_luid_0x00000000_0x0000e366_phys_0_eng_1_engtype_videodecode","utilization percentage","1.66678956810187"
"48.008","11436","pid_11436_luid_0x00000000_0x0000e366_phys_0_eng_2_engtype_copy","utilization percentage","0"
"48.008","11436","pid_11436_luid_0x00000000_0x0000e366_phys_0_eng_3_engtype_videoprocessing","utilization percentage","0"
"48.008","11436","pid_11436_luid_0x00000000_0x0000e366_phys_0_eng_4_engtype_videodecode","utilization percentage","0"
"48.008","11436","pid_11436_luid_0x00000000_0x0000e366_phys_0_eng_5_engtype_","utilization percentage","0"
"48.008","11436","pid_11436_luid_0x00000000_0x0000e366_phys_0_eng_6_engtype_","utilization percentage","0"
"48.008","11436","pid_11436_luid_0x00000000_0x0000e366_phys_0_eng_7_engtype_","utilization percentage","0"
"48.008","11436","pid_11436_luid_0x00000000_0x0000e366_phys_0_eng_8_engtype_","utilization percentage","0"
"48.008","11436","pid_11436_luid_0x00000000_0x0000e366_phys_0_eng_9_engtype_","utilization percentage","0"
"48.008","11436","pid_11436_luid_0x00000000_0x0000e366_phys_0","dedicated usage","0"
"48.008","11436","pid_11436_luid_0x00000000_0x0000e366_phys_0","shared usage","81387520"
"48.021","9996","pid_9996_luid_0x00000000_0x0000e366_phys_0_eng_0_engtype_3d","utilization percentage","27.7791941573174"
"48.021","9996","pid_9996_luid_0x00000000_0x0000e366_phys_0_eng_10_engtype_legacyoverlay","utilization percentage","0"
"48.021","9996","pid_9996_luid_0x00000000_0x0000e366_phys_0_eng_11_engtype_","utilization percentage","0"
"48.021","9996","pid_9996_luid_0x00000000_0x0000e366_phys_0_eng_12_engtype_","utilization percentage","0"
"48.021","9996","pid_9996_luid_0x00000000_0x0000e366_phys_0_eng_1_engtype_videodecode","utilization percentage","5.1423996187716"
"48.021","9996","pid_9996_luid_0x00000000_0x0000e366_phys_0_eng_2_engtype_copy","utilization percentage","0"
"48.021","9996","pid_9996_luid_0x00000000_0x0000e366_phys_0_eng_3_engtype_videoprocessing","utilization percentage","0"
"48.021","9996","pid_9996_luid_0x00000000_0x0000e366_phys_0_eng_4_engtype_videodecode","utilization percentage","0"
"48.021","9996","pid_9996_luid_0x00000000_0x0000e366_phys_0_eng_5_engtype_","utilization percentage","0"
"48.021","9996","pid_9996_luid_0x00000000_0x0000e366_phys_0_eng_6_engtype_","utilization percentage","0"
"48.021","9996","pid_9996_luid_0x00000000_0x0000e366_phys_0_eng_7_engtype_","utilization percentage","0"
"48.021","9996","pid_9996_luid_0x00000000_0x0000e366_phys_0_eng_8_engtype_","utilization percentage","0"
"48.021","9996","pid_9996_luid_0x00000000_0x0000e366_phys_0_eng_9_engtype_","utilization percentage","0"
"48.021","9996","pid_9996_luid_0x00000000_0x0000e366_phys_0","dedicated usage","0"
"48.021","9996","pid_9996_luid_0x00000000_0x0000e366_phys_0","shared usage","307908608"
"48.046","13672","pid_13672_luid_0x00000000_0x0000e366_phys_0_eng_0_engtype_3d","utilization percentage","28.5557155046587"
"48.046","13672","pid_13672_luid_0x00000000_0x0000e366_phys_0_eng_10_engtype_legacyoverlay","utilization percentage","0"
"48.046","13672","pid_13672_luid_0x00000000_0x0000e366_phys_0_eng_11_engtype_","utilization percentage","0"
"48.046","13672","pid_13672_luid_0x00000000_0x0000e366_phys_0_eng_12_engtype_","utilization percentage","0"
"48.046","13672","pid_13672_luid_0x00000000_0x0000e366_phys_0_eng_1_engtype_videodecode","utilization percentage","0"
"48.046","13672","pid_13672_luid_0x00000000_0x0000e366_phys_0_eng_2_engtype_copy","utilization percentage","0"
"48.046","13672","pid_13672_luid_0x00000000_0x0000e366_phys_0_eng_3_engtype_videoprocessing","utilization percentage","0"
"48.046","13672","pid_13672_luid_0x00000000_0x0000e366_phys_0_eng_4_engtype_videodecode","utilization percentage","6.21914380206239"
"48.046","13672","pid_13672_luid_0x00000000_0x0000e366_phys_0_eng_5_engtype_","utilization percentage","0"
"48.046","13672","pid_13672_luid_0x00000000_0x0000e366_phys_0_eng_6_engtype_","utilization percentage","0"
"48.046","13672","pid_13672_luid_0x00000000_0x0000e366_phys_0_eng_7_engtype_","utilization percentage","0"
"48.046","13672","pid_13672_luid_0x00000000_0x0000e366_phys_0_eng_8_engtype_","utilization percentage","0"
"48.046","13672","pid_13672_luid_0x00000000_0x0000e366_phys_0_eng_9_engtype_","utilization percentage","0"
"48.046","13672","pid_13672_luid_0x00000000_0x0000e366_phys_0","dedicated usage","0"
"48.046","13672","pid_13672_luid_0x00000000_0x0000e366_phys_0","shared usage","305123328"
"49.082","11436","pid_11436_luid_0x00000000_0x0000e366_phys_0_eng_0_engtype_3d","utilization percentage","4.33128775053842"
"49.082","11436","pid_11436_luid_0x00000000_0x0000e366_phys_0_eng_10_engtype_legacyoverlay","utilization percentage","0"
"49.082","11436","pid_11436_luid_0x00000000_0x0000e366_phys_0_eng_11_engtype_","utilization percentage","0"
"49.082","11436","pid_11436_luid_0x00000000_0x0000e366_phys_0_eng_12_engtype_","utilization percentage","0"
"49.082","11436","pid_11436_luid_0x00000000_0x0000e366_phys_0_eng_1_engtype_videodecode","utilization percentage","1.43069424625944"
"49.082","11436","pid_11436_luid_0x00000000_0x0000e366_phys_0_eng_2_engtype_copy","utilization percentage","0"
"49.082","11436","pid_11436_luid_0x00000000_0x0000e366_phys_0_eng_3_engtype_videoprocessing","utilization percentage","0"
"49.082","11436","pid_11436_luid_0x00000000_0x0000e366_phys_0_eng_4_engtype_videodecode","utilization percentage","0"
"49.082","11436","pid_11436_luid_0x00000000_0x0000e366_phys_0_eng_5_engtype_","utilization percentage","0"
"49.082","11436","pid_11436_luid_0x00000000_0x0000e366_phys_0_eng_6_engtype_","utilization percentage","0"
"49.082","11436","pid_11436_luid_0x00000000_0x0000e366_phys_0_eng_7_engtype_","utilization percentage","0"
"49.082","11436","pid_11436_luid_0x00000000_0x0000e366_phys_0_eng_8_engtype_","utilization percentage","0"
"49.082","11436","pid_11436_luid_0x00000000_0x0000e366_phys_0_eng_9_engtype_","utilization percentage","0"
"49.082","11436","pid_11436_luid_0x00000000_0x0000e366_phys_0","dedicated usage","0"
"49.082","11436","pid_11436_luid_0x00000000_0x0000e366_phys_0","shared usage","81387520"
"49.091","9996","pid_9996_luid_0x00000000_0x0000e366_phys_0_eng_0_engtype_3d","utilization percentage","27.9879084666343"
"49.091","9996","pid_9996_luid_0x00000000_0x0000e366_phys_0_eng_10_engtype_legacyoverlay","utilization percentage","0"
"49.091","9996","pid_9996_luid_0x00000000_0x0000e366_phys_0_eng_11_engtype_","utilization percentage","0"
"49.091","9996","pid_9996_luid_0x00000000_0x0000e366_phys_0_eng_12_engtype_","utilization percentage","0"
"49.091","9996","pid_9996_luid_0x00000000_0x0000e366_phys_0_eng_1_engtype_videodecode","utilization percentage","5.0395388596631"
"49.091","9996","pid_9996_luid_0x00000000_0x0000e366_phys_0_eng_2_engtype_copy","utilization percentage","0"
"49.091","9996","pid_9996_luid_0x00000000_0x0000e366_phys_0_eng_3_engtype_videoprocessing","utilization percentage","0"
"49.091","9996","pid_9996_luid_0x00000000_0x0000e366_phys_0_eng_4_engtype_videodecode","utilization percentage","0"
"49.091","9996","pid_9996_luid_0x00000000_0x0000e366_phys_0_eng_5_engtype_","utilization percentage","0"
"49.091","9996","pid_9996_luid_0x00000000_0x0000e366_phys_0_eng_6_engtype_","utilization percentage","0"
"49.091","9996","pid_9996_luid_0x00000000_0x0000e366_phys_0_eng_7_engtype_","utilization percentage","0"
"49.091","9996","pid_9996_luid_0x00000000_0x0000e366_phys_0_eng_8_engtype_","utilization percentage","0"
"49.091","9996","pid_9996_luid_0x00000000_0x0000e366_phys_0_eng_9_engtype_","utilization percentage","0"
"49.091","9996","pid_9996_luid_0x00000000_0x0000e366_phys_0","dedicated usage","0"
"49.091","9996","pid_9996_luid_0x00000000_0x0000e366_phys_0","shared usage","307908608"
"49.103","13672","pid_13672_luid_0x00000000_0x0000e366_phys_0_eng_0_engtype_3d","utilization percentage","28.446178735928"
"49.103","13672","pid_13672_luid_0x00000000_0x0000e366_phys_0_eng_10_engtype_legacyoverlay","utilization percentage","0"
"49.103","13672","pid_13672_luid_0x00000000_0x0000e366_phys_0_eng_11_engtype_","utilization percentage","0"
"49.103","13672","pid_13672_luid_0x00000000_0x0000e366_phys_0_eng_12_engtype_","utilization percentage","0"
"49.103","13672","pid_13672_luid_0x00000000_0x0000e366_phys_0_eng_1_engtype_videodecode","utilization percentage","0"
"49.103","13672","pid_13672_luid_0x00000000_0x0000e366_phys_0_eng_2_engtype_copy","utilization percentage","0"
"49.103","13672","pid_13672_luid_0x00000000_0x0000e366_phys_0_eng_3_engtype_videoprocessing","utilization percentage","0"
"49.103","13672","pid_13672_luid_0x00000000_0x0000e366_phys_0_eng_4_engtype_videodecode","utilization percentage","6.24827314029257"
"49.103","13672","pid_13672_luid_0x00000000_0x0000e366_phys_0_eng_5_engtype_","utilization percentage","0"
"49.103","13672","pid_13672_luid_0x00000000_0x0000e366_phys_0_eng_6_engtype_","utilization percentage","0"
"49.103","13672","pid_13672_luid_0x00000000_0x0000e366_phys_0_eng_7_engtype_","utilization percentage","0"
"49.103","13672","pid_13672_luid_0x00000000_0x0000e366_phys_0_eng_8_engtype_","utilization percentage","0"
"49.103","13672","pid_13672_luid_0x00000000_0x0000e366_phys_0_eng_9_engtype_","utilization percentage","0"
"49.103","13672","pid_13672_luid_0x00000000_0x0000e366_phys_0","dedicated usage","0"
"49.103","13672","pid_13672_luid_0x00000000_0x0000e366_phys_0","shared usage","305123328"
"50.122","11436","pid_11436_luid_0x00000000_0x0000e366_phys_0_eng_0_engtype_3d","utilization percentage","4.16391074129088"
"50.122","11436","pid_11436_luid_0x00000000_0x0000e366_phys_0_eng_10_engtype_legacyoverlay","utilization percentage","0"
"50.122","11436","pid_11436_luid_0x00000000_0x0000e366_phys_0_eng_11_engtype_","utilization percentage","0"
"50.122","11436","pid_11436_luid_0x00000000_0x0000e366_phys_0_eng_12_engtype_","utilization percentage","0"
"50.122","11436","pid_11436_luid_0x00000000_0x0000e366_phys_0_eng_1_engtype_videodecode","utilization percentage","1.7432962976711"
"50.122","11436","pid_11436_luid_0x00000000_0x0000e366_phys_0_eng_2_engtype_copy","utilization percentage","0"
"50.122","11436","pid_11436_luid_0x00000000_0x0000e366_phys_0_eng_3_engtype_videoprocessing","utilization percentage","0"
"50.122","11436","pid_11436_luid_0x00000000_0x0000e366_phys_0_eng_4_engtype_videodecode","utilization percentage","0"
"50.122","11436","pid_11436_luid_0x00000000_0x0000e366_phys_0_eng_5_engtype_","utilization percentage","0"
"50.122","11436","pid_11436_luid_0x00000000_0x0000e366_phys_0_eng_6_engtype_","utilization percentage","0"
"50.122","11436","pid_11436_luid_0x00000000_0x0000e366_phys_0_eng_7_engtype_","utilization percentage","0"
"50.122","11436","pid_11436_luid_0x00000000_0x0000e366_phys_0_eng_8_engtype_","utilization percentage","0"
"50.122","11436","pid_11436_luid_0x00000000_0x0000e366_phys_0_eng_9_engtype_","utilization percentage","0"
"50.122","11436","pid_11436_luid_0x00000000_0x0000e366_phys_0","dedicated usage","0"
"50.122","11436","pid_11436_luid_0x00000000_0x0000e366_phys_0","shared usage","81387520"
"50.133","9996","pid_9996_luid_0x00000000_0x0000e366_phys_0_eng_0_engtype_3d","utilization percentage","27.2771123915573"
"50.133","9996","pid_9996_luid_0x00000000_0x0000e366_phys_0_eng_10_engtype_legacyoverlay","utilization percentage","0"
"50.133","9996","pid_9996_luid_0x00000000_0x0000e366_phys_0_eng_11_engtype_","utilization percentage","0"
"50.133","9996","pid_9996_luid_0x00000000_0x0000e366_phys_0_eng_12_engtype_","utilization percentage","0"
"50.133","9996","pid_9996_luid_0x00000000_0x0000e366_phys_0_eng_1_engtype_videodecode","utilization percentage","5.16878572405332"
"50.133","9996","pid_9996_luid_0x00000000_0x0000e366_phys_0_eng_2_engtype_copy","utilization percentage","0"
"50.133","9996","pid_9996_luid_0x00000000_0x0000e366_phys_0_eng_3_engtype_videoprocessing","utilization percentage","0"
"50.133","9996","pid_9996_luid_0x00000000_0x0000e366_phys_0_eng_4_engtype_videodecode","utilization percentage","0"
"50.133","9996","pid_9996_luid_0x00000000_0x0000e366_phys_0_eng_5_engtype_","utilization percentage","0"
"50.133","9996","pid_9996_luid_0x00000000_0x0000e366_phys_0_eng_6_engtype_","utilization percentage","0"
"50.133","9996","pid_9996_luid_0x00000000_0x0000e366_phys_0_eng_7_engtype_","utilization percentage","0"
"50.133","9996","pid_9996_luid_0x00000000_0x0000e366_phys_0_eng_8_engtype_","utilization percentage","0"
"50.133","9996","pid_9996_luid_0x00000000_0x0000e366_phys_0_eng_9_engtype_","utilization percentage","0"
"50.133","9996","pid_9996_luid_0x00000000_0x0000e366_phys_0","dedicated usage","0"
"50.133","9996","pid_9996_luid_0x00000000_0x0000e366_phys_0","shared usage","307908608"
"50.158","13672","pid_13672_luid_0x00000000_0x0000e366_phys_0_eng_0_engtype_3d","utilization percentage","28.7430691562089"
"50.158","13672","pid_13672_luid_0x00000000_0x0000e366_phys_0_eng_10_engtype_legacyoverlay","utilization percentage","0"
"50.158","13672","pid_13672_luid_0x00000000_0x0000e366_phys_0_eng_11_engtype_","utilization percentage","0"
"50.158","13672","pid_13672_luid_0x00000000_0x0000e366_phys_0_eng_12_engtype_","utilization percentage","0"
"50.158","13672","pid_13672_luid_0x00000000_0x0000e366_phys_0_eng_1_engtype_videodecode","utilization percentage","0"
"50.158","13672","pid_13672_luid_0x00000000_0x0000e366_phys_0_eng_2_engtype_copy","utilization percentage","0"
"50.158","13672","pid_13672_luid_0x00000000_0x0000e366_phys_0_eng_3_engtype_videoprocessing","utilization percentage","0"
"50.158","13672","pid_13672_luid_0x00000000_0x0000e366_phys_0_eng_4_engtype_videodecode","utilization percentage","6.45624122615616"
"50.158","13672","pid_13672_luid_0x00000000_0x0000e366_phys_0_eng_5_engtype_","utilization percentage","0"
"50.158","13672","pid_13672_luid_0x00000000_0x0000e366_phys_0_eng_6_engtype_","utilization percentage","0"
"50.158","13672","pid_13672_luid_0x00000000_0x0000e366_phys_0_eng_7_engtype_","utilization percentage","0"
"50.158","13672","pid_13672_luid_0x00000000_0x0000e366_phys_0_eng_8_engtype_","utilization percentage","0"
"50.158","13672","pid_13672_luid_0x00000000_0x0000e366_phys_0_eng_9_engtype_","utilization percentage","0"
"50.158","13672","pid_13672_luid_0x00000000_0x0000e366_phys_0","dedicated usage","0"
"50.158","13672","pid_13672_luid_0x00000000_0x0000e366_phys_0","shared usage","305123328"
"51.195","11436","pid_11436_luid_0x00000000_0x0000e366_phys_0_eng_0_engtype_3d","utilization percentage","4.2080348399636"
"51.195","11436","pid_11436_luid_0x00000000_0x0000e366_phys_0_eng_10_engtype_legacyoverlay","utilization percentage","0"
"51.195","11436","pid_11436_luid_0x00000000_0x0000e366_phys_0_eng_11_engtype_","utilization percentage","0"
"51.195","11436","pid_11436_luid_0x00000000_0x0000e366_phys_0_eng_12_engtype_","utilization percentage","0"
"51.195","11436","pid_11436_luid_0x00000000_0x0000e366_phys_0_eng_1_engtype_videodecode","utilization percentage","1.65314390667526"
"51.195","11436","pid_11436_luid_0x00000000_0x0000e366_phys_0_eng_2_engtype_copy","utilization percentage","0"
"51.195","11436","pid_11436_luid_0x00000000_0x0000e366_phys_0_eng_3_engtype_videoprocessing","utilization percentage","0"
"51.195","11436","pid_11436_luid_0x00000000_0x0000e366_phys_0_eng_4_engtype_videodecode","utilization percentage","0"
"51.195","11436","pid_11436_luid_0x00000000_0x0000e366_phys_0_eng_5_engtype_","utilization percentage","0"
"51.195","11436","pid_11436_luid_0x00000000_0x0000e366_phys_0_eng_6_engtype_","utilization percentage","0"
"51.195","11436","pid_11436_luid_0x00000000_0x0000e366_phys_0_eng_7_engtype_","utilization percentage","0"
"51.195","11436","pid_11436_luid_0x00000000_0x0000e366_phys_0_eng_8_engtype_","utilization percentage","0"
"51.195","11436","pid_11436_luid_0x00000000_0x0000e366_phys_0_eng_9_engtype_","utilization percentage","0"
"51.195","11436","pid_11436_luid_0x00000000_0x0000e366_phys_0","dedicated usage","0"
"51.195","11436","pid_11436_luid_0x00000000_0x0000e366_phys_0","shared usage","81387520"
"51.206","9996","pid_9996_luid_0x00000000_0x0000e366_phys_0_eng_0_engtype_3d","utilization percentage","27.1764734146748"
"51.206","9996","pid_9996_luid_0x00000000_0x0000e366_phys_0_eng_10_engtype_legacyoverlay","utilization percentage","0"
"51.206","9996","pid_9996_luid_0x00000000_0x0000e366_phys_0_eng_11_engtype_","utilization percentage","0"
"51.206","9996","pid_9996_luid_0x00000000_0x0000e366_phys_0_eng_12_engtype_","utilization percentage","0"
"51.206","9996","pid_9996_luid_0x00000000_0x0000e366_phys_0_eng_1_engtype_videodecode","utilization percentage","5.22158069349913"
"51.206","9996","pid_9996_luid_0x00000000_0x0000e366_phys_0_eng_2_engtype_copy","utilization percentage","0"
"51.206","9996","pid_9996_luid_0x00000000_0x0000e366_phys_0_eng_3_engtype_videoprocessing","utilization percentage","0"
"51.206","9996","pid_9996_luid_0x00000000_0x0000e366_phys_0_eng_4_engtype_videodecode","utilization percentage","0"
"51.206","9996","pid_9996_luid_0x00000000_0x0000e366_phys_0_eng_5_engtype_","utilization percentage","0"
"51.206","9996","pid_9996_luid_0x00000000_0x0000e366_phys_0_eng_6_engtype_","utilization percentage","0"
"51.206","9996","pid_9996_luid_0x00000000_0x0000e366_phys_0_eng_7_engtype_","utilization percentage","0"
"51.206","9996","pid_9996_luid_0x00000000_0x0000e366_phys_0_eng_8_engtype_","utilization percentage","0"
"51.206","9996","pid_9996_luid_0x00000000_0x0000e366_phys_0_eng_9_engtype_","utilization percentage","0"
"51.206","9996","pid_9996_luid_0x00000000_0x0000e366_phys_0","dedicated usage","0"
"51.206","9996","pid_9996_luid_0x00000000_0x0000e366_phys_0","shared usage","307908608"
"51.219","13672","pid_13672_luid_0x00000000_0x0000e366_phys_0_eng_0_engtype_3d","utilization percentage","28.8355396979886"
"51.219","13672","pid_13672_luid_0x00000000_0x0000e366_phys_0_eng_10_engtype_legacyoverlay","utilization percentage","0"
"51.219","13672","pid_13672_luid_0x00000000_0x0000e366_phys_0_eng_11_engtype_","utilization percentage","0"
"51.219","13672","pid_13672_luid_0x00000000_0x0000e366_phys_0_eng_12_engtype_","utilization percentage","0"
"51.219","13672","pid_13672_luid_0x00000000_0x0000e366_phys_0_eng_1_engtype_videodecode","utilization percentage","0"
"51.219","13672","pid_13672_luid_0x00000000_0x0000e366_phys_0_eng_2_engtype_copy","utilization percentage","0"
"51.219","13672","pid_13672_luid_0x00000000_0x0000e366_phys_0_eng_3_engtype_videoprocessing","utilization percentage","0"
"51.219","13672","pid_13672_luid_0x00000000_0x0000e366_phys_0_eng_4_engtype_videodecode","utilization percentage","6.44177651930378"
"51.219","13672","pid_13672_luid_0x00000000_0x0000e366_phys_0_eng_5_engtype_","utilization percentage","0"
"51.219","13672","pid_13672_luid_0x00000000_0x0000e366_phys_0_eng_6_engtype_","utilization percentage","0"
"51.219","13672","pid_13672_luid_0x00000000_0x0000e366_phys_0_eng_7_engtype_","utilization percentage","0"
"51.219","13672","pid_13672_luid_0x00000000_0x0000e366_phys_0_eng_8_engtype_","utilization percentage","0"
"51.219","13672","pid_13672_luid_0x00000000_0x0000e366_phys_0_eng_9_engtype_","utilization percentage","0"
"51.219","13672","pid_13672_luid_0x00000000_0x0000e366_phys_0","dedicated usage","0"
"51.219","13672","pid_13672_luid_0x00000000_0x0000e366_phys_0","shared usage","305123328"
"52.252","11436","pid_11436_luid_0x00000000_0x0000e366_phys_0_eng_0_engtype_3d","utilization percentage","4.33165894647666"
"52.252","11436","pid_11436_luid_0x00000000_0x0000e366_phys_0_eng_10_engtype_legacyoverlay","utilization percentage","0"
"52.252","11436","pid_11436_luid_0x00000000_0x0000e366_phys_0_eng_11_engtype_","utilization percentage","0"
"52.252","11436","pid_11436_luid_0x00000000_0x0000e366_phys_0_eng_12_engtype_","utilization percentage","0"
"52.252","11436","pid_11436_luid_0x00000000_0x0000e366_phys_0_eng_1_engtype_videodecode","utilization percentage","1.71776710708121"
"52.252","11436","pid_11436_luid_0x00000000_0x0000e366_phys_0_eng_2_engtype_copy","utilization percentage","0"
"52.252","11436","pid_11436_luid_0x00000000_0x0000e366_phys_0_eng_3_engtype_videoprocessing","utilization percentage","0"
"52.252","11436","pid_11436_luid_0x00000000_0x0000e366_phys_0_eng_4_engtype_videodecode","utilization percentage","0"
"52.252","11436","pid_11436_luid_0x00000000_0x0000e366_phys_0_eng_5_engtype_","utilization percentage","0"
"52.252","11436","pid_11436_luid_0x00000000_0x0000e366_phys_0_eng_6_engtype_","utilization percentage","0"
"52.252","11436","pid_11436_luid_0x00000000_0x0000e366_phys_0_eng_7_engtype_","utilization percentage","0"
"52.252","11436","pid_11436_luid_0x00000000_0x0000e366_phys_0_eng_8_engtype_","utilization percentage","0"
"52.252","11436","pid_11436_luid_0x00000000_0x0000e366_phys_0_eng_9_engtype_","utilization percentage","0"
"52.252","11436","pid_11436_luid_0x00000000_0x0000e366_phys_0","dedicated usage","0"
"52.252","11436","pid_11436_luid_0x00000000_0x0000e366_phys_0","shared usage","81387520"
"52.276","9996","pid_9996_luid_0x00000000_0x0000e366_phys_0_eng_0_engtype_3d","utilization percentage","28.0290713892681"
"52.276","9996","pid_9996_luid_0x00000000_0x0000e366_phys_0_eng_10_engtype_legacyoverlay","utilization percentage","0"
"52.276","9996","pid_9996_luid_0x00000000_0x0000e366_phys_0_eng_11_engtype_","utilization percentage","0"
"52.276","9996","pid_9996_luid_0x00000000_0x0000e366_phys_0_eng_12_engtype_","utilization percentage","0"
"52.276","9996","pid_9996_luid_0x00000000_0x0000e366_phys_0_eng_1_engtype_videodecode","utilization percentage","5.06795971217686"
"52.276","9996","pid_9996_luid_0x00000000_0x0000e366_phys_0_eng_2_engtype_copy","utilization percentage","0"
"52.276","9996","pid_9996_luid_0x00000000_0x0000e366_phys_0_eng_3_engtype_videoprocessing","utilization percentage","0"
"52.276","9996","pid_9996_luid_0x00000000_0x0000e366_phys_0_eng_4_engtype_videodecode","utilization percentage","0"
"52.276","9996","pid_9996_luid_0x00000000_0x0000e366_phys_0_eng_5_engtype_","utilization percentage","0"
"52.276","9996","pid_9996_luid_0x00000000_0x0000e366_phys_0_eng_6_engtype_","utilization percentage","0"
"52.276","9996","pid_9996_luid_0x00000000_0x0000e366_phys_0_eng_7_engtype_","utilization percentage","0"
"52.276","9996","pid_9996_luid_0x00000000_0x0000e366_phys_0_eng_8_engtype_","utilization percentage","0"
"52.276","9996","pid_9996_luid_0x00000000_0x0000e366_phys_0_eng_9_engtype_","utilization percentage","0"
"52.276","9996","pid_9996_luid_0x00000000_0x0000e366_phys_0","dedicated usage","0"
"52.276","9996","pid_9996_luid_0x00000000_0x0000e366_phys_0","shared usage","307908608"
"52.297","13672","pid_13672_luid_0x00000000_0x0000e366_phys_0_eng_0_engtype_3d","utilization percentage","28.3195469081356"
"52.297","13672","pid_13672_luid_0x00000000_0x0000e366_phys_0_eng_10_engtype_legacyoverlay","utilization percentage","0"
"52.297","13672","pid_13672_luid_0x00000000_0x0000e366_phys_0_eng_11_engtype_","utilization percentage","0"
"52.297","13672","pid_13672_luid_0x00000000_0x0000e366_phys_0_eng_12_engtype_","utilization percentage","0"
"52.297","13672","pid_13672_luid_0x00000000_0x0000e366_phys_0_eng_1_engtype_videodecode","utilization percentage","0"
"52.297","13672","pid_13672_luid_0x00000000_0x0000e366_phys_0_eng_2_engtype_copy","utilization percentage","0"
"52.297","13672","pid_13672_luid_0x00000000_0x0000e366_phys_0_eng_3_engtype_videoprocessing","utilization percentage","0"
"52.297","13672","pid_13672_luid_0x00000000_0x0000e366_phys_0_eng_4_engtype_videodecode","utilization percentage","6.17965193828653"
"52.297","13672","pid_13672_luid_0x00000000_0x0000e366_phys_0_eng_5_engtype_","utilization percentage","0"
"52.297","13672","pid_13672_luid_0x00000000_0x0000e366_phys_0_eng_6_engtype_","utilization percentage","0"
"52.297","13672","pid_13672_luid_0x00000000_0x0000e366_phys_0_eng_7_engtype_","utilization percentage","0"
"52.297","13672","pid_13672_luid_0x00000000_0x0000e366_phys_0_eng_8_engtype_","utilization percentage","0"
"52.297","13672","pid_13672_luid_0x00000000_0x0000e366_phys_0_eng_9_engtype_","utilization percentage","0"
"52.297","13672","pid_13672_luid_0x00000000_0x0000e366_phys_0","dedicated usage","0"
"52.297","13672","pid_13672_luid_0x00000000_0x0000e366_phys_0","shared usage","305123328"
"53.326","11436","pid_11436_luid_0x00000000_0x0000e366_phys_0_eng_0_engtype_3d","utilization percentage","4.15480490690957"
"53.326","11436","pid_11436_luid_0x00000000_0x0000e366_phys_0_eng_10_engtype_legacyoverlay","utilization percentage","0"
"53.326","11436","pid_11436_luid_0x00000000_0x0000e366_phys_0_eng_11_engtype_","utilization percentage","0"
"53.326","11436","pid_11436_luid_0x00000000_0x0000e366_phys_0_eng_12_engtype_","utilization percentage","0"
"53.326","11436","pid_11436_luid_0x00000000_0x0000e366_phys_0_eng_1_engtype_videodecode","utilization percentage","1.49814690267352"
"53.326","11436","pid_11436_luid_0x00000000_0x0000e366_phys_0_eng_2_engtype_copy","utilization percentage","0"
"53.326","11436","pid_11436_luid_0x00000000_0x0000e366_phys_0_eng_3_engtype_videoprocessing","utilization percentage","0"
"53.326","11436","pid_11436_luid_0x00000000_0x0000e366_phys_0_eng_4_engtype_videodecode","utilization percentage","0"
"53.326","11436","pid_11436_luid_0x00000000_0x0000e366_phys_0_eng_5_engtype_","utilization percentage","0"
"53.326","11436","pid_11436_luid_0x00000000_0x0000e366_phys_0_eng_6_engtype_","utilization percentage","0"
"53.326","11436","pid_11436_luid_0x00000000_0x0000e366_phys_0_eng_7_engtype_","utilization percentage","0"
"53.326","11436","pid_11436_luid_0x00000000_0x0000e366_phys_0_eng_8_engtype_","utilization percentage","0"
"53.326","11436","pid_11436_luid_0x00000000_0x0000e366_phys_0_eng_9_engtype_","utilization percentage","0"
"53.326","11436","pid_11436_luid_0x00000000_0x0000e366_phys_0","dedicated usage","0"
"53.326","11436","pid_11436_luid_0x00000000_0x0000e366_phys_0","shared usage","81387520"
"53.336","9996","pid_9996_luid_0x00000000_0x0000e366_phys_0_eng_0_engtype_3d","utilization percentage","27.6517544336625"
"53.336","9996","pid_9996_luid_0x00000000_0x0000e366_phys_0_eng_10_engtype_legacyoverlay","utilization percentage","0"
"53.336","9996","pid_9996_luid_0x00000000_0x0000e366_phys_0_eng_11_engtype_","utilization percentage","0"
"53.336","9996","pid_9996_luid_0x00000000_0x0000e366_phys_0_eng_12_engtype_","utilization percentage","0"
"53.336","9996","pid_9996_luid_0x00000000_0x0000e366_phys_0_eng_1_engtype_videodecode","utilization percentage","5.04312763768028"
"53.336","9996","pid_9996_luid_0x00000000_0x0000e366_phys_0_eng_2_engtype_copy","utilization percentage","0"
"53.336","9996","pid_9996_luid_0x00000000_0x0000e366_phys_0_eng_3_engtype_videoprocessing","utilization percentage","0"
"53.336","9996","pid_9996_luid_0x00000000_0x0000e366_phys_0_eng_4_engtype_videodecode","utilization percentage","0"
"53.336","9996","pid_9996_luid_0x00000000_0x0000e366_phys_0_eng_5_engtype_","utilization percentage","0"
"53.336","9996","pid_9996_luid_0x00000000_0x0000e366_phys_0_eng_6_engtype_","utilization percentage","0"
"53.336","9996","pid_9996_luid_0x00000000_0x0000e366_phys_0_eng_7_engtype_","utilization percentage","0"
"53.336","9996","pid_9996_luid_0x00000000_0x0000e366_phys_0_eng_8_engtype_","utilization percentage","0"
"53.336","9996","pid_9996_luid_0x00000000_0x0000e366_phys_0_eng_9_engtype_","utilization percentage","0"
"53.336","9996","pid_9996_luid_0x00000000_0x0000e366_phys_0","dedicated usage","0"
"53.336","9996","pid_9996_luid_0x00000000_0x0000e366_phys_0","shared usage","307908608"
"53.346","13672","pid_13672_luid_0x00000000_0x0000e366_phys_0_eng_0_engtype_3d","utilization percentage","28.4054166757214"
"53.346","13672","pid_13672_luid_0x00000000_0x0000e366_phys_0_eng_10_engtype_legacyoverlay","utilization percentage","0"
"53.346","13672","pid_13672_luid_0x00000000_0x0000e366_phys_0_eng_11_engtype_","utilization percentage","0"
"53.346","13672","pid_13672_luid_0x00000000_0x0000e366_phys_0_eng_12_engtype_","utilization percentage","0"
"53.346","13672","pid_13672_luid_0x00000000_0x0000e366_phys_0_eng_1_engtype_videodecode","utilization percentage","0"
"53.346","13672","pid_13672_luid_0x00000000_0x0000e366_phys_0_eng_2_engtype_copy","utilization percentage","0"
"53.346","13672","pid_13672_luid_0x00000000_0x0000e366_phys_0_eng_3_engtype_videoprocessing","utilization percentage","0"
"53.346","13672","pid_13672_luid_0x00000000_0x0000e366_phys_0_eng_4_engtype_videodecode","utilization percentage","6.70029665785874"
"53.346","13672","pid_13672_luid_0x00000000_0x0000e366_phys_0_eng_5_engtype_","utilization percentage","0"
"53.346","13672","pid_13672_luid_0x00000000_0x0000e366_phys_0_eng_6_engtype_","utilization percentage","0"
"53.346","13672","pid_13672_luid_0x00000000_0x0000e366_phys_0_eng_7_engtype_","utilization percentage","0"
"53.346","13672","pid_13672_luid_0x00000000_0x0000e366_phys_0_eng_8_engtype_","utilization percentage","0"
"53.346","13672","pid_13672_luid_0x00000000_0x0000e366_phys_0_eng_9_engtype_","utilization percentage","0"
"53.346","13672","pid_13672_luid_0x00000000_0x0000e366_phys_0","dedicated usage","0"
"53.346","13672","pid_13672_luid_0x00000000_0x0000e366_phys_0","shared usage","305123328"
"54.379","11436","pid_11436_luid_0x00000000_0x0000e366_phys_0_eng_0_engtype_3d","utilization percentage","4.30273448318511"
"54.379","11436","pid_11436_luid_0x00000000_0x0000e366_phys_0_eng_10_engtype_legacyoverlay","utilization percentage","0"
"54.379","11436","pid_11436_luid_0x00000000_0x0000e366_phys_0_eng_11_engtype_","utilization percentage","0"
"54.379","11436","pid_11436_luid_0x00000000_0x0000e366_phys_0_eng_12_engtype_","utilization percentage","0"
"54.379","11436","pid_11436_luid_0x00000000_0x0000e366_phys_0_eng_1_engtype_videodecode","utilization percentage","1.77400336442046"
"54.379","11436","pid_11436_luid_0x00000000_0x0000e366_phys_0_eng_2_engtype_copy","utilization percentage","0"
"54.379","11436","pid_11436_luid_0x00000000_0x0000e366_phys_0_eng_3_engtype_videoprocessing","utilization percentage","0"
"54.379","11436","pid_11436_luid_0x00000000_0x0000e366_phys_0_eng_4_engtype_videodecode","utilization percentage","0"
"54.379","11436","pid_11436_luid_0x00000000_0x0000e366_phys_0_eng_5_engtype_","utilization percentage","0"
"54.379","11436","pid_11436_luid_0x00000000_0x0000e366_phys_0_eng_6_engtype_","utilization percentage","0"
"54.379","11436","pid_11436_luid_0x00000000_0x0000e366_phys_0_eng_7_engtype_","utilization percentage","0"
"54.379","11436","pid_11436_luid_0x00000000_0x0000e366_phys_0_eng_8_engtype_","utilization percentage","0"
"54.379","11436","pid_11436_luid_0x00000000_0x0000e366_phys_0_eng_9_engtype_","utilization percentage","0"
"54.379","11436","pid_11436_luid_0x00000000_0x0000e366_phys_0","dedicated usage","0"
"54.379","11436","pid_11436_luid_0x00000000_0x0000e366_phys_0","shared usage","81387520"
"54.397","9996","pid_9996_luid_0x00000000_0x0000e366_phys_0_eng_0_engtype_3d","utilization percentage","27.8821223620144"
"54.397","9996","pid_9996_luid_0x00000000_0x0000e366_phys_0_eng_10_engtype_legacyoverlay","utilization percentage","0"
"54.397","9996","pid_9996_luid_0x00000000_0x0000e366_phys_0_eng_11_engtype_","utilization percentage","0"
"54.397","9996","pid_9996_luid_0x00000000_0x0000e366_phys_0_eng_12_engtype_","utilization percentage","0"
"54.397","9996","pid_9996_luid_0x00000000_0x0000e366_phys_0_eng_1_engtype_videodecode","utilization percentage","5.50041770714063"
"54.397","9996","pid_9996_luid_0x00000000_0x0000e366_phys_0_eng_2_engtype_copy","utilization percentage","0"
"54.397","9996","pid_9996_luid_0x00000000_0x0000e366_phys_0_eng_3_engtype_videoprocessing","utilization percentage","0"
"54.397","9996","pid_9996_luid_0x00000000_0x0000e366_phys_0_eng_4_engtype_videodecode","utilization percentage","0"
"54.397","9996","pid_9996_luid_0x00000000_0x0000e366_phys_0_eng_5_engtype_","utilization percentage","0"
"54.397","9996","pid_9996_luid_0x00000000_0x0000e366_phys_0_eng_6_engtype_","utilization percentage","0"
"54.397","9996","pid_9996_luid_0x00000000_0x0000e366_phys_0_eng_7_engtype_","utilization percentage","0"
"54.397","9996","pid_9996_luid_0x00000000_0x0000e366_phys_0_eng_8_engtype_","utilization percentage","0"
"54.397","9996","pid_9996_luid_0x00000000_0x0000e366_phys_0_eng_9_engtype_","utilization percentage","0"
"54.397","9996","pid_9996_luid_0x00000000_0x0000e366_phys_0","dedicated usage","0"
"54.397","9996","pid_9996_luid_0x00000000_0x0000e366_phys_0","shared usage","307908608"
"54.42","13672","pid_13672_luid_0x00000000_0x0000e366_phys_0_eng_0_engtype_3d","utilization percentage","29.0283889100082"
"54.42","13672","pid_13672_luid_0x00000000_0x0000e366_phys_0_eng_10_engtype_legacyoverlay","utilization percentage","0"
"54.42","13672","pid_13672_luid_0x00000000_0x0000e366_phys_0_eng_11_engtype_","utilization percentage","0"
"54.42","13672","pid_13672_luid_0x00000000_0x0000e366_phys_0_eng_12_engtype_","utilization percentage","0"
"54.42","13672","pid_13672_luid_0x00000000_0x0000e366_phys_0_eng_1_engtype_videodecode","utilization percentage","0"
"54.42","13672","pid_13672_luid_0x00000000_0x0000e366_phys_0_eng_2_engtype_copy","utilization percentage","0"
"54.42","13672","pid_13672_luid_0x00000000_0x0000e366_phys_0_eng_3_engtype_videoprocessing","utilization percentage","0"
"54.42","13672","pid_13672_luid_0x00000000_0x0000e366_phys_0_eng_4_engtype_videodecode","utilization percentage","6.34634105996696"
"54.42","13672","pid_13672_luid_0x00000000_0x0000e366_phys_0_eng_5_engtype_","utilization percentage","0"
"54.42","13672","pid_13672_luid_0x00000000_0x0000e366_phys_0_eng_6_engtype_","utilization percentage","0"
"54.42","13672","pid_13672_luid_0x00000000_0x0000e366_phys_0_eng_7_engtype_","utilization percentage","0"
"54.42","13672","pid_13672_luid_0x00000000_0x0000e366_phys_0_eng_8_engtype_","utilization percentage","0"
"54.42","13672","pid_13672_luid_0x00000000_0x0000e366_phys_0_eng_9_engtype_","utilization percentage","0"
"54.42","13672","pid_13672_luid_0x00000000_0x0000e366_phys_0","dedicated usage","0"
"54.42","13672","pid_13672_luid_0x00000000_0x0000e366_phys_0","shared usage","305123328"
"55.458","11436","pid_11436_luid_0x00000000_0x0000e366_phys_0_eng_0_engtype_3d","utilization percentage","4.21171385090836"
"55.458","11436","pid_11436_luid_0x00000000_0x0000e366_phys_0_eng_10_engtype_legacyoverlay","utilization percentage","0"
"55.458","11436","pid_11436_luid_0x00000000_0x0000e366_phys_0_eng_11_engtype_","utilization percentage","0"
"55.458","11436","pid_11436_luid_0x00000000_0x0000e366_phys_0_eng_12_engtype_","utilization percentage","0"
"55.458","11436","pid_11436_luid_0x00000000_0x0000e366_phys_0_eng_1_engtype_videodecode","utilization percentage","1.51274978643352"
"55.458","11436","pid_11436_luid_0x00000000_0x0000e366_phys_0_eng_2_engtype_copy","utilization percentage","0"
"55.458","11436","pid_11436_luid_0x00000000_0x0000e366_phys_0_eng_3_engtype_videoprocessing","utilization percentage","0"
"55.458","11436","pid_11436_luid_0x00000000_0x0000e366_phys_0_eng_4_engtype_videodecode","utilization percentage","0"
"55.458","11436","pid_11436_luid_0x00000000_0x0000e366_phys_0_eng_5_engtype_","utilization percentage","0"
"55.458","11436","pid_11436_luid_0x00000000_0x0000e366_phys_0_eng_6_engtype_","utilization percentage","0"
"55.458","11436","pid_11436_luid_0x00000000_0x0000e366_phys_0_eng_7_engtype_","utilization percentage","0"
"55.458","11436","pid_11436_luid_0x00000000_0x0000e366_phys_0_eng_8_engtype_","utilization percentage","0"
"55.458","11436","pid_11436_luid_0x00000000_0x0000e366_phys_0_eng_9_engtype_","utilization percentage","0"
"55.458","11436","pid_11436_luid_0x00000000_0x0000e366_phys_0","dedicated usage","0"
"55.458","11436","pid_11436_luid_0x00000000_0x0000e366_phys_0","shared usage","81387520"
"55.484","9996","pid_9996_luid_0x00000000_0x0000e366_phys_0_eng_0_engtype_3d","utilization percentage","27.4626296961994"
"55.484","9996","pid_9996_luid_0x00000000_0x0000e366_phys_0_eng_10_engtype_legacyoverlay","utilization percentage","0"
"55.484","9996","pid_9996_luid_0x00000000_0x0000e366_phys_0_eng_11_engtype_","utilization percentage","0"
"55.484","9996","pid_9996_luid_0x00000000_0x0000e366_phys_0_eng_12_engtype_","utilization percentage","0"
"55.484","9996","pid_9996_luid_0x00000000_0x0000e366_phys_0_eng_1_engtype_videodecode","utilization percentage","5.24880065281105"
"55.484","9996","pid_9996_luid_0x00000000_0x0000e366_phys_0_eng_2_engtype_copy","utilization percentage","0"
"55.484","9996","pid_9996_luid_0x00000000_0x0000e366_phys_0_eng_3_engtype_videoprocessing","utilization percentage","0"
"55.484","9996","pid_9996_luid_0x00000000_0x0000e366_phys_0_eng_4_engtype_videodecode","utilization percentage","0"
"55.484","9996","pid_9996_luid_0x00000000_0x0000e366_phys_0_eng_5_engtype_","utilization percentage","0"
"55.484","9996","pid_9996_luid_0x00000000_0x0000e366_phys_0_eng_6_engtype_","utilization percentage","0"
"55.484","9996","pid_9996_luid_0x00000000_0x0000e366_phys_0_eng_7_engtype_","utilization percentage","0"
"55.484","9996","pid_9996_luid_0x00000000_0x0000e366_phys_0_eng_8_engtype_","utilization percentage","0"
"55.484","9996","pid_9996_luid_0x00000000_0x0000e366_phys_0_eng_9_engtype_","utilization percentage","0"
"55.484","9996","pid_9996_luid_0x00000000_0x0000e366_phys_0","dedicated usage","0"
"55.484","9996","pid_9996_luid_0x00000000_0x0000e366_phys_0","shared usage","307908608"
"55.509","13672","pid_13672_luid_0x00000000_0x0000e366_phys_0_eng_0_engtype_3d","utilization percentage","28.5632595467071"
"55.509","13672","pid_13672_luid_0x00000000_0x0000e366_phys_0_eng_10_engtype_legacyoverlay","utilization percentage","0"
"55.509","13672","pid_13672_luid_0x00000000_0x0000e366_phys_0_eng_11_engtype_","utilization percentage","0"
"55.509","13672","pid_13672_luid_0x00000000_0x0000e366_phys_0_eng_12_engtype_","utilization percentage","0"
"55.509","13672","pid_13672_luid_0x00000000_0x0000e366_phys_0_eng_1_engtype_videodecode","utilization percentage","0"
"55.509","13672","pid_13672_luid_0x00000000_0x0000e366_phys_0_eng_2_engtype_copy","utilization percentage","0"
"55.509","13672","pid_13672_luid_0x00000000_0x0000e366_phys_0_eng_3_engtype_videoprocessing","utilization percentage","0"
"55.509","13672","pid_13672_luid_0x00000000_0x0000e366_phys_0_eng_4_engtype_videodecode","utilization percentage","6.29688957519838"
"55.509","13672","pid_13672_luid_0x00000000_0x0000e366_phys_0_eng_5_engtype_","utilization percentage","0"
"55.509","13672","pid_13672_luid_0x00000000_0x0000e366_phys_0_eng_6_engtype_","utilization percentage","0"
"55.509","13672","pid_13672_luid_0x00000000_0x0000e366_phys_0_eng_7_engtype_","utilization percentage","0"
"55.509","13672","pid_13672_luid_0x00000000_0x0000e366_phys_0_eng_8_engtype_","utilization percentage","0"
"55.509","13672","pid_13672_luid_0x00000000_0x0000e366_phys_0_eng_9_engtype_","utilization percentage","0"
"55.509","13672","pid_13672_luid_0x00000000_0x0000e366_phys_0","dedicated usage","0"
"55.509","13672","pid_13672_luid_0x00000000_0x0000e366_phys_0","shared usage","305123328"
"56.531","11436","pid_11436_luid_0x00000000_0x0000e366_phys_0_eng_0_engtype_3d","utilization percentage","4.26764552798744"
"56.531","11436","pid_11436_luid_0x00000000_0x0000e366_phys_0_eng_10_engtype_legacyoverlay","utilization percentage","0"
"56.531","11436","pid_11436_luid_0x00000000_0x0000e366_phys_0_eng_11_engtype_","utilization percentage","0"
"56.531","11436","pid_11436_luid_0x00000000_0x0000e366_phys_0_eng_12_engtype_","utilization percentage","0"
"56.531","11436","pid_11436_luid_0x00000000_0x0000e366_phys_0_eng_1_engtype_videodecode","utilization percentage","1.65709655703887"
"56.531","11436","pid_11436_luid_0x00000000_0x0000e366_phys_0_eng_2_engtype_copy","utilization percentage","0"
"56.531","11436","pid_11436_luid_0x00000000_0x0000e366_phys_0_eng_3_engtype_videoprocessing","utilization percentage","0"
"56.531","11436","pid_11436_luid_0x00000000_0x0000e366_phys_0_eng_4_engtype_videodecode","utilization percentage","0"
"56.531","11436","pid_11436_luid_0x00000000_0x0000e366_phys_0_eng_5_engtype_","utilization percentage","0"
"56.531","11436","pid_11436_luid_0x00000000_0x0000e366_phys_0_eng_6_engtype_","utilization percentage","0"
"56.531","11436","pid_11436_luid_0x00000000_0x0000e366_phys_0_eng_7_engtype_","utilization percentage","0"
"56.531","11436","pid_11436_luid_0x00000000_0x0000e366_phys_0_eng_8_engtype_","utilization percentage","0"
"56.531","11436","pid_11436_luid_0x00000000_0x0000e366_phys_0_eng_9_engtype_","utilization percentage","0"
"56.531","11436","pid_11436_luid_0x00000000_0x0000e366_phys_0","dedicated usage","0"
"56.531","11436","pid_11436_luid_0x00000000_0x0000e366_phys_0","shared usage","81387520"
"56.549","9996","pid_9996_luid_0x00000000_0x0000e366_phys_0_eng_0_engtype_3d","utilization percentage","27.4602181049481"
"56.549","9996","pid_9996_luid_0x00000000_0x0000e366_phys_0_eng_10_engtype_legacyoverlay","utilization percentage","0"
"56.549","9996","pid_9996_luid_0x00000000_0x0000e366_phys_0_eng_11_engtype_","utilization percentage","0"
"56.549","9996","pid_9996_luid_0x00000000_0x0000e366_phys_0_eng_12_engtype_","utilization percentage","0"
"56.549","9996","pid_9996_luid_0x00000000_0x0000e366_phys_0_eng_1_engtype_videodecode","utilization percentage","5.28501233139476"
"56.549","9996","pid_9996_luid_0x00000000_0x0000e366_phys_0_eng_2_engtype_copy","utilization percentage","0"
"56.549","9996","pid_9996_luid_0x00000000_0x0000e366_phys_0_eng_3_engtype_videoprocessing","utilization percentage","0"
"56.549","9996","pid_9996_luid_0x00000000_0x0000e366_phys_0_eng_4_engtype_videodecode","utilization percentage","0"
"56.549","9996","pid_9996_luid_0x00000000_0x0000e366_phys_0_eng_5_engtype_","utilization percentage","0"
"56.549","9996","pid_9996_luid_0x00000000_0x0000e366_phys_0_eng_6_engtype_","utilization percentage","0"
"56.549","9996","pid_9996_luid_0x00000000_0x0000e366_phys_0_eng_7_engtype_","utilization percentage","0"
"56.549","9996","pid_9996_luid_0x00000000_0x0000e366_phys_0_eng_8_engtype_","utilization percentage","0"
"56.549","9996","pid_9996_luid_0x00000000_0x0000e366_phys_0_eng_9_engtype_","utilization percentage","0"
"56.549","9996","pid_9996_luid_0x00000000_0x0000e366_phys_0","dedicated usage","0"
"56.549","9996","pid_9996_luid_0x00000000_0x0000e366_phys_0","shared usage","307908608"
"56.573","13672","pid_13672_luid_0x00000000_0x0000e366_phys_0_eng_0_engtype_3d","utilization percentage","28.3794117365343"
"56.573","13672","pid_13672_luid_0x00000000_0x0000e366_phys_0_eng_10_engtype_legacyoverlay","utilization percentage","0"
"56.573","13672","pid_13672_luid_0x00000000_0x0000e366_phys_0_eng_11_engtype_","utilization percentage","0"
"56.573","13672","pid_13672_luid_0x00000000_0x0000e366_phys_0_eng_12_engtype_","utilization percentage","0"
"56.573","13672","pid_13672_luid_0x00000000_0x0000e366_phys_0_eng_1_engtype_videodecode","utilization percentage","0"
"56.573","13672","pid_13672_luid_0x00000000_0x0000e366_phys_0_eng_2_engtype_copy","utilization percentage","0"
"56.573","13672","pid_13672_luid_0x00000000_0x0000e366_phys_0_eng_3_engtype_videoprocessing","utilization percentage","0"
"56.573","13672","pid_13672_luid_0x00000000_0x0000e366_phys_0_eng_4_engtype_videodecode","utilization percentage","6.28290630901887"
"56.573","13672","pid_13672_luid_0x00000000_0x0000e366_phys_0_eng_5_engtype_","utilization percentage","0"
"56.573","13672","pid_13672_luid_0x00000000_0x0000e366_phys_0_eng_6_engtype_","utilization percentage","0"
"56.573","13672","pid_13672_luid_0x00000000_0x0000e366_phys_0_eng_7_engtype_","utilization percentage","0"
"56.573","13672","pid_13672_luid_0x00000000_0x0000e366_phys_0_eng_8_engtype_","utilization percentage","0"
"56.573","13672","pid_13672_luid_0x00000000_0x0000e366_phys_0_eng_9_engtype_","utilization percentage","0"
"56.573","13672","pid_13672_luid_0x00000000_0x0000e366_phys_0","dedicated usage","0"
"56.573","13672","pid_13672_luid_0x00000000_0x0000e366_phys_0","shared usage","305123328"
"57.607","11436","pid_11436_luid_0x00000000_0x0000e366_phys_0_eng_0_engtype_3d","utilization percentage","4.3368879847982"
"57.607","11436","pid_11436_luid_0x00000000_0x0000e366_phys_0_eng_10_engtype_legacyoverlay","utilization percentage","0"
"57.607","11436","pid_11436_luid_0x00000000_0x0000e366_phys_0_eng_11_engtype_","utilization percentage","0"
"57.607","11436","pid_11436_luid_0x00000000_0x0000e366_phys_0_eng_12_engtype_","utilization percentage","0"
"57.607","11436","pid_11436_luid_0x00000000_0x0000e366_phys_0_eng_1_engtype_videodecode","utilization percentage","1.46799643580747"
"57.607","11436","pid_11436_luid_0x00000000_0x0000e366_phys_0_eng_2_engtype_copy","utilization percentage","0"
"57.607","11436","pid_11436_luid_0x00000000_0x0000e366_phys_0_eng_3_engtype_videoprocessing","utilization percentage","0"
"57.607","11436","pid_11436_luid_0x00000000_0x0000e366_phys_0_eng_4_engtype_videodecode","utilization percentage","0"
"57.607","11436","pid_11436_luid_0x00000000_0x0000e366_phys_0_eng_5_engtype_","utilization percentage","0"
"57.607","11436","pid_11436_luid_0x00000000_0x0000e366_phys_0_eng_6_engtype_","utilization percentage","0"
"57.607","11436","pid_11436_luid_0x00000000_0x0000e366_phys_0_eng_7_engtype_","utilization percentage","0"
"57.607","11436","pid_11436_luid_0x00000000_0x0000e366_phys_0_eng_8_engtype_","utilization percentage","0"
"57.607","11436","pid_11436_luid_0x00000000_0x0000e366_phys_0_eng_9_engtype_","utilization percentage","0"
"57.607","11436","pid_11436_luid_0x00000000_0x0000e366_phys_0","dedicated usage","0"
"57.607","11436","pid_11436_luid_0x00000000_0x0000e366_phys_0","shared usage","81387520"
"57.628","9996","pid_9996_luid_0x00000000_0x0000e366_phys_0_eng_0_engtype_3d","utilization percentage","27.7877513467581"
"57.628","9996","pid_9996_luid_0x00000000_0x0000e366_phys_0_eng_10_engtype_legacyoverlay","utilization percentage","0"
"57.628","9996","pid_9996_luid_0x00000000_0x0000e366_phys_0_eng_11_engtype_","utilization percentage","0"
"57.628","9996","pid_9996_luid_0x00000000_0x0000e366_phys_0_eng_12_engtype_","utilization percentage","0"
"57.628","9996","pid_9996_luid_0x00000000_0x0000e366_phys_0_eng_1_engtype_videodecode","utilization percentage","4.99163168096132"
"57.628","9996","pid_9996_luid_0x00000000_0x0000e366_phys_0_eng_2_engtype_copy","utilization percentage","0"
"57.628","9996","pid_9996_luid_0x00000000_0x0000e366_phys_0_eng_3_engtype_videoprocessing","utilization percentage","0"
"57.628","9996","pid_9996_luid_0x00000000_0x0000e366_phys_0_eng_4_engtype_videodecode","utilization percentage","0"
"57.628","9996","pid_9996_luid_0x00000000_0x0000e366_phys_0_eng_5_engtype_","utilization percentage","0"
"57.628","9996","pid_9996_luid_0x00000000_0x0000e366_phys_0_eng_6_engtype_","utilization percentage","0"
"57.628","9996","pid_9996_luid_0x00000000_0x0000e366_phys_0_eng_7_engtype_","utilization percentage","0"
"57.628","9996","pid_9996_luid_0x00000000_0x0000e366_phys_0_eng_8_engtype_","utilization percentage","0"
"57.628","9996","pid_9996_luid_0x00000000_0x0000e366_phys_0_eng_9_engtype_","utilization percentage","0"
"57.628","9996","pid_9996_luid_0x00000000_0x0000e366_phys_0","dedicated usage","0"
"57.628","9996","pid_9996_luid_0x00000000_0x0000e366_phys_0","shared usage","307908608"
"57.654","13672","pid_13672_luid_0x00000000_0x0000e366_phys_0_eng_0_engtype_3d","utilization percentage","28.2791470962245"
"57.654","13672","pid_13672_luid_0x00000000_0x0000e366_phys_0_eng_10_engtype_legacyoverlay","utilization percentage","0"
"57.654","13672","pid_13672_luid_0x00000000_0x0000e366_phys_0_eng_11_engtype_","utilization percentage","0"
"57.654","13672","pid_13672_luid_0x00000000_0x0000e366_phys_0_eng_12_engtype_","utilization percentage","0"
"57.654","13672","pid_13672_luid_0x00000000_0x0000e366_phys_0_eng_1_engtype_videodecode","utilization percentage","0"
"57.654","13672","pid_13672_luid_0x00000000_0x0000e366_phys_0_eng_2_engtype_copy","utilization percentage","0"
"57.654","13672","pid_13672_luid_0x00000000_0x0000e366_phys_0_eng_3_engtype_videoprocessing","utilization percentage","0"
"57.654","13672","pid_13672_luid_0x00000000_0x0000e366_phys_0_eng_4_engtype_videodecode","utilization percentage","6.23646983456638"
"57.654","13672","pid_13672_luid_0x00000000_0x0000e366_phys_0_eng_5_engtype_","utilization percentage","0"
"57.654","13672","pid_13672_luid_0x00000000_0x0000e366_phys_0_eng_6_engtype_","utilization percentage","0"
"57.654","13672","pid_13672_luid_0x00000000_0x0000e366_phys_0_eng_7_engtype_","utilization percentage","0"
"57.654","13672","pid_13672_luid_0x00000000_0x0000e366_phys_0_eng_8_engtype_","utilization percentage","0"
"57.654","13672","pid_13672_luid_0x00000000_0x0000e366_phys_0_eng_9_engtype_","utilization percentage","0"
"57.654","13672","pid_13672_luid_0x00000000_0x0000e366_phys_0","dedicated usage","0"
"57.654","13672","pid_13672_luid_0x00000000_0x0000e366_phys_0","shared usage","305123328"
"58.678","11436","pid_11436_luid_0x00000000_0x0000e366_phys_0_eng_0_engtype_3d","utilization percentage","4.26256822794886"
"58.678","11436","pid_11436_luid_0x00000000_0x0000e366_phys_0_eng_10_engtype_legacyoverlay","utilization percentage","0"
"58.678","11436","pid_11436_luid_0x00000000_0x0000e366_phys_0_eng_11_engtype_","utilization percentage","0"
"58.678","11436","pid_11436_luid_0x00000000_0x0000e366_phys_0_eng_12_engtype_","utilization percentage","0"
"58.678","11436","pid_11436_luid_0x00000000_0x0000e366_phys_0_eng_1_engtype_videodecode","utilization percentage","1.41829203741236"
"58.678","11436","pid_11436_luid_0x00000000_0x0000e366_phys_0_eng_2_engtype_copy","utilization percentage","0"
"58.678","11436","pid_11436_luid_0x00000000_0x0000e366_phys_0_eng_3_engtype_videoprocessing","utilization percentage","0"
"58.678","11436","pid_11436_luid_0x00000000_0x0000e366_phys_0_eng_4_engtype_videodecode","utilization percentage","0"
"58.678","11436","pid_11436_luid_0x00000000_0x0000e366_phys_0_eng_5_engtype_","utilization percentage","0"
"58.678","11436","pid_11436_luid_0x00000000_0x0000e366_phys_0_eng_6_engtype_","utilization percentage","0"
"58.678","11436","pid_11436_luid_0x00000000_0x0000e366_phys_0_eng_7_engtype_","utilization percentage","0"
"58.678","11436","pid_11436_luid_0x00000000_0x0000e366_phys_0_eng_8_engtype_","utilization percentage","0"
"58.678","11436","pid_11436_luid_0x00000000_0x0000e366_phys_0_eng_9_engtype_","utilization percentage","0"
"58.678","11436","pid_11436_luid_0x00000000_0x0000e366_phys_0","dedicated usage","0"
"58.678","11436","pid_11436_luid_0x00000000_0x0000e366_phys_0","shared usage","81387520"
"58.688","9996","pid_9996_luid_0x00000000_0x0000e366_phys_0_eng_0_engtype_3d","utilization percentage","27.4811077540624"
"58.688","9996","pid_9996_luid_0x00000000_0x0000e366_phys_0_eng_10_engtype_legacyoverlay","utilization percentage","0"
"58.688","9996","pid_9996_luid_0x00000000_0x0000e366_phys_0_eng_11_engtype_","utilization percentage","0"
"58.688","9996","pid_9996_luid_0x00000000_0x0000e366_phys_0_eng_12_engtype_","utilization percentage","0"
"58.688","9996","pid_9996_luid_0x00000000_0x0000e366_phys_0_eng_1_engtype_videodecode","utilization percentage","5.06197088767015"
"58.688","9996","pid_9996_luid_0x00000000_0x0000e366_phys_0_eng_2_engtype_copy","utilization percentage","0"
"58.688","9996","pid_9996_luid_0x00000000_0x0000e366_phys_0_eng_3_engtype_videoprocessing","utilization percentage","0"
"58.688","9996","pid_9996_luid_0x00000000_0x0000e366_phys_0_eng_4_engtype_videodecode","utilization percentage","0"
"58.688","9996","pid_9996_luid_0x00000000_0x0000e366_phys_0_eng_5_engtype_","utilization percentage","0"
"58.688","9996","pid_9996_luid_0x00000000_0x0000e366_phys_0_eng_6_engtype_","utilization percentage","0"
"58.688","9996","pid_9996_luid_0x00000000_0x0000e366_phys_0_eng_7_engtype_","utilization percentage","0"
"58.688","9996","pid_9996_luid_0x00000000_0x0000e366_phys_0_eng_8_engtype_","utilization percentage","0"
"58.688","9996","pid_9996_luid_0x00000000_0x0000e366_phys_0_eng_9_engtype_","utilization percentage","0"
"58.688","9996","pid_9996_luid_0x00000000_0x0000e366_phys_0","dedicated usage","0"
"58.688","9996","pid_9996_luid_0x00000000_0x0000e366_phys_0","shared usage","307908608"
"58.709","13672","pid_13672_luid_0x00000000_0x0000e366_phys_0_eng_0_engtype_3d","utilization percentage","28.4737352429647"
"58.709","13672","pid_13672_luid_0x00000000_0x0000e366_phys_0_eng_10_engtype_legacyoverlay","utilization percentage","0"
"58.709","13672","pid_13672_luid_0x00000000_0x0000e366_phys_0_eng_11_engtype_","utilization percentage","0"
"58.709","13672","pid_13672_luid_0x00000000_0x0000e366_phys_0_eng_12_engtype_","utilization percentage","0"
"58.709","13672","pid_13672_luid_0x00000000_0x0000e366_phys_0_eng_1_engtype_videodecode","utilization percentage","0"
"58.709","13672","pid_13672_luid_0x00000000_0x0000e366_phys_0_eng_2_engtype_copy","utilization percentage","0"
"58.709","13672","pid_13672_luid_0x00000000_0x0000e366_phys_0_eng_3_engtype_videoprocessing","utilization percentage","0"
"58.709","13672","pid_13672_luid_0x00000000_0x0000e366_phys_0_eng_4_engtype_videodecode","utilization percentage","6.37020793297392"
"58.709","13672","pid_13672_luid_0x00000000_0x0000e366_phys_0_eng_5_engtype_","utilization percentage","0"
"58.709","13672","pid_13672_luid_0x00000000_0x0000e366_phys_0_eng_6_engtype_","utilization percentage","0"
"58.709","13672","pid_13672_luid_0x00000000_0x0000e366_phys_0_eng_7_engtype_","utilization percentage","0"
"58.709","13672","pid_13672_luid_0x00000000_0x0000e366_phys_0_eng_8_engtype_","utilization percentage","0"
"58.709","13672","pid_13672_luid_0x00000000_0x0000e366_phys_0_eng_9_engtype_","utilization percentage","0"
"58.709","13672","pid_13672_luid_0x00000000_0x0000e366_phys_0","dedicated usage","0"
"58.709","13672","pid_13672_luid_0x00000000_0x0000e366_phys_0","shared usage","305123328"
"59.755","11436","pid_11436_luid_0x00000000_0x0000e366_phys_0_eng_0_engtype_3d","utilization percentage","4.29358565435425"
"59.755","11436","pid_11436_luid_0x00000000_0x0000e366_phys_0_eng_10_engtype_legacyoverlay","utilization percentage","0"
"59.755","11436","pid_11436_luid_0x00000000_0x0000e366_phys_0_eng_11_engtype_","utilization percentage","0"
"59.755","11436","pid_11436_luid_0x00000000_0x0000e366_phys_0_eng_12_engtype_","utilization percentage","0"
"59.755","11436","pid_11436_luid_0x00000000_0x0000e366_phys_0_eng_1_engtype_videodecode","utilization percentage","1.56192364333955"
"59.755","11436","pid_11436_luid_0x00000000_0x0000e366_phys_0_eng_2_engtype_copy","utilization percentage","0"
"59.755","11436","pid_11436_luid_0x00000000_0x0000e366_phys_0_eng_3_engtype_videoprocessing","utilization percentage","0"
"59.755","11436","pid_11436_luid_0x00000000_0x0000e366_phys_0_eng_4_engtype_videodecode","utilization percentage","0"
"59.755","11436","pid_11436_luid_0x00000000_0x0000e366_phys_0_eng_5_engtype_","utilization percentage","0"
"59.755","11436","pid_11436_luid_0x00000000_0x0000e366_phys_0_eng_6_engtype_","utilization percentage","0"
"59.755","11436","pid_11436_luid_0x00000000_0x0000e366_phys_0_eng_7_engtype_","utilization percentage","0"
"59.755","11436","pid_11436_luid_0x00000000_0x0000e366_phys_0_eng_8_engtype_","utilization percentage","0"
"59.755","11436","pid_11436_luid_0x00000000_0x0000e366_phys_0_eng_9_engtype_","utilization percentage","0"
"59.755","11436","pid_11436_luid_0x00000000_0x0000e366_phys_0","dedicated usage","0"
"59.755","11436","pid_11436_luid_0x00000000_0x0000e366_phys_0","shared usage","81387520"
"59.779","9996","pid_9996_luid_0x00000000_0x0000e366_phys_0_eng_0_engtype_3d","utilization percentage","24.1638846534247"
"59.779","9996","pid_9996_luid_0x00000000_0x0000e366_phys_0_eng_10_engtype_legacyoverlay","utilization percentage","0"
"59.779","9996","pid_9996_luid_0x00000000_0x0000e366_phys_0_eng_11_engtype_","utilization percentage","0"
"59.779","9996","pid_9996_luid_0x00000000_0x0000e366_phys_0_eng_12_engtype_","utilization percentage","0"
"59.779","9996","pid_9996_luid_0x00000000_0x0000e366_phys_0_eng_1_engtype_videodecode","utilization percentage","4.42757244689869"
"59.779","9996","pid_9996_luid_0x00000000_0x0000e366_phys_0_eng_2_engtype_copy","utilization percentage","0"
"59.779","9996","pid_9996_luid_0x00000000_0x0000e366_phys_0_eng_3_engtype_videoprocessing","utilization percentage","0"
"59.779","9996","pid_9996_luid_0x00000000_0x0000e366_phys_0_eng_4_engtype_videodecode","utilization percentage","0"
"59.779","9996","pid_9996_luid_0x00000000_0x0000e366_phys_0_eng_5_engtype_","utilization percentage","0"
"59.779","9996","pid_9996_luid_0x00000000_0x0000e366_phys_0_eng_6_engtype_","utilization percentage","0"
"59.779","9996","pid_9996_luid_0x00000000_0x0000e366_phys_0_eng_7_engtype_","utilization percentage","0"
"59.779","9996","pid_9996_luid_0x00000000_0x0000e366_phys_0_eng_8_engtype_","utilization percentage","0"
"59.779","9996","pid_9996_luid_0x00000000_0x0000e366_phys_0_eng_9_engtype_","utilization percentage","0"
"59.779","9996","pid_9996_luid_0x00000000_0x0000e366_phys_0","dedicated usage","0"
"59.779","9996","pid_9996_luid_0x00000000_0x0000e366_phys_0","shared usage","307908608"
"59.805","13672","pid_13672_luid_0x00000000_0x0000e366_phys_0_eng_0_engtype_3d","utilization percentage","25.5217588561401"
"59.805","13672","pid_13672_luid_0x00000000_0x0000e366_phys_0_eng_10_engtype_legacyoverlay","utilization percentage","0"
"59.805","13672","pid_13672_luid_0x00000000_0x0000e366_phys_0_eng_11_engtype_","utilization percentage","0"
"59.805","13672","pid_13672_luid_0x00000000_0x0000e366_phys_0_eng_12_engtype_","utilization percentage","0"
"59.805","13672","pid_13672_luid_0x00000000_0x0000e366_phys_0_eng_1_engtype_videodecode","utilization percentage","0"
"59.805","13672","pid_13672_luid_0x00000000_0x0000e366_phys_0_eng_2_engtype_copy","utilization percentage","0"
"59.805","13672","pid_13672_luid_0x00000000_0x0000e366_phys_0_eng_3_engtype_videoprocessing","utilization percentage","0"
"59.805","13672","pid_13672_luid_0x00000000_0x0000e366_phys_0_eng_4_engtype_videodecode","utilization percentage","5.70629715603128"
"59.805","13672","pid_13672_luid_0x00000000_0x0000e366_phys_0_eng_5_engtype_","utilization percentage","0"
"59.805","13672","pid_13672_luid_0x00000000_0x0000e366_phys_0_eng_6_engtype_","utilization percentage","0"
"59.805","13672","pid_13672_luid_0x00000000_0x0000e366_phys_0_eng_7_engtype_","utilization percentage","0"
"59.805","13672","pid_13672_luid_0x00000000_0x0000e366_phys_0_eng_8_engtype_","utilization percentage","0"
"59.805","13672","pid_13672_luid_0x00000000_0x0000e366_phys_0_eng_9_engtype_","utilization percentage","0"
"59.805","13672","pid_13672_luid_0x00000000_0x0000e366_phys_0","dedicated usage","0"
"59.805","13672","pid_13672_luid_0x00000000_0x0000e366_phys_0","shared usage","305123328"
"60.838","11436","pid_11436_luid_0x00000000_0x0000e366_phys_0_eng_0_engtype_3d","utilization percentage","3.80463360498305"
"60.838","11436","pid_11436_luid_0x00000000_0x0000e366_phys_0_eng_10_engtype_legacyoverlay","utilization percentage","0"
"60.838","11436","pid_11436_luid_0x00000000_0x0000e366_phys_0_eng_11_engtype_","utilization percentage","0"
"60.838","11436","pid_11436_luid_0x00000000_0x0000e366_phys_0_eng_12_engtype_","utilization percentage","0"
"60.838","11436","pid_11436_luid_0x00000000_0x0000e366_phys_0_eng_1_engtype_videodecode","utilization percentage","1.53937198914385"
"60.838","11436","pid_11436_luid_0x00000000_0x0000e366_phys_0_eng_2_engtype_copy","utilization percentage","0"
"60.838","11436","pid_11436_luid_0x00000000_0x0000e366_phys_0_eng_3_engtype_videoprocessing","utilization percentage","0"
"60.838","11436","pid_11436_luid_0x00000000_0x0000e366_phys_0_eng_4_engtype_videodecode","utilization percentage","0"
"60.838","11436","pid_11436_luid_0x00000000_0x0000e366_phys_0_eng_5_engtype_","utilization percentage","0"
"60.838","11436","pid_11436_luid_0x00000000_0x0000e366_phys_0_eng_6_engtype_","utilization percentage","0"
"60.838","11436","pid_11436_luid_0x00000000_0x0000e366_phys_0_eng_7_engtype_","utilization percentage","0"
"60.838","11436","pid_11436_luid_0x00000000_0x0000e366_phys_0_eng_8_engtype_","utilization percentage","0"
"60.838","11436","pid_11436_luid_0x00000000_0x0000e366_phys_0_eng_9_engtype_","utilization percentage","0"
"60.838","11436","pid_11436_luid_0x00000000_0x0000e366_phys_0","dedicated usage","0"
"60.838","11436","pid_11436_luid_0x00000000_0x0000e366_phys_0","shared usage","81387520"
"60.861","9996","pid_9996_luid_0x00000000_0x0000e366_phys_0_eng_0_engtype_3d","utilization percentage","20.9766105716452"
"60.861","9996","pid_9996_luid_0x00000000_0x0000e366_phys_0_eng_10_engtype_legacyoverlay","utilization percentage","0"
"60.861","9996","pid_9996_luid_0x00000000_0x0000e366_phys_0_eng_11_engtype_","utilization percentage","0"
"60.861","9996","pid_9996_luid_0x00000000_0x0000e366_phys_0_eng_12_engtype_","utilization percentage","0"
"60.861","9996","pid_9996_luid_0x00000000_0x0000e366_phys_0_eng_1_engtype_videodecode","utilization percentage","3.80787163028578"
"60.861","9996","pid_9996_luid_0x00000000_0x0000e366_phys_0_eng_2_engtype_copy","utilization percentage","0"
"60.861","9996","pid_9996_luid_0x00000000_0x0000e366_phys_0_eng_3_engtype_videoprocessing","utilization percentage","0"
"60.861","9996","pid_9996_luid_0x00000000_0x0000e366_phys_0_eng_4_engtype_videodecode","utilization percentage","0"
"60.861","9996","pid_9996_luid_0x00000000_0x0000e366_phys_0_eng_5_engtype_","utilization percentage","0"
"60.861","9996","pid_9996_luid_0x00000000_0x0000e366_phys_0_eng_6_engtype_","utilization percentage","0"
"60.861","9996","pid_9996_luid_0x00000000_0x0000e366_phys_0_eng_7_engtype_","utilization percentage","0"
"60.861","9996","pid_9996_luid_0x00000000_0x0000e366_phys_0_eng_8_engtype_","utilization percentage","0"
"60.861","9996","pid_9996_luid_0x00000000_0x0000e366_phys_0_eng_9_engtype_","utilization percentage","0"
"60.861","9996","pid_9996_luid_0x00000000_0x0000e366_phys_0","dedicated usage","0"
"60.861","9996","pid_9996_luid_0x00000000_0x0000e366_phys_0","shared usage","307908608"
"60.889","13672","pid_13672_luid_0x00000000_0x0000e366_phys_0_eng_0_engtype_3d","utilization percentage","22.1326317304339"
"60.889","13672","pid_13672_luid_0x00000000_0x0000e366_phys_0_eng_10_engtype_legacyoverlay","utilization percentage","0"
"60.889","13672","pid_13672_luid_0x00000000_0x0000e366_phys_0_eng_11_engtype_","utilization percentage","0"
"60.889","13672","pid_13672_luid_0x00000000_0x0000e366_phys_0_eng_12_engtype_","utilization percentage","0"
"60.889","13672","pid_13672_luid_0x00000000_0x0000e366_phys_0_eng_1_engtype_videodecode","utilization percentage","0"
"60.889","13672","pid_13672_luid_0x00000000_0x0000e366_phys_0_eng_2_engtype_copy","utilization percentage","0"
"60.889","13672","pid_13672_luid_0x00000000_0x0000e366_phys_0_eng_3_engtype_videoprocessing","utilization percentage","0"
"60.889","13672","pid_13672_luid_0x00000000_0x0000e366_phys_0_eng_4_engtype_videodecode","utilization percentage","5.4216720756757"
"60.889","13672","pid_13672_luid_0x00000000_0x0000e366_phys_0_eng_5_engtype_","utilization percentage","0"
"60.889","13672","pid_13672_luid_0x00000000_0x0000e366_phys_0_eng_6_engtype_","utilization percentage","0"
"60.889","13672","pid_13672_luid_0x00000000_0x0000e366_phys_0_eng_7_engtype_","utilization percentage","0"
"60.889","13672","pid_13672_luid_0x00000000_0x0000e366_phys_0_eng_8_engtype_","utilization percentage","0"
"60.889","13672","pid_13672_luid_0x00000000_0x0000e366_phys_0_eng_9_engtype_","utilization percentage","0"
"60.889","13672","pid_13672_luid_0x00000000_0x0000e366_phys_0","dedicated usage","0"
"60.889","13672","pid_13672_luid_0x00000000_0x0000e366_phys_0","shared usage","305123328"
"61.925","11436","pid_11436_luid_0x00000000_0x0000e366_phys_0_eng_0_engtype_3d","utilization percentage","4.26061827253553"
"61.925","11436","pid_11436_luid_0x00000000_0x0000e366_phys_0_eng_10_engtype_legacyoverlay","utilization percentage","0"
"61.925","11436","pid_11436_luid_0x00000000_0x0000e366_phys_0_eng_11_engtype_","utilization percentage","0"
"61.925","11436","pid_11436_luid_0x00000000_0x0000e366_phys_0_eng_12_engtype_","utilization percentage","0"
"61.925","11436","pid_11436_luid_0x00000000_0x0000e366_phys_0_eng_1_engtype_videodecode","utilization percentage","1.38964477157238"
"61.925","11436","pid_11436_luid_0x00000000_0x0000e366_phys_0_eng_2_engtype_copy","utilization percentage","0"
"61.925","11436","pid_11436_luid_0x00000000_0x0000e366_phys_0_eng_3_engtype_videoprocessing","utilization percentage","0"
"61.925","11436","pid_11436_luid_0x00000000_0x0000e366_phys_0_eng_4_engtype_videodecode","utilization percentage","0"
"61.925","11436","pid_11436_luid_0x00000000_0x0000e366_phys_0_eng_5_engtype_","utilization percentage","0"
"61.925","11436","pid_11436_luid_0x00000000_0x0000e366_phys_0_eng_6_engtype_","utilization percentage","0"
"61.925","11436","pid_11436_luid_0x00000000_0x0000e366_phys_0_eng_7_engtype_","utilization percentage","0"
"61.925","11436","pid_11436_luid_0x00000000_0x0000e366_phys_0_eng_8_engtype_","utilization percentage","0"
"61.925","11436","pid_11436_luid_0x00000000_0x0000e366_phys_0_eng_9_engtype_","utilization percentage","0"
"61.925","11436","pid_11436_luid_0x00000000_0x0000e366_phys_0","dedicated usage","0"
"61.925","11436","pid_11436_luid_0x00000000_0x0000e366_phys_0","shared usage","81387520"
"61.934","9996","pid_9996_luid_0x00000000_0x0000e366_phys_0_eng_0_engtype_3d","utilization percentage","22.6050164406591"
"61.934","9996","pid_9996_luid_0x00000000_0x0000e366_phys_0_eng_10_engtype_legacyoverlay","utilization percentage","0"
"61.934","9996","pid_9996_luid_0x00000000_0x0000e366_phys_0_eng_11_engtype_","utilization percentage","0"
"61.934","9996","pid_9996_luid_0x00000000_0x0000e366_phys_0_eng_12_engtype_","utilization percentage","0"
"61.934","9996","pid_9996_luid_0x00000000_0x0000e366_phys_0_eng_1_engtype_videodecode","utilization percentage","4.10261796882322"
"61.934","9996","pid_9996_luid_0x00000000_0x0000e366_phys_0_eng_2_engtype_copy","utilization percentage","0"
"61.934","9996","pid_9996_luid_0x00000000_0x0000e366_phys_0_eng_3_engtype_videoprocessing","utilization percentage","0"
"61.934","9996","pid_9996_luid_0x00000000_0x0000e366_phys_0_eng_4_engtype_videodecode","utilization percentage","0"
"61.934","9996","pid_9996_luid_0x00000000_0x0000e366_phys_0_eng_5_engtype_","utilization percentage","0"
"61.934","9996","pid_9996_luid_0x00000000_0x0000e366_phys_0_eng_6_engtype_","utilization percentage","0"
"61.934","9996","pid_9996_luid_0x00000000_0x0000e366_phys_0_eng_7_engtype_","utilization percentage","0"
"61.934","9996","pid_9996_luid_0x00000000_0x0000e366_phys_0_eng_8_engtype_","utilization percentage","0"
"61.934","9996","pid_9996_luid_0x00000000_0x0000e366_phys_0_eng_9_engtype_","utilization percentage","0"
"61.934","9996","pid_9996_luid_0x00000000_0x0000e366_phys_0","dedicated usage","0"
"61.934","9996","pid_9996_luid_0x00000000_0x0000e366_phys_0","shared usage","307908608"
"61.947","13672","pid_13672_luid_0x00000000_0x0000e366_phys_0_eng_0_engtype_3d","utilization percentage","24.2235215892818"
"61.947","13672","pid_13672_luid_0x00000000_0x0000e366_phys_0_eng_10_engtype_legacyoverlay","utilization percentage","0"
"61.947","13672","pid_13672_luid_0x00000000_0x0000e366_phys_0_eng_11_engtype_","utilization percentage","0"
"61.947","13672","pid_13672_luid_0x00000000_0x0000e366_phys_0_eng_12_engtype_","utilization percentage","0"
"61.947","13672","pid_13672_luid_0x00000000_0x0000e366_phys_0_eng_1_engtype_videodecode","utilization percentage","0"
"61.947","13672","pid_13672_luid_0x00000000_0x0000e366_phys_0_eng_2_engtype_copy","utilization percentage","0"
"61.947","13672","pid_13672_luid_0x00000000_0x0000e366_phys_0_eng_3_engtype_videoprocessing","utilization percentage","0"
"61.947","13672","pid_13672_luid_0x00000000_0x0000e366_phys_0_eng_4_engtype_videodecode","utilization percentage","5.41026409633953"
"61.947","13672","pid_13672_luid_0x00000000_0x0000e366_phys_0_eng_5_engtype_","utilization percentage","0"
"61.947","13672","pid_13672_luid_0x00000000_0x0000e366_phys_0_eng_6_engtype_","utilization percentage","0"
"61.947","13672","pid_13672_luid_0x00000000_0x0000e366_phys_0_eng_7_engtype_","utilization percentage","0"
"61.947","13672","pid_13672_luid_0x00000000_0x0000e366_phys_0_eng_8_engtype_","utilization percentage","0"
"61.947","13672","pid_13672_luid_0x00000000_0x0000e366_phys_0_eng_9_engtype_","utilization percentage","0"
"61.947","13672","pid_13672_luid_0x00000000_0x0000e366_phys_0","dedicated usage","0"
"61.947","13672","pid_13672_luid_0x00000000_0x0000e366_phys_0","shared usage","305123328"
"62.983","11436","pid_11436_luid_0x00000000_0x0000e366_phys_0_eng_0_engtype_3d","utilization percentage","4.20905463487861"
"62.983","11436","pid_11436_luid_0x00000000_0x0000e366_phys_0_eng_10_engtype_legacyoverlay","utilization percentage","0"
"62.983","11436","pid_11436_luid_0x00000000_0x0000e366_phys_0_eng_11_engtype_","utilization percentage","0"
"62.983","11436","pid_11436_luid_0x00000000_0x0000e366_phys_0_eng_12_engtype_","utilization percentage","0"
"62.983","11436","pid_11436_luid_0x00000000_0x0000e366_phys_0_eng_1_engtype_videodecode","utilization percentage","0.782711319871074"
"62.983","11436","pid_11436_luid_0x00000000_0x0000e366_phys_0_eng_2_engtype_copy","utilization percentage","0"
"62.983","11436","pid_11436_luid_0x00000000_0x0000e366_phys_0_eng_3_engtype_videoprocessing","utilization percentage","0"
"62.983","11436","pid_11436_luid_0x00000000_0x0000e366_phys_0_eng_4_engtype_videodecode","utilization percentage","0"
"62.983","11436","pid_11436_luid_0x00000000_0x0000e366_phys_0_eng_5_engtype_","utilization percentage","0"
"62.983","11436","pid_11436_luid_0x00000000_0x0000e366_phys_0_eng_6_engtype_","utilization percentage","0"
"62.983","11436","pid_11436_luid_0x00000000_0x0000e366_phys_0_eng_7_engtype_","utilization percentage","0"
"62.983","11436","pid_11436_luid_0x00000000_0x0000e366_phys_0_eng_8_engtype_","utilization percentage","0"
"62.983","11436","pid_11436_luid_0x00000000_0x0000e366_phys_0_eng_9_engtype_","utilization percentage","0"
"62.983","11436","pid_11436_luid_0x00000000_0x0000e366_phys_0","dedicated usage","0"
"62.983","11436","pid_11436_luid_0x00000000_0x0000e366_phys_0","shared usage","81387520"
"62.996","9996","pid_9996_luid_0x00000000_0x0000e366_phys_0_eng_0_engtype_3d","utilization percentage","26.2010777087194"
"62.996","9996","pid_9996_luid_0x00000000_0x0000e366_phys_0_eng_10_engtype_legacyoverlay","utilization percentage","0"
"62.996","9996","pid_9996_luid_0x00000000_0x0000e366_phys_0_eng_11_engtype_","utilization percentage","0"
"62.996","9996","pid_9996_luid_0x00000000_0x0000e366_phys_0_eng_12_engtype_","utilization percentage","0"
"62.996","9996","pid_9996_luid_0x00000000_0x0000e366_phys_0_eng_1_engtype_videodecode","utilization percentage","4.95179064271649"
"62.996","9996","pid_9996_luid_0x00000000_0x0000e366_phys_0_eng_2_engtype_copy","utilization percentage","0"
"62.996","9996","pid_9996_luid_0x00000000_0x0000e366_phys_0_eng_3_engtype_videoprocessing","utilization percentage","0"
"62.996","9996","pid_9996_luid_0x00000000_0x0000e366_phys_0_eng_4_engtype_videodecode","utilization percentage","0"
"62.996","9996","pid_9996_luid_0x00000000_0x0000e366_phys_0_eng_5_engtype_","utilization percentage","0"
"62.996","9996","pid_9996_luid_0x00000000_0x0000e366_phys_0_eng_6_engtype_","utilization percentage","0"
"62.996","9996","pid_9996_luid_0x00000000_0x0000e366_phys_0_eng_7_engtype_","utilization percentage","0"
"62.996","9996","pid_9996_luid_0x00000000_0x0000e366_phys_0_eng_8_engtype_","utilization percentage","0"
"62.996","9996","pid_9996_luid_0x00000000_0x0000e366_phys_0_eng_9_engtype_","utilization percentage","0"
"62.996","9996","pid_9996_luid_0x00000000_0x0000e366_phys_0","dedicated usage","0"
"62.996","9996","pid_9996_luid_0x00000000_0x0000e366_phys_0","shared usage","307908608"
"63.021","13672","pid_13672_luid_0x00000000_0x0000e366_phys_0_eng_0_engtype_3d","utilization percentage","27.0180684254167"
"63.021","13672","pid_13672_luid_0x00000000_0x0000e366_phys_0_eng_10_engtype_legacyoverlay","utilization percentage","0"
"63.021","13672","pid_13672_luid_0x00000000_0x0000e366_phys_0_eng_11_engtype_","utilization percentage","0"
"63.021","13672","pid_13672_luid_0x00000000_0x0000e366_phys_0_eng_12_engtype_","utilization percentage","0"
"63.021","13672","pid_13672_luid_0x00000000_0x0000e366_phys_0_eng_1_engtype_videodecode","utilization percentage","0"
"63.021","13672","pid_13672_luid_0x00000000_0x0000e366_phys_0_eng_2_engtype_copy","utilization percentage","0"
"63.021","13672","pid_13672_luid_0x00000000_0x0000e366_phys_0_eng_3_engtype_videoprocessing","utilization percentage","0"
"63.021","13672","pid_13672_luid_0x00000000_0x0000e366_phys_0_eng_4_engtype_videodecode","utilization percentage","5.97155782997533"
"63.021","13672","pid_13672_luid_0x00000000_0x0000e366_phys_0_eng_5_engtype_","utilization percentage","0"
"63.021","13672","pid_13672_luid_0x00000000_0x0000e366_phys_0_eng_6_engtype_","utilization percentage","0"
"63.021","13672","pid_13672_luid_0x00000000_0x0000e366_phys_0_eng_7_engtype_","utilization percentage","0"
"63.021","13672","pid_13672_luid_0x00000000_0x0000e366_phys_0_eng_8_engtype_","utilization percentage","0"
"63.021","13672","pid_13672_luid_0x00000000_0x0000e366_phys_0_eng_9_engtype_","utilization percentage","0"
"63.021","13672","pid_13672_luid_0x00000000_0x0000e366_phys_0","dedicated usage","0"
"63.021","13672","pid_13672_luid_0x00000000_0x0000e366_phys_0","shared usage","305123328"
"64.052","11436","pid_11436_luid_0x00000000_0x0000e366_phys_0_eng_0_engtype_3d","utilization percentage","4.44625991330954"
"64.052","11436","pid_11436_luid_0x00000000_0x0000e366_phys_0_eng_10_engtype_legacyoverlay","utilization percentage","0"
"64.052","11436","pid_11436_luid_0x00000000_0x0000e366_phys_0_eng_11_engtype_","utilization percentage","0"
"64.052","11436","pid_11436_luid_0x00000000_0x0000e366_phys_0_eng_12_engtype_","utilization percentage","0"
"64.052","11436","pid_11436_luid_0x00000000_0x0000e366_phys_0_eng_1_engtype_videodecode","utilization percentage","1.80011999552939"
"64.052","11436","pid_11436_luid_0x00000000_0x0000e366_phys_0_eng_2_engtype_copy","utilization percentage","0"
"64.052","11436","pid_11436_luid_0x00000000_0x0000e366_phys_0_eng_3_engtype_videoprocessing","utilization percentage","0"
"64.052","11436","pid_11436_luid_0x00000000_0x0000e366_phys_0_eng_4_engtype_videodecode","utilization percentage","0"
"64.052","11436","pid_11436_luid_0x00000000_0x0000e366_phys_0_eng_5_engtype_","utilization percentage","0"
"64.052","11436","pid_11436_luid_0x00000000_0x0000e366_phys_0_eng_6_engtype_","utilization percentage","0"
"64.052","11436","pid_11436_luid_0x00000000_0x0000e366_phys_0_eng_7_engtype_","utilization percentage","0"
"64.052","11436","pid_11436_luid_0x00000000_0x0000e366_phys_0_eng_8_engtype_","utilization percentage","0"
"64.052","11436","pid_11436_luid_0x00000000_0x0000e366_phys_0_eng_9_engtype_","utilization percentage","0"
"64.052","11436","pid_11436_luid_0x00000000_0x0000e366_phys_0","dedicated usage","0"
"64.052","11436","pid_11436_luid_0x00000000_0x0000e366_phys_0","shared usage","81387520"
"64.062","9996","pid_9996_luid_0x00000000_0x0000e366_phys_0_eng_0_engtype_3d","utilization percentage","27.4987011395834"
"64.062","9996","pid_9996_luid_0x00000000_0x0000e366_phys_0_eng_10_engtype_legacyoverlay","utilization percentage","0"
"64.062","9996","pid_9996_luid_0x00000000_0x0000e366_phys_0_eng_11_engtype_","utilization percentage","0"
"64.062","9996","pid_9996_luid_0x00000000_0x0000e366_phys_0_eng_12_engtype_","utilization percentage","0"
"64.062","9996","pid_9996_luid_0x00000000_0x0000e366_phys_0_eng_1_engtype_videodecode","utilization percentage","5.03088037717691"
"64.062","9996","pid_9996_luid_0x00000000_0x0000e366_phys_0_eng_2_engtype_copy","utilization percentage","0"
"64.062","9996","pid_9996_luid_0x00000000_0x0000e366_phys_0_eng_3_engtype_videoprocessing","utilization percentage","0"
"64.062","9996","pid_9996_luid_0x00000000_0x0000e366_phys_0_eng_4_engtype_videodecode","utilization percentage","0"
"64.062","9996","pid_9996_luid_0x00000000_0x0000e366_phys_0_eng_5_engtype_","utilization percentage","0"
"64.062","9996","pid_9996_luid_0x00000000_0x0000e366_phys_0_eng_6_engtype_","utilization percentage","0"
"64.062","9996","pid_9996_luid_0x00000000_0x0000e366_phys_0_eng_7_engtype_","utilization percentage","0"
"64.062","9996","pid_9996_luid_0x00000000_0x0000e366_phys_0_eng_8_engtype_","utilization percentage","0"
"64.062","9996","pid_9996_luid_0x00000000_0x0000e366_phys_0_eng_9_engtype_","utilization percentage","0"
"64.062","9996","pid_9996_luid_0x00000000_0x0000e366_phys_0","dedicated usage","0"
"64.062","9996","pid_9996_luid_0x00000000_0x0000e366_phys_0","shared usage","307908608"
"64.088","13672","pid_13672_luid_0x00000000_0x0000e366_phys_0_eng_0_engtype_3d","utilization percentage","28.3956747363582"
"64.088","13672","pid_13672_luid_0x00000000_0x0000e366_phys_0_eng_10_engtype_legacyoverlay","utilization percentage","0"
"64.088","13672","pid_13672_luid_0x00000000_0x0000e366_phys_0_eng_11_engtype_","utilization percentage","0"
"64.088","13672","pid_13672_luid_0x00000000_0x0000e366_phys_0_eng_12_engtype_","utilization percentage","0"
"64.088","13672","pid_13672_luid_0x00000000_0x0000e366_phys_0_eng_1_engtype_videodecode","utilization percentage","0"
"64.088","13672","pid_13672_luid_0x00000000_0x0000e366_phys_0_eng_2_engtype_copy","utilization percentage","0"
"64.088","13672","pid_13672_luid_0x00000000_0x0000e366_phys_0_eng_3_engtype_videoprocessing","utilization percentage","0"
"64.088","13672","pid_13672_luid_0x00000000_0x0000e366_phys_0_eng_4_engtype_videodecode","utilization percentage","5.9958763812229"
"64.088","13672","pid_13672_luid_0x00000000_0x0000e366_phys_0_eng_5_engtype_","utilization percentage","0"
"64.088","13672","pid_13672_luid_0x00000000_0x0000e366_phys_0_eng_6_engtype_","utilization percentage","0"
"64.088","13672","pid_13672_luid_0x00000000_0x0000e366_phys_0_eng_7_engtype_","utilization percentage","0"
"64.088","13672","pid_13672_luid_0x00000000_0x0000e366_phys_0_eng_8_engtype_","utilization percentage","0"
"64.088","13672","pid_13672_luid_0x00000000_0x0000e366_phys_0_eng_9_engtype_","utilization percentage","0"
"64.088","13672","pid_13672_luid_0x00000000_0x0000e366_phys_0","dedicated usage","0"
"64.088","13672","pid_13672_luid_0x00000000_0x0000e366_phys_0","shared usage","305123328"
"65.125","11436","pid_11436_luid_0x00000000_0x0000e366_phys_0_eng_0_engtype_3d","utilization percentage","4.14989888545701"
"65.125","11436","pid_11436_luid_0x00000000_0x0000e366_phys_0_eng_10_engtype_legacyoverlay","utilization percentage","0"
"65.125","11436","pid_11436_luid_0x00000000_0x0000e366_phys_0_eng_11_engtype_","utilization percentage","0"
"65.125","11436","pid_11436_luid_0x00000000_0x0000e366_phys_0_eng_12_engtype_","utilization percentage","0"
"65.125","11436","pid_11436_luid_0x00000000_0x0000e366_phys_0_eng_1_engtype_videodecode","utilization percentage","1.64664534728666"
"65.125","11436","pid_11436_luid_0x00000000_0x0000e366_phys_0_eng_2_engtype_copy","utilization percentage","0"
"65.125","11436","pid_11436_luid_0x00000000_0x0000e366_phys_0_eng_3_engtype_videoprocessing","utilization percentage","0"
"65.125","11436","pid_11436_luid_0x00000000_0x0000e366_phys_0_eng_4_engtype_videodecode","utilization percentage","0"
"65.125","11436","pid_11436_luid_0x00000000_0x0000e366_phys_0_eng_5_engtype_","utilization percentage","0"
"65.125","11436","pid_11436_luid_0x00000000_0x0000e366_phys_0_eng_6_engtype_","utilization percentage","0"
"65.125","11436","pid_11436_luid_0x00000000_0x0000e366_phys_0_eng_7_engtype_","utilization percentage","0"
"65.125","11436","pid_11436_luid_0x00000000_0x0000e366_phys_0_eng_8_engtype_","utilization percentage","0"
"65.125","11436","pid_11436_luid_0x00000000_0x0000e366_phys_0_eng_9_engtype_","utilization percentage","0"
"65.125","11436","pid_11436_luid_0x00000000_0x0000e366_phys_0","dedicated usage","0"
"65.125","11436","pid_11436_luid_0x00000000_0x0000e366_phys_0","shared usage","81387520"
"65.136","9996","pid_9996_luid_0x00000000_0x0000e366_phys_0_eng_0_engtype_3d","utilization percentage","27.3822953476501"
"65.136","9996","pid_9996_luid_0x00000000_0x0000e366_phys_0_eng_10_engtype_legacyoverlay","utilization percentage","0"
"65.136","9996","pid_9996_luid_0x00000000_0x0000e366_phys_0_eng_11_engtype_","utilization percentage","0"
"65.136","9996","pid_9996_luid_0x00000000_0x0000e366_phys_0_eng_12_engtype_","utilization percentage","0"
"65.136","9996","pid_9996_luid_0x00000000_0x0000e366_phys_0_eng_1_engtype_videodecode","utilization percentage","5.0974365492498"
"65.136","9996","pid_9996_luid_0x00000000_0x0000e366_phys_0_eng_2_engtype_copy","utilization percentage","0"
"65.136","9996","pid_9996_luid_0x00000000_0x0000e366_phys_0_eng_3_engtype_videoprocessing","utilization percentage","0"
"65.136","9996","pid_9996_luid_0x00000000_0x0000e366_phys_0_eng_4_engtype_videodecode","utilization percentage","0"
"65.136","9996","pid_9996_luid_0x00000000_0x0000e366_phys_0_eng_5_engtype_","utilization percentage","0"
"65.136","9996","pid_9996_luid_0x00000000_0x0000e366_phys_0_eng_6_engtype_","utilization percentage","0"
"65.136","9996","pid_9996_luid_0x00000000_0x0000e366_phys_0_eng_7_engtype_","utilization percentage","0"
"65.136","9996","pid_9996_luid_0x00000000_0x0000e366_phys_0_eng_8_engtype_","utilization percentage","0"
"65.136","9996","pid_9996_luid_0x00000000_0x0000e366_phys_0_eng_9_engtype_","utilization percentage","0"
"65.136","9996","pid_9996_luid_0x00000000_0x0000e366_phys_0","dedicated usage","0"
"65.136","9996","pid_9996_luid_0x00000000_0x0000e366_phys_0","shared usage","307908608"
"65.162","13672","pid_13672_luid_0x00000000_0x0000e366_phys_0_eng_0_engtype_3d","utilization percentage","28.5244396021617"
"65.162","13672","pid_13672_luid_0x00000000_0x0000e366_phys_0_eng_10_engtype_legacyoverlay","utilization percentage","0"
"65.162","13672","pid_13672_luid_0x00000000_0x0000e366_phys_0_eng_11_engtype_","utilization percentage","0"
"65.162","13672","pid_13672_luid_0x00000000_0x0000e366_phys_0_eng_12_engtype_","utilization percentage","0"
"65.162","13672","pid_13672_luid_0x00000000_0x0000e366_phys_0_eng_1_engtype_videodecode","utilization percentage","0"
"65.162","13672","pid_13672_luid_0x00000000_0x0000e366_phys_0_eng_2_engtype_copy","utilization percentage","0"
"65.162","13672","pid_13672_luid_0x00000000_0x0000e366_phys_0_eng_3_engtype_videoprocessing","utilization percentage","0"
"65.162","13672","pid_13672_luid_0x00000000_0x0000e366_phys_0_eng_4_engtype_videodecode","utilization percentage","6.48178605687201"
"65.162","13672","pid_13672_luid_0x00000000_0x0000e366_phys_0_eng_5_engtype_","utilization percentage","0"
"65.162","13672","pid_13672_luid_0x00000000_0x0000e366_phys_0_eng_6_engtype_","utilization percentage","0"
"65.162","13672","pid_13672_luid_0x00000000_0x0000e366_phys_0_eng_7_engtype_","utilization percentage","0"
"65.162","13672","pid_13672_luid_0x00000000_0x0000e366_phys_0_eng_8_engtype_","utilization percentage","0"
"65.162","13672","pid_13672_luid_0x00000000_0x0000e366_phys_0_eng_9_engtype_","utilization percentage","0"
"65.162","13672","pid_13672_luid_0x00000000_0x0000e366_phys_0","dedicated usage","0"
"65.162","13672","pid_13672_luid_0x00000000_0x0000e366_phys_0","shared usage","305123328"
